PS C:\Users\hrushi> ssh terraform-master.us-central1-c.kube-edge-412213
The authenticity of host 'compute.368610309983671193 (34.122.193.60)' can't be established.
ED25519 key fingerprint is SHA256:DVO11NClqWc+wLNGSRQatO2Fc2U4SabHYATrhUtsFPY.
This key is not known by any other names
Are you sure you want to continue connecting (yes/no/[fingerprint])? yes
Warning: Permanently added 'compute.368610309983671193' (ED25519) to the list of known hosts.
Welcome to Ubuntu 22.04.3 LTS (GNU/Linux 6.2.0-1019-gcp x86_64)

 * Documentation:  https://help.ubuntu.com
 * Management:     https://landscape.canonical.com
 * Support:        https://ubuntu.com/pro

  System information as of Thu Jan 25 09:45:16 UTC 2024

  System load:  1.0595703125      Processes:             128
  Usage of /:   20.5% of 9.51GB   Users logged in:       0
  Memory usage: 7%                IPv4 address for ens4: 10.128.0.3
  Swap usage:   0%

Expanded Security Maintenance for Applications is not enabled.

0 updates can be applied immediately.

Enable ESM Apps to receive additional future security updates.
See https://ubuntu.com/esm or run: sudo pro status



The programs included with the Ubuntu system are free software;
the exact distribution terms for each program are described in the
individual files in /usr/share/doc/*/copyright.

Ubuntu comes with ABSOLUTELY NO WARRANTY, to the extent permitted by
applicable law.

hrushi@terraform-master:~$ tail -f /master.log
Unpacking ebtables (2.0.11-4build2) ...
Selecting previously unselected package kubernetes-cni.
Preparing to unpack .../3-kubernetes-cni_1.2.0-00_amd64.deb ...
Unpacking kubernetes-cni (1.2.0-00) ...
Selecting previously unselected package socat.
Preparing to unpack .../4-socat_1.7.4.1-3ubuntu4_amd64.deb ...
Unpacking socat (1.7.4.1-3ubuntu4) ...
Selecting previously unselected package kubelet.
Preparing to unpack .../5-kubelet_1.27.1-00_amd64.deb ...
Unpacking kubelet (1.27.1-00) ...
Selecting previously unselected package kubectl.
Preparing to unpack .../6-kubectl_1.27.1-00_amd64.deb ...
Unpacking kubectl (1.27.1-00) ...
Selecting previously unselected package kubeadm.
Preparing to unpack .../7-kubeadm_1.27.1-00_amd64.deb ...
Unpacking kubeadm (1.27.1-00) ...
Setting up conntrack (1:1.4.6-2build2) ...
Setting up kubectl (1.27.1-00) ...
Setting up ebtables (2.0.11-4build2) ...
Setting up socat (1.7.4.1-3ubuntu4) ...
Setting up cri-tools (1.26.0-00) ...
Setting up kubernetes-cni (1.2.0-00) ...
Setting up kubelet (1.27.1-00) ...
Created symlink /etc/systemd/system/multi-user.target.wants/kubelet.service → /lib/systemd/system/kubelet.service.
Setting up kubeadm (1.27.1-00) ...
Processing triggers for man-db (2.10.2-1) ...

Running kernel seems to be up-to-date.

No services need to be restarted.

No containers need to be restarted.

No user sessions are running outdated binaries.

No VM guests are running outdated hypervisor (qemu) binaries on this host.
+ sudo apt-get update -y
Hit:1 http://us-central1.gce.archive.ubuntu.com/ubuntu jammy InRelease
Hit:2 http://us-central1.gce.archive.ubuntu.com/ubuntu jammy-updates InRelease
Hit:3 http://us-central1.gce.archive.ubuntu.com/ubuntu jammy-backports InRelease
Get:4 https://packages.cloud.google.com/apt kubernetes-xenial InRelease [8993 B]
Hit:5 http://security.ubuntu.com/ubuntu jammy-security InRelease
Get:6 http://download.opensuse.org/repositories/devel:/kubic:/libcontainers:/stable:/cri-o:/1.27/xUbuntu_22.04  InRelease [1632 B]
Get:7 https://download.opensuse.org/repositories/devel:/kubic:/libcontainers:/stable/xUbuntu_22.04  InRelease [1639 B]
Fetched 12.3 kB in 1s (13.3 kB/s)
Reading package lists...
+ sudo apt-get install -y jq
Reading package lists...
Building dependency tree...
Reading state information...
jq is already the newest version (1.6-2.1ubuntu3).
0 upgraded, 0 newly installed, 0 to remove and 15 not upgraded.
++ ip --json a s
++ head -n 1
++ jq -r '.[] | if .ifname != "lo" then .addr_info[] | if .family == "inet" then .local else empty end else empty end'
+ local_ip=10.128.0.3
+ cat
+ wget https://github.com/containernetworking/plugins/releases/download/v1.3.0/cni-plugins-linux-amd64-v1.3.0.tgz
--2024-01-25 09:46:27--  https://github.com/containernetworking/plugins/releases/download/v1.3.0/cni-plugins-linux-amd64-v1.3.0.tgz
Resolving github.com (github.com)... 140.82.112.4
Connecting to github.com (github.com)|140.82.112.4|:443... connected.
HTTP request sent, awaiting response... 302 Found
Location: https://objects.githubusercontent.com/github-production-release-asset-2e65be/84575398/d1ad8456-0aa1-4bb9-84e3-4e03286b4e9f?X-Amz-Algorithm=AWS4-HMAC-SHA256&X-Amz-Credential=AKIAVCODYLSA53PQK4ZA%2F20240125%2Fus-east-1%2Fs3%2Faws4_request&X-Amz-Date=20240125T094627Z&X-Amz-Expires=300&X-Amz-Signature=096d33dba8724a9730cf0f92a4c5831c507ceb5ee5ed3cd11c4ae2cdbd3dea3f&X-Amz-SignedHeaders=host&actor_id=0&key_id=0&repo_id=84575398&response-content-disposition=attachment%3B%20filename%3Dcni-plugins-linux-amd64-v1.3.0.tgz&response-content-type=application%2Foctet-stream [following]
--2024-01-25 09:46:27--  https://objects.githubusercontent.com/github-production-release-asset-2e65be/84575398/d1ad8456-0aa1-4bb9-84e3-4e03286b4e9f?X-Amz-Algorithm=AWS4-HMAC-SHA256&X-Amz-Credential=AKIAVCODYLSA53PQK4ZA%2F20240125%2Fus-east-1%2Fs3%2Faws4_request&X-Amz-Date=20240125T094627Z&X-Amz-Expires=300&X-Amz-Signature=096d33dba8724a9730cf0f92a4c5831c507ceb5ee5ed3cd11c4ae2cdbd3dea3f&X-Amz-SignedHeaders=host&actor_id=0&key_id=0&repo_id=84575398&response-content-disposition=attachment%3B%20filename%3Dcni-plugins-linux-amd64-v1.3.0.tgz&response-content-type=application%2Foctet-stream
Resolving objects.githubusercontent.com (objects.githubusercontent.com)... 185.199.111.133, 185.199.108.133, 185.199.109.133, ...
Connecting to objects.githubusercontent.com (objects.githubusercontent.com)|185.199.111.133|:443... connected.
HTTP request sent, awaiting response... 200 OK
Length: 45338194 (43M) [application/octet-stream]
Saving to: ‘cni-plugins-linux-amd64-v1.3.0.tgz’

     0K .......... .......... .......... .......... ..........  0% 4.22M 10s
    50K .......... .......... .......... .......... ..........  0% 5.31M 9s
   100K .......... .......... .......... .......... ..........  0% 28.3M 7s
   150K .......... .......... .......... .......... ..........  0% 26.7M 5s
   200K .......... .......... .......... .......... ..........  0% 7.37M 5s
   250K .......... .......... .......... .......... ..........  0% 35.9M 5s
   300K .......... .......... .......... .......... ..........  0% 42.8M 4s
   350K .......... .......... .......... .......... ..........  0% 30.5M 4s
   400K .......... .......... .......... .......... ..........  1% 7.76M 4s
   450K .......... .......... .......... .......... ..........  1%  105M 4s
   500K .......... .......... .......... .......... ..........  1%  108M 3s
   550K .......... .......... .......... .......... ..........  1%  104M 3s
   600K .......... .......... .......... .......... ..........  1% 27.0M 3s
   650K .......... .......... .......... .......... ..........  1% 34.5M 3s
   700K .......... .......... .......... .......... ..........  1% 98.3M 3s
   750K .......... .......... .......... .......... ..........  1% 38.3M 3s
   800K .......... .......... .......... .......... ..........  1% 82.9M 2s
   850K .......... .......... .......... .......... ..........  2%  116M 2s
   900K .......... .......... .......... .......... ..........  2% 17.9M 2s
   950K .......... .......... .......... .......... ..........  2%  105M 2s
  1000K .......... .......... .......... .......... ..........  2% 93.2M 2s
  1050K .......... .......... .......... .......... ..........  2%  113M 2s
  1100K .......... .......... .......... .......... ..........  2%  105M 2s
  1150K .......... .......... .......... .......... ..........  2%  117M 2s
  1200K .......... .......... .......... .......... ..........  2%  104M 2s
  1250K .......... .......... .......... .......... ..........  2%  119M 2s
  1300K .......... .......... .......... .......... ..........  3%  119M 2s
  1350K .......... .......... .......... .......... ..........  3%  118M 2s
  1400K .......... .......... .......... .......... ..........  3% 96.4M 2s
  1450K .......... .......... .......... .......... ..........  3%  117M 2s
  1500K .......... .......... .......... .......... ..........  3%  117M 2s
  1550K .......... .......... .......... .......... ..........  3%  114M 2s
  1600K .......... .......... .......... .......... ..........  3%  109M 1s
  1650K .......... .......... .......... .......... ..........  3%  114M 1s
  1700K .......... .......... .......... .......... ..........  3%  123M 1s
  1750K .......... .......... .......... .......... ..........  4%  115M 1s
  1800K .......... .......... .......... .......... ..........  4% 17.7M 1s
  1850K .......... .......... .......... .......... ..........  4%  191M 1s
  1900K .......... .......... .......... .......... ..........  4%  166M 1s
  1950K .......... .......... .......... .......... ..........  4%  120M 1s
  2000K .......... .......... .......... .......... ..........  4%  163M 1s
  2050K .......... .......... .......... .......... ..........  4%  173M 1s
  2100K .......... .......... .......... .......... ..........  4%  199M 1s
  2150K .......... .......... .......... .......... ..........  4%  160M 1s
  2200K .......... .......... .......... .......... ..........  5%  127M 1s
  2250K .......... .......... .......... .......... ..........  5%  170M 1s
  2300K .......... .......... .......... .......... ..........  5%  163M 1s
  2350K .......... .......... .......... .......... ..........  5%  153M 1s
  2400K .......... .......... .......... .......... ..........  5% 66.7M 1s
  2450K .......... .......... .......... .......... ..........  5% 94.6M 1s
  2500K .......... .......... .......... .......... ..........  5% 68.3M 1s
  2550K .......... .......... .......... .......... ..........  5% 69.9M 1s
  2600K .......... .......... .......... .......... ..........  5% 86.7M 1s
  2650K .......... .......... .......... .......... ..........  6%  119M 1s
  2700K .......... .......... .......... .......... ..........  6%  112M 1s
  2750K .......... .......... .......... .......... ..........  6% 88.9M 1s
  2800K .......... .......... .......... .......... ..........  6% 99.9M 1s
  2850K .......... .......... .......... .......... ..........  6%  117M 1s
  2900K .......... .......... .......... .......... ..........  6% 93.4M 1s
  2950K .......... .......... .......... .......... ..........  6%  116M 1s
  3000K .......... .......... .......... .......... ..........  6% 63.3M 1s
  3050K .......... .......... .......... .......... ..........  7% 74.4M 1s
  3100K .......... .......... .......... .......... ..........  7% 94.9M 1s
  3150K .......... .......... .......... .......... ..........  7% 57.7M 1s
  3200K .......... .......... .......... .......... ..........  7% 72.7M 1s
  3250K .......... .......... .......... .......... ..........  7% 62.9M 1s
  3300K .......... .......... .......... .......... ..........  7% 89.7M 1s
  3350K .......... .......... .......... .......... ..........  7% 80.7M 1s
  3400K .......... .......... .......... .......... ..........  7%  109M 1s
  3450K .......... .......... .......... .......... ..........  7% 78.0M 1s
  3500K .......... .......... .......... .......... ..........  8%  104M 1s
  3550K .......... .......... .......... .......... ..........  8%  118M 1s
  3600K .......... .......... .......... .......... ..........  8%  120M 1s
  3650K .......... .......... .......... .......... ..........  8% 91.7M 1s
  3700K .......... .......... .......... .......... ..........  8% 99.6M 1s
  3750K .......... .......... .......... .......... ..........  8% 88.4M 1s
  3800K .......... .......... .......... .......... ..........  8%  109M 1s
  3850K .......... .......... .......... .......... ..........  8%  118M 1s
  3900K .......... .......... .......... .......... ..........  8% 65.0M 1s
  3950K .......... .......... .......... .......... ..........  9% 82.3M 1s
  4000K .......... .......... .......... .......... ..........  9% 87.7M 1s
  4050K .......... .......... .......... .......... ..........  9% 90.6M 1s
  4100K .......... .......... .......... .......... ..........  9% 89.9M 1s
  4150K .......... .......... .......... .......... ..........  9% 67.5M 1s
  4200K .......... .......... .......... .......... ..........  9% 93.0M 1s
  4250K .......... .......... .......... .......... ..........  9% 85.7M 1s
  4300K .......... .......... .......... .......... ..........  9%  100M 1s
  4350K .......... .......... .......... .......... ..........  9%  112M 1s
  4400K .......... .......... .......... .......... .......... 10% 86.1M 1s
  4450K .......... .......... .......... .......... .......... 10%  105M 1s
  4500K .......... .......... .......... .......... .......... 10%  108M 1s
  4550K .......... .......... .......... .......... .......... 10% 91.4M 1s
  4600K .......... .......... .......... .......... .......... 10%  118M 1s
  4650K .......... .......... .......... .......... .......... 10%  103M 1s
  4700K .......... .......... .......... .......... .......... 10% 88.5M 1s
  4750K .......... .......... .......... .......... .......... 10%  119M 1s
  4800K .......... .......... .......... .......... .......... 10%  117M 1s
  4850K .......... .......... .......... .......... .......... 11% 54.5M 1s
  4900K .......... .......... .......... .......... .......... 11% 97.4M 1s
  4950K .......... .......... .......... .......... .......... 11% 80.1M 1s
  5000K .......... .......... .......... .......... .......... 11% 98.3M 1s
  5050K .......... .......... .......... .......... .......... 11% 75.3M 1s
  5100K .......... .......... .......... .......... .......... 11%  101M 1s
  5150K .......... .......... .......... .......... .......... 11% 86.0M 1s
  5200K .......... .......... .......... .......... .......... 11% 77.0M 1s
  5250K .......... .......... .......... .......... .......... 11%  114M 1s
  5300K .......... .......... .......... .......... .......... 12% 89.6M 1s
  5350K .......... .......... .......... .......... .......... 12%  116M 1s
  5400K .......... .......... .......... .......... .......... 12%  101M 1s
  5450K .......... .......... .......... .......... .......... 12% 73.2M 1s
  5500K .......... .......... .......... .......... .......... 12%  116M 1s
  5550K .......... .......... .......... .......... .......... 12%  102M 1s
  5600K .......... .......... .......... .......... .......... 12%  104M 1s
  5650K .......... .......... .......... .......... .......... 12% 94.9M 1s
  5700K .......... .......... .......... .......... .......... 12%  117M 1s
  5750K .......... .......... .......... .......... .......... 13% 93.3M 1s
  5800K .......... .......... .......... .......... .......... 13% 94.9M 1s
  5850K .......... .......... .......... .......... .......... 13% 64.3M 1s
  5900K .......... .......... .......... .......... .......... 13% 72.1M 1s
  5950K .......... .......... .......... .......... .......... 13% 61.8M 1s
  6000K .......... .......... .......... .......... .......... 13%  108M 1s
  6050K .......... .......... .......... .......... .......... 13% 92.7M 1s
  6100K .......... .......... .......... .......... .......... 13% 73.4M 1s
  6150K .......... .......... .......... .......... .......... 14%  112M 1s
  6200K .......... .......... .......... .......... .......... 14% 94.9M 1s
  6250K .......... .......... .......... .......... .......... 14% 88.8M 1s
  6300K .......... .......... .......... .......... .......... 14% 97.5M 1s
  6350K .......... .......... .......... .......... .......... 14% 90.6M 1s
  6400K .......... .......... .......... .......... .......... 14% 88.0M 1s
  6450K .......... .......... .......... .......... .......... 14%  115M 1s
  6500K .......... .......... .......... .......... .......... 14% 79.5M 1s
  6550K .......... .......... .......... .......... .......... 14%  113M 1s
  6600K .......... .......... .......... .......... .......... 15% 91.6M 1s
  6650K .......... .......... .......... .......... .......... 15%  111M 1s
  6700K .......... .......... .......... .......... .......... 15% 78.6M 1s
  6750K .......... .......... .......... .......... .......... 15% 70.1M 1s
  6800K .......... .......... .......... .......... .......... 15%  116M 1s
  6850K .......... .......... .......... .......... .......... 15% 80.8M 1s
  6900K .......... .......... .......... .......... .......... 15% 91.2M 1s
  6950K .......... .......... .......... .......... .......... 15%  120M 1s
  7000K .......... .......... .......... .......... .......... 15% 88.1M 1s
  7050K .......... .......... .......... .......... .......... 16%  116M 1s
  7100K .......... .......... .......... .......... .......... 16% 83.3M 1s
  7150K .......... .......... .......... .......... .......... 16% 81.6M 1s
  7200K .......... .......... .......... .......... .......... 16%  100M 1s
  7250K .......... .......... .......... .......... .......... 16%  120M 1s
  7300K .......... .......... .......... .......... .......... 16% 90.1M 1s
  7350K .......... .......... .......... .......... .......... 16% 79.4M 1s
  7400K .......... .......... .......... .......... .......... 16% 89.8M 1s
  7450K .......... .......... .......... .......... .......... 16%  121M 1s
  7500K .......... .......... .......... .......... .......... 17%  115M 1s
  7550K .......... .......... .......... .......... .......... 17% 77.8M 1s
  7600K .......... .......... .......... .......... .......... 17%  118M 1s
  7650K .......... .......... .......... .......... .......... 17%  123M 1s
  7700K .......... .......... .......... .......... .......... 17% 58.6M 1s
  7750K .......... .......... .......... .......... .......... 17%  118M 1s
  7800K .......... .......... .......... .......... .......... 17% 90.1M 1s
  7850K .......... .......... .......... .......... .......... 17% 76.0M 1s
  7900K .......... .......... .......... .......... .......... 17%  112M 1s
  7950K .......... .......... .......... .......... .......... 18% 79.9M 1s
  8000K .......... .......... .......... .......... .......... 18%  119M 1s
  8050K .......... .......... .......... .......... .......... 18%  114M 1s
  8100K .......... .......... .......... .......... .......... 18% 81.3M 1s
  8150K .......... .......... .......... .......... .......... 18% 99.6M 1s
  8200K .......... .......... .......... .......... .......... 18% 77.4M 1s
  8250K .......... .......... .......... .......... .......... 18%  116M 1s
  8300K .......... .......... .......... .......... .......... 18%  116M 1s
  8350K .......... .......... .......... .......... .......... 18% 63.5M 1s
  8400K .......... .......... .......... .......... .......... 19%  119M 1s
  8450K .......... .......... .......... .......... .......... 19%  117M 1s
  8500K .......... .......... .......... .......... .......... 19% 91.3M 1s
  8550K .......... .......... .......... .......... .......... 19%  103M 1s
  8600K .......... .......... .......... .......... .......... 19%  120M 1s
  8650K .......... .......... .......... .......... .......... 19% 89.6M 1s
  8700K .......... .......... .......... .......... .......... 19% 70.9M 1s
  8750K .......... .......... .......... .......... .......... 19% 92.6M 1s
  8800K .......... .......... .......... .......... .......... 19%  117M 1s
  8850K .......... .......... .......... .......... .......... 20% 65.4M 1s
  8900K .......... .......... .......... .......... .......... 20% 67.1M 1s
  8950K .......... .......... .......... .......... .......... 20% 97.9M 1s
  9000K .......... .......... .......... .......... .......... 20% 88.0M 1s
  9050K .......... .......... .......... .......... .......... 20% 85.8M 1s
  9100K .......... .......... .......... .......... .......... 20%  106M 1s
  9150K .......... .......... .......... .......... .......... 20% 71.0M 1s
  9200K .......... .......... .......... .......... .......... 20% 90.8M 1s
  9250K .......... .......... .......... .......... .......... 21% 92.5M 1s
  9300K .......... .......... .......... .......... .......... 21% 93.3M 1s
  9350K .......... .......... .......... .......... .......... 21%  111M 1s
  9400K .......... .......... .......... .......... .......... 21% 76.3M 1s
  9450K .......... .......... .......... .......... .......... 21%  113M 1s
  9500K .......... .......... .......... .......... .......... 21%  114M 1s
  9550K .......... .......... .......... .......... .......... 21% 86.8M 1s
  9600K .......... .......... .......... .......... .......... 21%  116M 1s
  9650K .......... .......... .......... .......... .......... 21% 56.8M 1s
  9700K .......... .......... .......... .......... .......... 22%  115M 1s
  9750K .......... .......... .......... .......... .......... 22%  101M 1s
  9800K .......... .......... .......... .......... .......... 22% 79.3M 1s
  9850K .......... .......... .......... .......... .......... 22%  112M 1s
  9900K .......... .......... .......... .......... .......... 22% 78.8M 1s
  9950K .......... .......... .......... .......... .......... 22%  115M 1s
 10000K .......... .......... .......... .......... .......... 22% 89.2M 1s
 10050K .......... .......... .......... .......... .......... 22% 89.8M 1s
 10100K .......... .......... .......... .......... .......... 22%  116M 0s
 10150K .......... .......... .......... .......... .......... 23% 74.7M 0s
 10200K .......... .......... .......... .......... .......... 23% 87.9M 0s
 10250K .......... .......... .......... .......... .......... 23%  112M 0s
 10300K .......... .......... .......... .......... .......... 23% 82.0M 0s
 10350K .......... .......... .......... .......... .......... 23%  114M 0s
 10400K .......... .......... .......... .......... .......... 23% 95.8M 0s
 10450K .......... .......... .......... .......... .......... 23% 93.8M 0s
 10500K .......... .......... .......... .......... .......... 23%  114M 0s
 10550K .......... .......... .......... .......... .......... 23%  119M 0s
 10600K .......... .......... .......... .......... .......... 24% 73.6M 0s
 10650K .......... .......... .......... .......... .......... 24% 76.1M 0s
 10700K .......... .......... .......... .......... .......... 24%  110M 0s
 10750K .......... .......... .......... .......... .......... 24% 73.6M 0s
 10800K .......... .......... .......... .......... .......... 24% 90.9M 0s
 10850K .......... .......... .......... .......... .......... 24% 83.8M 0s
 10900K .......... .......... .......... .......... .......... 24%  100M 0s
 10950K .......... .......... .......... .......... .......... 24% 91.5M 0s
 11000K .......... .......... .......... .......... .......... 24% 67.9M 0s
 11050K .......... .......... .......... .......... .......... 25%  112M 0s
 11100K .......... .......... .......... .......... .......... 25% 85.3M 0s
 11150K .......... .......... .......... .......... .......... 25% 82.8M 0s
 11200K .......... .......... .......... .......... .......... 25%  118M 0s
 11250K .......... .......... .......... .......... .......... 25% 73.8M 0s
 11300K .......... .......... .......... .......... .......... 25%  109M 0s
 11350K .......... .......... .......... .......... .......... 25%  106M 0s
 11400K .......... .......... .......... .......... .......... 25% 88.7M 0s
 11450K .......... .......... .......... .......... .......... 25%  116M 0s
 11500K .......... .......... .......... .......... .......... 26%  118M 0s
 11550K .......... .......... .......... .......... .......... 26% 48.6M 0s
 11600K .......... .......... .......... .......... .......... 26%  102M 0s
 11650K .......... .......... .......... .......... .......... 26% 76.5M 0s
 11700K .......... .......... .......... .......... .......... 26%  112M 0s
 11750K .......... .......... .......... .......... .......... 26%  105M 0s
 11800K .......... .......... .......... .......... .......... 26% 89.5M 0s
 11850K .......... .......... .......... .......... .......... 26%  122M 0s
 11900K .......... .......... .......... .......... .......... 26% 92.9M 0s
 11950K .......... .......... .......... .......... .......... 27% 69.6M 0s
 12000K .......... .......... .......... .......... .......... 27%  113M 0s
 12050K .......... .......... .......... .......... .......... 27% 84.8M 0s
 12100K .......... .......... .......... .......... .......... 27%  116M 0s
 12150K .......... .......... .......... .......... .......... 27%  108M 0s
 12200K .......... .......... .......... .......... .......... 27% 77.4M 0s
 12250K .......... .......... .......... .......... .......... 27%  122M 0s
 12300K .......... .......... .......... .......... .......... 27%  103M 0s
 12350K .......... .......... .......... .......... .......... 28% 92.8M 0s
 12400K .......... .......... .......... .......... .......... 28%  113M 0s
 12450K .......... .......... .......... .......... .......... 28%  114M 0s
 12500K .......... .......... .......... .......... .......... 28% 82.4M 0s
 12550K .......... .......... .......... .......... .......... 28% 76.4M 0s
 12600K .......... .......... .......... .......... .......... 28% 76.7M 0s
 12650K .......... .......... .......... .......... .......... 28% 91.2M 0s
 12700K .......... .......... .......... .......... .......... 28% 85.9M 0s
 12750K .......... .......... .......... .......... .......... 28% 89.0M 0s
 12800K .......... .......... .......... .......... .......... 29% 97.3M 0s
 12850K .......... .......... .......... .......... .......... 29% 85.2M 0s
 12900K .......... .......... .......... .......... .......... 29% 82.1M 0s
 12950K .......... .......... .......... .......... .......... 29%  103M 0s
 13000K .......... .......... .......... .......... .......... 29% 73.0M 0s
 13050K .......... .......... .......... .......... .......... 29% 97.5M 0s
 13100K .......... .......... .......... .......... .......... 29% 90.2M 0s
 13150K .......... .......... .......... .......... .......... 29%  117M 0s
 13200K .......... .......... .......... .......... .......... 29% 79.8M 0s
 13250K .......... .......... .......... .......... .......... 30% 92.7M 0s
 13300K .......... .......... .......... .......... .......... 30%  114M 0s
 13350K .......... .......... .......... .......... .......... 30%  103M 0s
 13400K .......... .......... .......... .......... .......... 30% 94.1M 0s
 13450K .......... .......... .......... .......... .......... 30%  106M 0s
 13500K .......... .......... .......... .......... .......... 30% 57.9M 0s
 13550K .......... .......... .......... .......... .......... 30%  105M 0s
 13600K .......... .......... .......... .......... .......... 30%  119M 0s
 13650K .......... .......... .......... .......... .......... 30% 77.8M 0s
 13700K .......... .......... .......... .......... .......... 31% 82.9M 0s
 13750K .......... .......... .......... .......... .......... 31%  113M 0s
 13800K .......... .......... .......... .......... .......... 31%  110M 0s
 13850K .......... .......... .......... .......... .......... 31% 55.1M 0s
 13900K .......... .......... .......... .......... .......... 31%  114M 0s
 13950K .......... .......... .......... .......... .......... 31% 79.3M 0s
 14000K .......... .......... .......... .......... .......... 31%  112M 0s
 14050K .......... .......... .......... .......... .......... 31%  113M 0s
 14100K .......... .......... .......... .......... .......... 31% 93.4M 0s
 14150K .......... .......... .......... .......... .......... 32% 74.2M 0s
 14200K .......... .......... .......... .......... .......... 32%  114M 0s
 14250K .......... .......... .......... .......... .......... 32% 89.5M 0s
 14300K .......... .......... .......... .......... .......... 32%  113M 0s
 14350K .......... .......... .......... .......... .......... 32% 96.8M 0s
 14400K .......... .......... .......... .......... .......... 32% 75.7M 0s
 14450K .......... .......... .......... .......... .......... 32% 92.3M 0s
 14500K .......... .......... .......... .......... .......... 32% 84.5M 0s
 14550K .......... .......... .......... .......... .......... 32%  114M 0s
 14600K .......... .......... .......... .......... .......... 33% 76.4M 0s
 14650K .......... .......... .......... .......... .......... 33% 82.4M 0s
 14700K .......... .......... .......... .......... .......... 33%  115M 0s
 14750K .......... .......... .......... .......... .......... 33%  120M 0s
 14800K .......... .......... .......... .......... .......... 33% 77.3M 0s
 14850K .......... .......... .......... .......... .......... 33% 88.0M 0s
 14900K .......... .......... .......... .......... .......... 33% 89.9M 0s
 14950K .......... .......... .......... .......... .......... 33%  118M 0s
 15000K .......... .......... .......... .......... .......... 33%  116M 0s
 15050K .......... .......... .......... .......... .......... 34% 76.2M 0s
 15100K .......... .......... .......... .......... .......... 34%  113M 0s
 15150K .......... .......... .......... .......... .......... 34% 79.8M 0s
 15200K .......... .......... .......... .......... .......... 34% 84.7M 0s
 15250K .......... .......... .......... .......... .......... 34%  121M 0s
 15300K .......... .......... .......... .......... .......... 34%  117M 0s
 15350K .......... .......... .......... .......... .......... 34% 79.0M 0s
 15400K .......... .......... .......... .......... .......... 34% 90.5M 0s
 15450K .......... .......... .......... .......... .......... 35% 76.6M 0s
 15500K .......... .......... .......... .......... .......... 35%  111M 0s
 15550K .......... .......... .......... .......... .......... 35%  103M 0s
 15600K .......... .......... .......... .......... .......... 35% 77.3M 0s
 15650K .......... .......... .......... .......... .......... 35%  113M 0s
 15700K .......... .......... .......... .......... .......... 35% 85.5M 0s
 15750K .......... .......... .......... .......... .......... 35%  120M 0s
 15800K .......... .......... .......... .......... .......... 35% 80.3M 0s
 15850K .......... .......... .......... .......... .......... 35% 77.4M 0s
 15900K .......... .......... .......... .......... .......... 36%  107M 0s
 15950K .......... .......... .......... .......... .......... 36%  111M 0s
 16000K .......... .......... .......... .......... .......... 36% 97.4M 0s
 16050K .......... .......... .......... .......... .......... 36%  119M 0s
 16100K .......... .......... .......... .......... .......... 36%  104M 0s
 16150K .......... .......... .......... .......... .......... 36% 66.0M 0s
 16200K .......... .......... .......... .......... .......... 36%  114M 0s
 16250K .......... .......... .......... .......... .......... 36% 94.4M 0s
 16300K .......... .......... .......... .......... .......... 36%  103M 0s
 16350K .......... .......... .......... .......... .......... 37%  114M 0s
 16400K .......... .......... .......... .......... .......... 37% 72.4M 0s
 16450K .......... .......... .......... .......... .......... 37%  112M 0s
 16500K .......... .......... .......... .......... .......... 37% 99.1M 0s
 16550K .......... .......... .......... .......... .......... 37% 80.1M 0s
 16600K .......... .......... .......... .......... .......... 37%  115M 0s
 16650K .......... .......... .......... .......... .......... 37%  115M 0s
 16700K .......... .......... .......... .......... .......... 37% 89.0M 0s
 16750K .......... .......... .......... .......... .......... 37%  114M 0s
 16800K .......... .......... .......... .......... .......... 38% 65.2M 0s
 16850K .......... .......... .......... .......... .......... 38%  112M 0s
 16900K .......... .......... .......... .......... .......... 38%  117M 0s
 16950K .......... .......... .......... .......... .......... 38% 88.2M 0s
 17000K .......... .......... .......... .......... .......... 38%  114M 0s
 17050K .......... .......... .......... .......... .......... 38% 90.4M 0s
 17100K .......... .......... .......... .......... .......... 38% 76.4M 0s
 17150K .......... .......... .......... .......... .......... 38% 78.9M 0s
 17200K .......... .......... .......... .......... .......... 38% 74.0M 0s
 17250K .......... .......... .......... .......... .......... 39%  114M 0s
 17300K .......... .......... .......... .......... .......... 39% 96.2M 0s
 17350K .......... .......... .......... .......... .......... 39% 56.2M 0s
 17400K .......... .......... .......... .......... .......... 39%  110M 0s
 17450K .......... .......... .......... .......... .......... 39%  111M 0s
 17500K .......... .......... .......... .......... .......... 39%  115M 0s
 17550K .......... .......... .......... .......... .......... 39% 85.6M 0s
 17600K .......... .......... .......... .......... .......... 39%  113M 0s
 17650K .......... .......... .......... .......... .......... 39%  114M 0s
 17700K .......... .......... .......... .......... .......... 40%  114M 0s
 17750K .......... .......... .......... .......... .......... 40%  121M 0s
 17800K .......... .......... .......... .......... .......... 40% 95.5M 0s
 17850K .......... .......... .......... .......... .......... 40% 92.9M 0s
 17900K .......... .......... .......... .......... .......... 40%  106M 0s
 17950K .......... .......... .......... .......... .......... 40%  117M 0s
 18000K .......... .......... .......... .......... .......... 40%  104M 0s
 18050K .......... .......... .......... .......... .......... 40% 99.1M 0s
 18100K .......... .......... .......... .......... .......... 40%  114M 0s
 18150K .......... .......... .......... .......... .......... 41%  112M 0s
 18200K .......... .......... .......... .......... .......... 41% 95.7M 0s
 18250K .......... .......... .......... .......... .......... 41%  121M 0s
 18300K .......... .......... .......... .......... .......... 41% 99.5M 0s
 18350K .......... .......... .......... .......... .......... 41%  115M 0s
 18400K .......... .......... .......... .......... .......... 41%  119M 0s
 18450K .......... .......... .......... .......... .......... 41%  112M 0s
 18500K .......... .......... .......... .......... .......... 41%  120M 0s
 18550K .......... .......... .......... .......... .......... 42% 96.2M 0s
 18600K .......... .......... .......... .......... .......... 42%  116M 0s
 18650K .......... .......... .......... .......... .......... 42%  111M 0s
 18700K .......... .......... .......... .......... .......... 42% 92.5M 0s
 18750K .......... .......... .......... .......... .......... 42%  101M 0s
 18800K .......... .......... .......... .......... .......... 42%  122M 0s
 18850K .......... .......... .......... .......... .......... 42%  123M 0s
 18900K .......... .......... .......... .......... .......... 42%  120M 0s
 18950K .......... .......... .......... .......... .......... 42% 88.4M 0s
 19000K .......... .......... .......... .......... .......... 43% 82.2M 0s
 19050K .......... .......... .......... .......... .......... 43%  107M 0s
 19100K .......... .......... .......... .......... .......... 43%  101M 0s
 19150K .......... .......... .......... .......... .......... 43% 89.6M 0s
 19200K .......... .......... .......... .......... .......... 43% 98.6M 0s
 19250K .......... .......... .......... .......... .......... 43%  108M 0s
 19300K .......... .......... .......... .......... .......... 43%  106M 0s
 19350K .......... .......... .......... .......... .......... 43%  118M 0s
 19400K .......... .......... .......... .......... .......... 43%  119M 0s
 19450K .......... .......... .......... .......... .......... 44%  101M 0s
 19500K .......... .......... .......... .......... .......... 44%  117M 0s
 19550K .......... .......... .......... .......... .......... 44%  109M 0s
 19600K .......... .......... .......... .......... .......... 44%  114M 0s
 19650K .......... .......... .......... .......... .......... 44%  117M 0s
 19700K .......... .......... .......... .......... .......... 44% 96.2M 0s
 19750K .......... .......... .......... .......... .......... 44%  120M 0s
 19800K .......... .......... .......... .......... .......... 44%  113M 0s
 19850K .......... .......... .......... .......... .......... 44%  118M 0s
 19900K .......... .......... .......... .......... .......... 45%  114M 0s
 19950K .......... .......... .......... .......... .......... 45% 96.3M 0s
 20000K .......... .......... .......... .......... .......... 45%  111M 0s
 20050K .......... .......... .......... .......... .......... 45%  111M 0s
 20100K .......... .......... .......... .......... .......... 45%  118M 0s
 20150K .......... .......... .......... .......... .......... 45%  101M 0s
 20200K .......... .......... .......... .......... .......... 45%  119M 0s
 20250K .......... .......... .......... .......... .......... 45%  116M 0s
 20300K .......... .......... .......... .......... .......... 45%  119M 0s
 20350K .......... .......... .......... .......... .......... 46% 95.9M 0s
 20400K .......... .......... .......... .......... .......... 46%  107M 0s
 20450K .......... .......... .......... .......... .......... 46%  112M 0s
 20500K .......... .......... .......... .......... .......... 46%  120M 0s
 20550K .......... .......... .......... .......... .......... 46%  109M 0s
 20600K .......... .......... .......... .......... .......... 46%  123M 0s
 20650K .......... .......... .......... .......... .......... 46%  106M 0s
 20700K .......... .......... .......... .......... .......... 46%  117M 0s
 20750K .......... .......... .......... .......... .......... 46%  112M 0s
 20800K .......... .......... .......... .......... .......... 47%  117M 0s
 20850K .......... .......... .......... .......... .......... 47%  104M 0s
 20900K .......... .......... .......... .......... .......... 47%  104M 0s
 20950K .......... .......... .......... .......... .......... 47%  115M 0s
 21000K .......... .......... .......... .......... .......... 47%  120M 0s
 21050K .......... .......... .......... .......... .......... 47% 76.8M 0s
 21100K .......... .......... .......... .......... .......... 47% 99.8M 0s
 21150K .......... .......... .......... .......... .......... 47% 98.4M 0s
 21200K .......... .......... .......... .......... .......... 47%  106M 0s
 21250K .......... .......... .......... .......... .......... 48%  111M 0s
 21300K .......... .......... .......... .......... .......... 48% 77.8M 0s
 21350K .......... .......... .......... .......... .......... 48% 96.2M 0s
 21400K .......... .......... .......... .......... .......... 48%  119M 0s
 21450K .......... .......... .......... .......... .......... 48%  106M 0s
 21500K .......... .......... .......... .......... .......... 48%  105M 0s
 21550K .......... .......... .......... .......... .......... 48%  110M 0s
 21600K .......... .......... .......... .......... .......... 48%  101M 0s
 21650K .......... .......... .......... .......... .......... 49%  119M 0s
 21700K .......... .......... .......... .......... .......... 49%  117M 0s
 21750K .......... .......... .......... .......... .......... 49%  111M 0s
 21800K .......... .......... .......... .......... .......... 49%  101M 0s
 21850K .......... .......... .......... .......... .......... 49%  113M 0s
 21900K .......... .......... .......... .......... .......... 49%  113M 0s
 21950K .......... .......... .......... .......... .......... 49%  116M 0s
 22000K .......... .......... .......... .......... .......... 49% 94.2M 0s
 22050K .......... .......... .......... .......... .......... 49%  112M 0s
 22100K .......... .......... .......... .......... .......... 50%  116M 0s
 22150K .......... .......... .......... .......... .......... 50%  121M 0s
 22200K .......... .......... .......... .......... .......... 50% 92.1M 0s
 22250K .......... .......... .......... .......... .......... 50%  120M 0s
 22300K .......... .......... .......... .......... .......... 50%  101M 0s
 22350K .......... .......... .......... .......... .......... 50%  115M 0s
 22400K .......... .......... .......... .......... .......... 50%  107M 0s
 22450K .......... .......... .......... .......... .......... 50%  112M 0s
 22500K .......... .......... .......... .......... .......... 50%  105M 0s
 22550K .......... .......... .......... .......... .......... 51%  119M 0s
 22600K .......... .......... .......... .......... .......... 51%  116M 0s
 22650K .......... .......... .......... .......... .......... 51%  110M 0s
 22700K .......... .......... .......... .......... .......... 51% 97.7M 0s
 22750K .......... .......... .......... .......... .......... 51%  123M 0s
 22800K .......... .......... .......... .......... .......... 51%  121M 0s
 22850K .......... .......... .......... .......... .......... 51%  121M 0s
 22900K .......... .......... .......... .......... .......... 51%  108M 0s
 22950K .......... .......... .......... .......... .......... 51%  119M 0s
 23000K .......... .......... .......... .......... .......... 52% 96.3M 0s
 23050K .......... .......... .......... .......... .......... 52%  120M 0s
 23100K .......... .......... .......... .......... .......... 52%  104M 0s
 23150K .......... .......... .......... .......... .......... 52%  110M 0s
 23200K .......... .......... .......... .......... .......... 52% 98.1M 0s
 23250K .......... .......... .......... .......... .......... 52%  114M 0s
 23300K .......... .......... .......... .......... .......... 52%  123M 0s
 23350K .......... .......... .......... .......... .......... 52%  115M 0s
 23400K .......... .......... .......... .......... .......... 52%  111M 0s
 23450K .......... .......... .......... .......... .......... 53%  125M 0s
 23500K .......... .......... .......... .......... .......... 53%  109M 0s
 23550K .......... .......... .......... .......... .......... 53%  116M 0s
 23600K .......... .......... .......... .......... .......... 53% 98.9M 0s
 23650K .......... .......... .......... .......... .......... 53%  119M 0s
 23700K .......... .......... .......... .......... .......... 53%  121M 0s
 23750K .......... .......... .......... .......... .......... 53%  113M 0s
 23800K .......... .......... .......... .......... .......... 53%  104M 0s
 23850K .......... .......... .......... .......... .......... 53%  121M 0s
 23900K .......... .......... .......... .......... .......... 54%  120M 0s
 23950K .......... .......... .......... .......... .......... 54%  117M 0s
 24000K .......... .......... .......... .......... .......... 54% 97.1M 0s
 24050K .......... .......... .......... .......... .......... 54%  116M 0s
 24100K .......... .......... .......... .......... .......... 54%  124M 0s
 24150K .......... .......... .......... .......... .......... 54%  120M 0s
 24200K .......... .......... .......... .......... .......... 54%  104M 0s
 24250K .......... .......... .......... .......... .......... 54%  112M 0s
 24300K .......... .......... .......... .......... .......... 54%  114M 0s
 24350K .......... .......... .......... .......... .......... 55%  118M 0s
 24400K .......... .......... .......... .......... .......... 55% 97.7M 0s
 24450K .......... .......... .......... .......... .......... 55%  116M 0s
 24500K .......... .......... .......... .......... .......... 55%  120M 0s
 24550K .......... .......... .......... .......... .......... 55%  120M 0s
 24600K .......... .......... .......... .......... .......... 55%  108M 0s
 24650K .......... .......... .......... .......... .......... 55%  117M 0s
 24700K .......... .......... .......... .......... .......... 55%  119M 0s
 24750K .......... .......... .......... .......... .......... 56%  118M 0s
 24800K .......... .......... .......... .......... .......... 56%  106M 0s
 24850K .......... .......... .......... .......... .......... 56%  125M 0s
 24900K .......... .......... .......... .......... .......... 56%  118M 0s
 24950K .......... .......... .......... .......... .......... 56%  113M 0s
 25000K .......... .......... .......... .......... .......... 56%  105M 0s
 25050K .......... .......... .......... .......... .......... 56%  120M 0s
 25100K .......... .......... .......... .......... .......... 56%  116M 0s
 25150K .......... .......... .......... .......... .......... 56%  113M 0s
 25200K .......... .......... .......... .......... .......... 57%  128M 0s
 25250K .......... .......... .......... .......... .......... 57%  103M 0s
 25300K .......... .......... .......... .......... .......... 57%  122M 0s
 25350K .......... .......... .......... .......... .......... 57%  125M 0s
 25400K .......... .......... .......... .......... .......... 57%  109M 0s
 25450K .......... .......... .......... .......... .......... 57%  103M 0s
 25500K .......... .......... .......... .......... .......... 57%  126M 0s
 25550K .......... .......... .......... .......... .......... 57%  120M 0s
 25600K .......... .......... .......... .......... .......... 57%  119M 0s
 25650K .......... .......... .......... .......... .......... 58%  110M 0s
 25700K .......... .......... .......... .......... .......... 58%  122M 0s
 25750K .......... .......... .......... .......... .......... 58%  122M 0s
 25800K .......... .......... .......... .......... .......... 58%  124M 0s
 25850K .......... .......... .......... .......... .......... 58%  102M 0s
 25900K .......... .......... .......... .......... .......... 58%  112M 0s
 25950K .......... .......... .......... .......... .......... 58%  119M 0s
 26000K .......... .......... .......... .......... .......... 58%  127M 0s
 26050K .......... .......... .......... .......... .......... 58%  108M 0s
 26100K .......... .......... .......... .......... .......... 59%  119M 0s
 26150K .......... .......... .......... .......... .......... 59%  119M 0s
 26200K .......... .......... .......... .......... .......... 59%  119M 0s
 26250K .......... .......... .......... .......... .......... 59%  105M 0s
 26300K .......... .......... .......... .......... .......... 59%  109M 0s
 26350K .......... .......... .......... .......... .......... 59%  117M 0s
 26400K .......... .......... .......... .......... .......... 59%  111M 0s
 26450K .......... .......... .......... .......... .......... 59%  107M 0s
 26500K .......... .......... .......... .......... .......... 59%  111M 0s
 26550K .......... .......... .......... .......... .......... 60%  114M 0s
 26600K .......... .......... .......... .......... .......... 60%  111M 0s
 26650K .......... .......... .......... .......... .......... 60% 94.3M 0s
 26700K .......... .......... .......... .......... .......... 60%  118M 0s
 26750K .......... .......... .......... .......... .......... 60%  116M 0s
 26800K .......... .......... .......... .......... .......... 60%  118M 0s
 26850K .......... .......... .......... .......... .......... 60%  107M 0s
 26900K .......... .......... .......... .......... .......... 60%  118M 0s
 26950K .......... .......... .......... .......... .......... 60%  121M 0s
 27000K .......... .......... .......... .......... .......... 61%  101M 0s
 27050K .......... .......... .......... .......... .......... 61%  118M 0s
 27100K .......... .......... .......... .......... .......... 61%  111M 0s
 27150K .......... .......... .......... .......... .......... 61%  120M 0s
 27200K .......... .......... .......... .......... .......... 61%  103M 0s
 27250K .......... .......... .......... .......... .......... 61%  114M 0s
 27300K .......... .......... .......... .......... .......... 61%  117M 0s
 27350K .......... .......... .......... .......... .......... 61%  115M 0s
 27400K .......... .......... .......... .......... .......... 61%  103M 0s
 27450K .......... .......... .......... .......... .......... 62%  122M 0s
 27500K .......... .......... .......... .......... .......... 62%  116M 0s
 27550K .......... .......... .......... .......... .......... 62%  117M 0s
 27600K .......... .......... .......... .......... .......... 62%  112M 0s
 27650K .......... .......... .......... .......... .......... 62%  124M 0s
 27700K .......... .......... .......... .......... .......... 62%  121M 0s
 27750K .......... .......... .......... .......... .......... 62% 96.3M 0s
 27800K .......... .......... .......... .......... .......... 62%  114M 0s
 27850K .......... .......... .......... .......... .......... 63%  123M 0s
 27900K .......... .......... .......... .......... .......... 63%  116M 0s
 27950K .......... .......... .......... .......... .......... 63%  107M 0s
 28000K .......... .......... .......... .......... .......... 63%  119M 0s
 28050K .......... .......... .......... .......... .......... 63%  119M 0s
 28100K .......... .......... .......... .......... .......... 63%  125M 0s
 28150K .......... .......... .......... .......... .......... 63% 98.8M 0s
 28200K .......... .......... .......... .......... .......... 63%  116M 0s
 28250K .......... .......... .......... .......... .......... 63%  120M 0s
 28300K .......... .......... .......... .......... .......... 64%  118M 0s
 28350K .......... .......... .......... .......... .......... 64%  101M 0s
 28400K .......... .......... .......... .......... .......... 64%  116M 0s
 28450K .......... .......... .......... .......... .......... 64%  119M 0s
 28500K .......... .......... .......... .......... .......... 64% 83.2M 0s
 28550K .......... .......... .......... .......... .......... 64%  105M 0s
 28600K .......... .......... .......... .......... .......... 64%  119M 0s
 28650K .......... .......... .......... .......... .......... 64% 90.7M 0s
 28700K .......... .......... .......... .......... .......... 64% 91.1M 0s
 28750K .......... .......... .......... .......... .......... 65%  102M 0s
 28800K .......... .......... .......... .......... .......... 65%  116M 0s
 28850K .......... .......... .......... .......... .......... 65% 87.5M 0s
 28900K .......... .......... .......... .......... .......... 65% 72.8M 0s
 28950K .......... .......... .......... .......... .......... 65%  118M 0s
 29000K .......... .......... .......... .......... .......... 65% 77.3M 0s
 29050K .......... .......... .......... .......... .......... 65%  117M 0s
 29100K .......... .......... .......... .......... .......... 65%  103M 0s
 29150K .......... .......... .......... .......... .......... 65% 86.1M 0s
 29200K .......... .......... .......... .......... .......... 66%  121M 0s
 29250K .......... .......... .......... .......... .......... 66%  120M 0s
 29300K .......... .......... .......... .......... .......... 66% 57.5M 0s
 29350K .......... .......... .......... .......... .......... 66%  114M 0s
 29400K .......... .......... .......... .......... .......... 66% 85.4M 0s
 29450K .......... .......... .......... .......... .......... 66%  118M 0s
 29500K .......... .......... .......... .......... .......... 66% 66.4M 0s
 29550K .......... .......... .......... .......... .......... 66%  124M 0s
 29600K .......... .......... .......... .......... .......... 66%  111M 0s
 29650K .......... .......... .......... .......... .......... 67% 78.8M 0s
 29700K .......... .......... .......... .......... .......... 67%  115M 0s
 29750K .......... .......... .......... .......... .......... 67%  116M 0s
 29800K .......... .......... .......... .......... .......... 67% 91.3M 0s
 29850K .......... .......... .......... .......... .......... 67% 75.8M 0s
 29900K .......... .......... .......... .......... .......... 67%  111M 0s
 29950K .......... .......... .......... .......... .......... 67% 92.3M 0s
 30000K .......... .......... .......... .......... .......... 67% 82.6M 0s
 30050K .......... .......... .......... .......... .......... 67% 97.1M 0s
 30100K .......... .......... .......... .......... .......... 68%  110M 0s
 30150K .......... .......... .......... .......... .......... 68%  123M 0s
 30200K .......... .......... .......... .......... .......... 68% 91.6M 0s
 30250K .......... .......... .......... .......... .......... 68% 91.5M 0s
 30300K .......... .......... .......... .......... .......... 68% 99.4M 0s
 30350K .......... .......... .......... .......... .......... 68% 92.0M 0s
 30400K .......... .......... .......... .......... .......... 68%  121M 0s
 30450K .......... .......... .......... .......... .......... 68%  123M 0s
 30500K .......... .......... .......... .......... .......... 68% 71.9M 0s
 30550K .......... .......... .......... .......... .......... 69%  125M 0s
 30600K .......... .......... .......... .......... .......... 69% 93.4M 0s
 30650K .......... .......... .......... .......... .......... 69% 91.8M 0s
 30700K .......... .......... .......... .......... .......... 69%  119M 0s
 30750K .......... .......... .......... .......... .......... 69%  120M 0s
 30800K .......... .......... .......... .......... .......... 69% 79.5M 0s
 30850K .......... .......... .......... .......... .......... 69%  113M 0s
 30900K .......... .......... .......... .......... .......... 69% 71.0M 0s
 30950K .......... .......... .......... .......... .......... 70%  119M 0s
 31000K .......... .......... .......... .......... .......... 70% 89.2M 0s
 31050K .......... .......... .......... .......... .......... 70% 59.7M 0s
 31100K .......... .......... .......... .......... .......... 70%  106M 0s
 31150K .......... .......... .......... .......... .......... 70% 85.2M 0s
 31200K .......... .......... .......... .......... .......... 70% 67.0M 0s
 31250K .......... .......... .......... .......... .......... 70% 99.1M 0s
 31300K .......... .......... .......... .......... .......... 70% 91.0M 0s
 31350K .......... .......... .......... .......... .......... 70% 99.2M 0s
 31400K .......... .......... .......... .......... .......... 71% 88.8M 0s
 31450K .......... .......... .......... .......... .......... 71% 79.6M 0s
 31500K .......... .......... .......... .......... .......... 71%  117M 0s
 31550K .......... .......... .......... .......... .......... 71% 62.8M 0s
 31600K .......... .......... .......... .......... .......... 71% 94.4M 0s
 31650K .......... .......... .......... .......... .......... 71% 85.6M 0s
 31700K .......... .......... .......... .......... .......... 71%  110M 0s
 31750K .......... .......... .......... .......... .......... 71% 84.0M 0s
 31800K .......... .......... .......... .......... .......... 71% 66.0M 0s
 31850K .......... .......... .......... .......... .......... 72%  111M 0s
 31900K .......... .......... .......... .......... .......... 72% 65.9M 0s
 31950K .......... .......... .......... .......... .......... 72%  118M 0s
 32000K .......... .......... .......... .......... .......... 72% 96.4M 0s
 32050K .......... .......... .......... .......... .......... 72% 87.3M 0s
 32100K .......... .......... .......... .......... .......... 72%  110M 0s
 32150K .......... .......... .......... .......... .......... 72% 70.8M 0s
 32200K .......... .......... .......... .......... .......... 72% 96.2M 0s
 32250K .......... .......... .......... .......... .......... 72%  117M 0s
 32300K .......... .......... .......... .......... .......... 73% 89.9M 0s
 32350K .......... .......... .......... .......... .......... 73%  117M 0s
 32400K .......... .......... .......... .......... .......... 73% 77.9M 0s
 32450K .......... .......... .......... .......... .......... 73% 88.5M 0s
 32500K .......... .......... .......... .......... .......... 73% 93.3M 0s
 32550K .......... .......... .......... .......... .......... 73% 90.2M 0s
 32600K .......... .......... .......... .......... .......... 73%  104M 0s
 32650K .......... .......... .......... .......... .......... 73%  121M 0s
 32700K .......... .......... .......... .......... .......... 73% 85.8M 0s
 32750K .......... .......... .......... .......... .......... 74% 85.1M 0s
 32800K .......... .......... .......... .......... .......... 74% 94.2M 0s
 32850K .......... .......... .......... .......... .......... 74% 74.2M 0s
 32900K .......... .......... .......... .......... .......... 74%  110M 0s
 32950K .......... .......... .......... .......... .......... 74%  114M 0s
 33000K .......... .......... .......... .......... .......... 74% 82.6M 0s
 33050K .......... .......... .......... .......... .......... 74%  114M 0s
 33100K .......... .......... .......... .......... .......... 74% 92.1M 0s
 33150K .......... .......... .......... .......... .......... 74% 80.4M 0s
 33200K .......... .......... .......... .......... .......... 75% 99.5M 0s
 33250K .......... .......... .......... .......... .......... 75% 91.2M 0s
 33300K .......... .......... .......... .......... .......... 75%  117M 0s
 33350K .......... .......... .......... .......... .......... 75% 88.6M 0s
 33400K .......... .......... .......... .......... .......... 75% 77.2M 0s
 33450K .......... .......... .......... .......... .......... 75%  109M 0s
 33500K .......... .......... .......... .......... .......... 75% 73.4M 0s
 33550K .......... .......... .......... .......... .......... 75%  112M 0s
 33600K .......... .......... .......... .......... .......... 76% 92.6M 0s
 33650K .......... .......... .......... .......... .......... 76% 94.6M 0s
 33700K .......... .......... .......... .......... .......... 76% 98.1M 0s
 33750K .......... .......... .......... .......... .......... 76% 85.9M 0s
 33800K .......... .......... .......... .......... .......... 76% 88.8M 0s
 33850K .......... .......... .......... .......... .......... 76% 95.1M 0s
 33900K .......... .......... .......... .......... .......... 76% 85.2M 0s
 33950K .......... .......... .......... .......... .......... 76%  113M 0s
 34000K .......... .......... .......... .......... .......... 76%  117M 0s
 34050K .......... .......... .......... .......... .......... 77% 91.0M 0s
 34100K .......... .......... .......... .......... .......... 77% 82.5M 0s
 34150K .......... .......... .......... .......... .......... 77% 98.7M 0s
 34200K .......... .......... .......... .......... .......... 77% 92.6M 0s
 34250K .......... .......... .......... .......... .......... 77%  119M 0s
 34300K .......... .......... .......... .......... .......... 77% 92.3M 0s
 34350K .......... .......... .......... .......... .......... 77% 74.5M 0s
 34400K .......... .......... .......... .......... .......... 77%  106M 0s
 34450K .......... .......... .......... .......... .......... 77% 84.1M 0s
 34500K .......... .......... .......... .......... .......... 78%  110M 0s
 34550K .......... .......... .......... .......... .......... 78%  121M 0s
 34600K .......... .......... .......... .......... .......... 78% 87.3M 0s
 34650K .......... .......... .......... .......... .......... 78%  102M 0s
 34700K .......... .......... .......... .......... .......... 78%  117M 0s
 34750K .......... .......... .......... .......... .......... 78% 72.6M 0s
 34800K .......... .......... .......... .......... .......... 78%  114M 0s
 34850K .......... .......... .......... .......... .......... 78% 66.1M 0s
 34900K .......... .......... .......... .......... .......... 78%  114M 0s
 34950K .......... .......... .......... .......... .......... 79%  121M 0s
 35000K .......... .......... .......... .......... .......... 79% 94.4M 0s
 35050K .......... .......... .......... .......... .......... 79%  101M 0s
 35100K .......... .......... .......... .......... .......... 79% 89.2M 0s
 35150K .......... .......... .......... .......... .......... 79% 78.5M 0s
 35200K .......... .......... .......... .......... .......... 79%  116M 0s
 35250K .......... .......... .......... .......... .......... 79%  109M 0s
 35300K .......... .......... .......... .......... .......... 79% 93.5M 0s
 35350K .......... .......... .......... .......... .......... 79% 83.1M 0s
 35400K .......... .......... .......... .......... .......... 80% 95.3M 0s
 35450K .......... .......... .......... .......... .......... 80%  102M 0s
 35500K .......... .......... .......... .......... .......... 80%  108M 0s
 35550K .......... .......... .......... .......... .......... 80% 92.1M 0s
 35600K .......... .......... .......... .......... .......... 80%  119M 0s
 35650K .......... .......... .......... .......... .......... 80%  108M 0s
 35700K .......... .......... .......... .......... .......... 80% 92.4M 0s
 35750K .......... .......... .......... .......... .......... 80% 98.0M 0s
 35800K .......... .......... .......... .......... .......... 80% 88.9M 0s
 35850K .......... .......... .......... .......... .......... 81% 79.5M 0s
 35900K .......... .......... .......... .......... .......... 81%  117M 0s
 35950K .......... .......... .......... .......... .......... 81%  115M 0s
 36000K .......... .......... .......... .......... .......... 81% 84.7M 0s
 36050K .......... .......... .......... .......... .......... 81%  116M 0s
 36100K .......... .......... .......... .......... .......... 81% 92.2M 0s
 36150K .......... .......... .......... .......... .......... 81% 56.1M 0s
 36200K .......... .......... .......... .......... .......... 81%  100M 0s
 36250K .......... .......... .......... .......... .......... 81% 90.7M 0s
 36300K .......... .......... .......... .......... .......... 82%  111M 0s
 36350K .......... .......... .......... .......... .......... 82% 60.1M 0s
 36400K .......... .......... .......... .......... .......... 82%  102M 0s
 36450K .......... .......... .......... .......... .......... 82% 79.0M 0s
 36500K .......... .......... .......... .......... .......... 82% 74.1M 0s
 36550K .......... .......... .......... .......... .......... 82%  101M 0s
 36600K .......... .......... .......... .......... .......... 82% 75.9M 0s
 36650K .......... .......... .......... .......... .......... 82% 73.3M 0s
 36700K .......... .......... .......... .......... .......... 83% 77.2M 0s
 36750K .......... .......... .......... .......... .......... 83% 91.0M 0s
 36800K .......... .......... .......... .......... .......... 83%  117M 0s
 36850K .......... .......... .......... .......... .......... 83% 88.7M 0s
 36900K .......... .......... .......... .......... .......... 83%  101M 0s
 36950K .......... .......... .......... .......... .......... 83%  116M 0s
 37000K .......... .......... .......... .......... .......... 83% 65.7M 0s
 37050K .......... .......... .......... .......... .......... 83%  113M 0s
 37100K .......... .......... .......... .......... .......... 83% 83.8M 0s
 37150K .......... .......... .......... .......... .......... 84%  112M 0s
 37200K .......... .......... .......... .......... .......... 84%  117M 0s
 37250K .......... .......... .......... .......... .......... 84% 64.6M 0s
 37300K .......... .......... .......... .......... .......... 84%  117M 0s
 37350K .......... .......... .......... .......... .......... 84%  112M 0s
 37400K .......... .......... .......... .......... .......... 84% 75.2M 0s
 37450K .......... .......... .......... .......... .......... 84% 85.6M 0s
 37500K .......... .......... .......... .......... .......... 84% 64.9M 0s
 37550K .......... .......... .......... .......... .......... 84%  113M 0s
 37600K .......... .......... .......... .......... .......... 85% 90.8M 0s
 37650K .......... .......... .......... .......... .......... 85% 80.3M 0s
 37700K .......... .......... .......... .......... .......... 85% 92.1M 0s
 37750K .......... .......... .......... .......... .......... 85% 89.6M 0s
 37800K .......... .......... .......... .......... .......... 85%  118M 0s
 37850K .......... .......... .......... .......... .......... 85% 97.7M 0s
 37900K .......... .......... .......... .......... .......... 85% 76.9M 0s
 37950K .......... .......... .......... .......... .......... 85% 96.2M 0s
 38000K .......... .......... .......... .......... .......... 85% 81.0M 0s
 38050K .......... .......... .......... .......... .......... 86%  119M 0s
 38100K .......... .......... .......... .......... .......... 86%  116M 0s
 38150K .......... .......... .......... .......... .......... 86% 89.5M 0s
 38200K .......... .......... .......... .......... .......... 86% 74.9M 0s
 38250K .......... .......... .......... .......... .......... 86%  114M 0s
 38300K .......... .......... .......... .......... .......... 86% 86.3M 0s
 38350K .......... .......... .......... .......... .......... 86%  105M 0s
 38400K .......... .......... .......... .......... .......... 86%  105M 0s
 38450K .......... .......... .......... .......... .......... 86% 88.8M 0s
 38500K .......... .......... .......... .......... .......... 87%  110M 0s
 38550K .......... .......... .......... .......... .......... 87% 72.8M 0s
 38600K .......... .......... .......... .......... .......... 87%  101M 0s
 38650K .......... .......... .......... .......... .......... 87%  110M 0s
 38700K .......... .......... .......... .......... .......... 87% 67.3M 0s
 38750K .......... .......... .......... .......... .......... 87%  118M 0s
 38800K .......... .......... .......... .......... .......... 87%  122M 0s
 38850K .......... .......... .......... .......... .......... 87% 92.0M 0s
 38900K .......... .......... .......... .......... .......... 87% 97.5M 0s
 38950K .......... .......... .......... .......... .......... 88% 69.5M 0s
 39000K .......... .......... .......... .......... .......... 88%  118M 0s
 39050K .......... .......... .......... .......... .......... 88%  118M 0s
 39100K .......... .......... .......... .......... .......... 88% 86.2M 0s
 39150K .......... .......... .......... .......... .......... 88%  116M 0s
 39200K .......... .......... .......... .......... .......... 88% 89.1M 0s
 39250K .......... .......... .......... .......... .......... 88% 90.1M 0s
 39300K .......... .......... .......... .......... .......... 88% 99.2M 0s
 39350K .......... .......... .......... .......... .......... 88%  108M 0s
 39400K .......... .......... .......... .......... .......... 89% 98.1M 0s
 39450K .......... .......... .......... .......... .......... 89%  103M 0s
 39500K .......... .......... .......... .......... .......... 89%  117M 0s
 39550K .......... .......... .......... .......... .......... 89% 73.7M 0s
 39600K .......... .......... .......... .......... .......... 89%  119M 0s
 39650K .......... .......... .......... .......... .......... 89%  101M 0s
 39700K .......... .......... .......... .......... .......... 89% 81.1M 0s
 39750K .......... .......... .......... .......... .......... 89%  117M 0s
 39800K .......... .......... .......... .......... .......... 90%  121M 0s
 39850K .......... .......... .......... .......... .......... 90% 88.7M 0s
 39900K .......... .......... .......... .......... .......... 90%  112M 0s
 39950K .......... .......... .......... .......... .......... 90% 38.3M 0s
 40000K .......... .......... .......... .......... .......... 90%  106M 0s
 40050K .......... .......... .......... .......... .......... 90% 89.8M 0s
 40100K .......... .......... .......... .......... .......... 90%  120M 0s
 40150K .......... .......... .......... .......... .......... 90% 64.7M 0s
 40200K .......... .......... .......... .......... .......... 90%  114M 0s
 40250K .......... .......... .......... .......... .......... 91%  123M 0s
 40300K .......... .......... .......... .......... .......... 91%  107M 0s
 40350K .......... .......... .......... .......... .......... 91% 84.4M 0s
 40400K .......... .......... .......... .......... .......... 91%  118M 0s
 40450K .......... .......... .......... .......... .......... 91%  112M 0s
 40500K .......... .......... .......... .......... .......... 91% 79.8M 0s
 40550K .......... .......... .......... .......... .......... 91% 96.7M 0s
 40600K .......... .......... .......... .......... .......... 91%  111M 0s
 40650K .......... .......... .......... .......... .......... 91% 94.0M 0s
 40700K .......... .......... .......... .......... .......... 92%  115M 0s
 40750K .......... .......... .......... .......... .......... 92%  107M 0s
 40800K .......... .......... .......... .......... .......... 92% 92.1M 0s
 40850K .......... .......... .......... .......... .......... 92%  113M 0s
 40900K .......... .......... .......... .......... .......... 92%  103M 0s
 40950K .......... .......... .......... .......... .......... 92% 86.4M 0s
 41000K .......... .......... .......... .......... .......... 92%  116M 0s
 41050K .......... .......... .......... .......... .......... 92%  115M 0s
 41100K .......... .......... .......... .......... .......... 92% 85.9M 0s
 41150K .......... .......... .......... .......... .......... 93%  119M 0s
 41200K .......... .......... .......... .......... .......... 93%  118M 0s
 41250K .......... .......... .......... .......... .......... 93% 95.6M 0s
 41300K .......... .......... .......... .......... .......... 93%  100M 0s
 41350K .......... .......... .......... .......... .......... 93%  119M 0s
 41400K .......... .......... .......... .......... .......... 93% 95.3M 0s
 41450K .......... .......... .......... .......... .......... 93%  115M 0s
 41500K .......... .......... .......... .......... .......... 93%  108M 0s
 41550K .......... .......... .......... .......... .......... 93% 91.4M 0s
 41600K .......... .......... .......... .......... .......... 94%  117M 0s
 41650K .......... .......... .......... .......... .......... 94%  122M 0s
 41700K .......... .......... .......... .......... .......... 94% 81.1M 0s
 41750K .......... .......... .......... .......... .......... 94%  119M 0s
 41800K .......... .......... .......... .......... .......... 94%  121M 0s
 41850K .......... .......... .......... .......... .......... 94% 85.2M 0s
 41900K .......... .......... .......... .......... .......... 94%  122M 0s
 41950K .......... .......... .......... .......... .......... 94%  119M 0s
 42000K .......... .......... .......... .......... .......... 94% 83.2M 0s
 42050K .......... .......... .......... .......... .......... 95% 96.8M 0s
 42100K .......... .......... .......... .......... .......... 95%  110M 0s
 42150K .......... .......... .......... .......... .......... 95%  111M 0s
 42200K .......... .......... .......... .......... .......... 95%  121M 0s
 42250K .......... .......... .......... .......... .......... 95%  105M 0s
 42300K .......... .......... .......... .......... .......... 95%  125M 0s
 42350K .......... .......... .......... .......... .......... 95%  121M 0s
 42400K .......... .......... .......... .......... .......... 95%  121M 0s
 42450K .......... .......... .......... .......... .......... 95%  103M 0s
 42500K .......... .......... .......... .......... .......... 96%  116M 0s
 42550K .......... .......... .......... .......... .......... 96%  114M 0s
 42600K .......... .......... .......... .......... .......... 96%  100M 0s
 42650K .......... .......... .......... .......... .......... 96%  117M 0s
 42700K .......... .......... .......... .......... .......... 96%  120M 0s
 42750K .......... .......... .......... .......... .......... 96%  122M 0s
 42800K .......... .......... .......... .......... .......... 96%  106M 0s
 42850K .......... .......... .......... .......... .......... 96%  119M 0s
 42900K .......... .......... .......... .......... .......... 97%  119M 0s
 42950K .......... .......... .......... .......... .......... 97%  125M 0s
 43000K .......... .......... .......... .......... .......... 97%  108M 0s
 43050K .......... .......... .......... .......... .......... 97%  119M 0s
 43100K .......... .......... .......... .......... .......... 97%  114M 0s
 43150K .......... .......... .......... .......... .......... 97%  131M 0s
 43200K .......... .......... .......... .......... .......... 97% 76.3M 0s
 43250K .......... .......... .......... .......... .......... 97%  120M 0s
 43300K .......... .......... .......... .......... .......... 97%  100M 0s
 43350K .......... .......... .......... .......... .......... 98%  102M 0s
 43400K .......... .......... .......... .......... .......... 98%  116M 0s
 43450K .......... .......... .......... .......... .......... 98%  125M 0s
 43500K .......... .......... .......... .......... .......... 98% 97.7M 0s
 43550K .......... .......... .......... .......... .......... 98%  120M 0s
 43600K .......... .......... .......... .......... .......... 98%  121M 0s
 43650K .......... .......... .......... .......... .......... 98%  111M 0s
 43700K .......... .......... .......... .......... .......... 98%  108M 0s
 43750K .......... .......... .......... .......... .......... 98%  121M 0s
 43800K .......... .......... .......... .......... .......... 99%  120M 0s
 43850K .......... .......... .......... .......... .......... 99%  119M 0s
 43900K .......... .......... .......... .......... .......... 99%  106M 0s
 43950K .......... .......... .......... .......... .......... 99%  120M 0s
 44000K .......... .......... .......... .......... .......... 99%  111M 0s
 44050K .......... .......... .......... .......... .......... 99%  106M 0s
 44100K .......... .......... .......... .......... .......... 99%  120M 0s
 44150K .......... .......... .......... .......... .......... 99%  117M 0s
 44200K .......... .......... .......... .......... .......... 99%  117M 0s
 44250K .......... .......... .....                           100% 95.8M=0.5s

2024-01-25 09:46:28 (89.5 MB/s) - ‘cni-plugins-linux-amd64-v1.3.0.tgz’ saved [45338194/45338194]

+ sudo mkdir -p /opt/cni/bin
+ sudo tar Cxzvf /opt/cni/bin cni-plugins-linux-amd64-v1.3.0.tgz
./
./loopback
./bandwidth
./ptp
./vlan
./host-device
./tuning
./vrf
./sbr
./tap
./dhcp
./static
./firewall
./macvlan
./dummy
./bridge
./ipvlan
./portmap
./host-local
++ hostname -s
+ NODENAME=terraform-master
+ sudo kubeadm config images pull
I0125 09:46:29.623726    5984 version.go:256] remote version is much newer: v1.29.1; falling back to: stable-1.27
W0125 09:46:29.714257    5984 images.go:80] could not find officially supported version of etcd for Kubernetes v1.27.10, falling back to the nearest etcd version (3.5.7-0)
^C
hrushi@terraform-master:~$ tail -f /master.log

2024-01-25 09:47:15 (129 MB/s) - ‘keadm-v1.15.1-linux-amd64.tar.gz’ saved [27323963/27323963]

+ tar -zxvf keadm-v1.15.1-linux-amd64.tar.gz
keadm-v1.15.1-linux-amd64/
keadm-v1.15.1-linux-amd64/keadm/
keadm-v1.15.1-linux-amd64/keadm/keadm
keadm-v1.15.1-linux-amd64/version
+ sudo cp keadm-v1.15.1-linux-amd64/keadm/keadm /usr/local/bin/keadm
+ sleep 30s
+ kubectl taint node --all node-role.kubernetes.io/control-plane:NoSchedule-
node/terraform-master untainted
+ keadm init --advertise-address=10.128.0.3 version=v1.15.1 --kube-config=/root/.kube/config --set cloudCore.modules.dynamicController.enable=true
Kubernetes version verification passed, KubeEdge installation will start...
CLOUDCORE started
=========CHART DETAILS=======
NAME: cloudcore
LAST DEPLOYED: Thu Jan 25 09:47:47 2024
NAMESPACE: kubeedge
STATUS: deployed
REVISION: 1
+ sleep 30s
+ keadm gettoken --kube-config=/root/.kube/config
+ echo 10.128.0.3
+ echo 'copy token to config bucket'
copy token to config bucket
+ gsutil cp /home/hrushi2002j/configs/CONTROL_IP /home/hrushi2002j/configs/token gs://kubeedge-config-bucket
Copying file:///home/hrushi2002j/configs/CONTROL_IP [Content-Type=application/octet-stream]...
Copying file:///home/hrushi2002j/configs/token [Content-Type=application/octet-stream]...
/ [2 files][  182.0 B/  182.0 B]
Operation completed over 2 objects/182.0 B.
+ echo 'install helm'
install helm
+ wget https://get.helm.sh/helm-v3.14.0-linux-amd64.tar.gz
--2024-01-25 09:48:28--  https://get.helm.sh/helm-v3.14.0-linux-amd64.tar.gz
Resolving get.helm.sh (get.helm.sh)... 152.195.19.97, 2606:2800:11f:1cb7:261b:1f9c:2074:3c
Connecting to get.helm.sh (get.helm.sh)|152.195.19.97|:443... connected.
HTTP request sent, awaiting response... 200 OK
Length: 16132423 (15M) [application/x-tar]
Saving to: ‘helm-v3.14.0-linux-amd64.tar.gz’

     0K .......... .......... .......... .......... ..........  0% 4.80M 3s
    50K .......... .......... .......... .......... ..........  0% 4.69M 3s
   100K .......... .......... .......... .......... ..........  0% 4.81M 3s
   150K .......... .......... .......... .......... ..........  1% 3.54M 3s
   200K .......... .......... .......... .......... ..........  1%  108M 3s
   250K .......... .......... .......... .......... ..........  1%  102M 2s
   300K .......... .......... .......... .......... ..........  2%  112M 2s
   350K .......... .......... .......... .......... ..........  2% 89.6M 2s
   400K .......... .......... .......... .......... ..........  2% 10.5M 2s
   450K .......... .......... .......... .......... ..........  3%  138M 2s
   500K .......... .......... .......... .......... ..........  3%  198M 1s
   550K .......... .......... .......... .......... ..........  3%  143M 1s
   600K .......... .......... .......... .......... ..........  4%  198M 1s
   650K .......... .......... .......... .......... ..........  4%  190M 1s
   700K .......... .......... .......... .......... ..........  4%  194M 1s
   750K .......... .......... .......... .......... ..........  5% 5.99M 1s
   800K .......... .......... .......... .......... ..........  5% 32.6M 1s
   850K .......... .......... .......... .......... ..........  5%  108M 1s
   900K .......... .......... .......... .......... ..........  6%  110M 1s
   950K .......... .......... .......... .......... ..........  6% 96.1M 1s
  1000K .......... .......... .......... .......... ..........  6%  109M 1s
  1050K .......... .......... .......... .......... ..........  6%  118M 1s
  1100K .......... .......... .......... .......... ..........  7%  115M 1s
  1150K .......... .......... .......... .......... ..........  7% 88.1M 1s
  1200K .......... .......... .......... .......... ..........  7%  116M 1s
  1250K .......... .......... .......... .......... ..........  8%  116M 1s
  1300K .......... .......... .......... .......... ..........  8%  120M 1s
  1350K .......... .......... .......... .......... ..........  8%  107M 1s
  1400K .......... .......... .......... .......... ..........  9%  116M 1s
  1450K .......... .......... .......... .......... ..........  9%  113M 1s
  1500K .......... .......... .......... .......... ..........  9%  121M 1s
  1550K .......... .......... .......... .......... .......... 10% 18.4M 1s
  1600K .......... .......... .......... .......... .......... 10% 63.4M 1s
  1650K .......... .......... .......... .......... .......... 10% 50.8M 1s
  1700K .......... .......... .......... .......... .......... 11% 85.7M 1s
  1750K .......... .......... .......... .......... .......... 11%  105M 1s
  1800K .......... .......... .......... .......... .......... 11%  108M 1s
  1850K .......... .......... .......... .......... .......... 12%  117M 1s
  1900K .......... .......... .......... .......... .......... 12%  118M 1s
  1950K .......... .......... .......... .......... .......... 12%  102M 1s
  2000K .......... .......... .......... .......... .......... 13%  112M 1s
  2050K .......... .......... .......... .......... .......... 13%  116M 0s
  2100K .......... .......... .......... .......... .......... 13%  114M 0s
  2150K .......... .......... .......... .......... .......... 13% 86.7M 0s
  2200K .......... .......... .......... .......... .......... 14%  118M 0s
  2250K .......... .......... .......... .......... .......... 14% 48.8M 0s
  2300K .......... .......... .......... .......... .......... 14% 86.2M 0s
  2350K .......... .......... .......... .......... .......... 15% 99.0M 0s
  2400K .......... .......... .......... .......... .......... 15%  117M 0s
  2450K .......... .......... .......... .......... .......... 15%  114M 0s
  2500K .......... .......... .......... .......... .......... 16% 94.5M 0s
  2550K .......... .......... .......... .......... .......... 16% 47.7M 0s
  2600K .......... .......... .......... .......... .......... 16%  126M 0s
  2650K .......... .......... .......... .......... .......... 17%  129M 0s
  2700K .......... .......... .......... .......... .......... 17%  130M 0s
  2750K .......... .......... .......... .......... .......... 17% 93.9M 0s
  2800K .......... .......... .......... .......... .......... 18% 98.9M 0s
  2850K .......... .......... .......... .......... .......... 18% 9.39M 0s
  2900K .......... .......... .......... .......... .......... 18% 14.2M 0s
  2950K .......... .......... .......... .......... .......... 19% 12.8M 0s
  3000K .......... .......... .......... .......... .......... 19% 23.2M 0s
  3050K .......... .......... .......... .......... .......... 19%  109M 0s
  3100K .......... .......... .......... .......... .......... 19%  115M 0s
  3150K .......... .......... .......... .......... .......... 20% 88.8M 0s
  3200K .......... .......... .......... .......... .......... 20%  113M 0s
  3250K .......... .......... .......... .......... .......... 20%  114M 0s
  3300K .......... .......... .......... .......... .......... 21%  119M 0s
  3350K .......... .......... .......... .......... .......... 21% 67.7M 0s
  3400K .......... .......... .......... .......... .......... 21%  120M 0s
  3450K .......... .......... .......... .......... .......... 22%  115M 0s
  3500K .......... .......... .......... .......... .......... 22% 76.5M 0s
  3550K .......... .......... .......... .......... .......... 22% 94.2M 0s
  3600K .......... .......... .......... .......... .......... 23%  114M 0s
  3650K .......... .......... .......... .......... .......... 23%  117M 0s
  3700K .......... .......... .......... .......... .......... 23% 69.4M 0s
  3750K .......... .......... .......... .......... .......... 24% 74.3M 0s
  3800K .......... .......... .......... .......... .......... 24%  101M 0s
  3850K .......... .......... .......... .......... .......... 24%  117M 0s
  3900K .......... .......... .......... .......... .......... 25%  115M 0s
  3950K .......... .......... .......... .......... .......... 25% 95.5M 0s
  4000K .......... .......... .......... .......... .......... 25%  111M 0s
  4050K .......... .......... .......... .......... .......... 26%  113M 0s
  4100K .......... .......... .......... .......... .......... 26%  118M 0s
  4150K .......... .......... .......... .......... .......... 26% 98.1M 0s
  4200K .......... .......... .......... .......... .......... 26%  109M 0s
  4250K .......... .......... .......... .......... .......... 27%  112M 0s
  4300K .......... .......... .......... .......... .......... 27%  113M 0s
  4350K .......... .......... .......... .......... .......... 27% 77.0M 0s
  4400K .......... .......... .......... .......... .......... 28% 94.7M 0s
  4450K .......... .......... .......... .......... .......... 28%  114M 0s
  4500K .......... .......... .......... .......... .......... 28%  121M 0s
  4550K .......... .......... .......... .......... .......... 29% 57.3M 0s
  4600K .......... .......... .......... .......... .......... 29%  118M 0s
  4650K .......... .......... .......... .......... .......... 29%  117M 0s
  4700K .......... .......... .......... .......... .......... 30%  117M 0s
  4750K .......... .......... .......... .......... .......... 30% 60.9M 0s
  4800K .......... .......... .......... .......... .......... 30%  109M 0s
  4850K .......... .......... .......... .......... .......... 31%  113M 0s
  4900K .......... .......... .......... .......... .......... 31%  111M 0s
  4950K .......... .......... .......... .......... .......... 31% 96.5M 0s
  5000K .......... .......... .......... .......... .......... 32%  117M 0s
  5050K .......... .......... .......... .......... .......... 32%  110M 0s
  5100K .......... .......... .......... .......... .......... 32%  117M 0s
  5150K .......... .......... .......... .......... .......... 33%  101M 0s
  5200K .......... .......... .......... .......... .......... 33%  102M 0s
  5250K .......... .......... .......... .......... .......... 33%  115M 0s
  5300K .......... .......... .......... .......... .......... 33% 96.2M 0s
  5350K .......... .......... .......... .......... .......... 34%  105M 0s
  5400K .......... .......... .......... .......... .......... 34% 38.8M 0s
  5450K .......... .......... .......... .......... .......... 34%  112M 0s
  5500K .......... .......... .......... .......... .......... 35%  115M 0s
  5550K .......... .......... .......... .......... .......... 35% 79.5M 0s
  5600K .......... .......... .......... .......... .......... 35%  106M 0s
  5650K .......... .......... .......... .......... .......... 36%  118M 0s
  5700K .......... .......... .......... .......... .......... 36% 91.6M 0s
  5750K .......... .......... .......... .......... .......... 36% 82.4M 0s
  5800K .......... .......... .......... .......... .......... 37% 90.5M 0s
  5850K .......... .......... .......... .......... .......... 37%  119M 0s
  5900K .......... .......... .......... .......... .......... 37%  121M 0s
  5950K .......... .......... .......... .......... .......... 38% 97.5M 0s
  6000K .......... .......... .......... .......... .......... 38%  118M 0s
  6050K .......... .......... .......... .......... .......... 38%  109M 0s
  6100K .......... .......... .......... .......... .......... 39%  123M 0s
  6150K .......... .......... .......... .......... .......... 39% 98.8M 0s
  6200K .......... .......... .......... .......... .......... 39%  119M 0s
  6250K .......... .......... .......... .......... .......... 39%  107M 0s
  6300K .......... .......... .......... .......... .......... 40%  117M 0s
  6350K .......... .......... .......... .......... .......... 40% 97.7M 0s
  6400K .......... .......... .......... .......... .......... 40%  115M 0s
  6450K .......... .......... .......... .......... .......... 41% 72.3M 0s
  6500K .......... .......... .......... .......... .......... 41% 83.8M 0s
  6550K .......... .......... .......... .......... .......... 41% 95.1M 0s
  6600K .......... .......... .......... .......... .......... 42%  112M 0s
  6650K .......... .......... .......... .......... .......... 42%  122M 0s
  6700K .......... .......... .......... .......... .......... 42% 88.3M 0s
  6750K .......... .......... .......... .......... .......... 43% 89.8M 0s
  6800K .......... .......... .......... .......... .......... 43% 92.5M 0s
  6850K .......... .......... .......... .......... .......... 43%  113M 0s
  6900K .......... .......... .......... .......... .......... 44% 96.6M 0s
  6950K .......... .......... .......... .......... .......... 44% 96.5M 0s
  7000K .......... .......... .......... .......... .......... 44%  115M 0s
  7050K .......... .......... .......... .......... .......... 45%  120M 0s
  7100K .......... .......... .......... .......... .......... 45%  113M 0s
  7150K .......... .......... .......... .......... .......... 45%  104M 0s
  7200K .......... .......... .......... .......... .......... 46%  121M 0s
  7250K .......... .......... .......... .......... .......... 46%  103M 0s
  7300K .......... .......... .......... .......... .......... 46%  116M 0s
  7350K .......... .......... .......... .......... .......... 46%  100M 0s
  7400K .......... .......... .......... .......... .......... 47%  115M 0s
  7450K .......... .......... .......... .......... .......... 47%  116M 0s
  7500K .......... .......... .......... .......... .......... 47%  122M 0s
  7550K .......... .......... .......... .......... .......... 48% 58.0M 0s
  7600K .......... .......... .......... .......... .......... 48% 77.7M 0s
  7650K .......... .......... .......... .......... .......... 48%  115M 0s
  7700K .......... .......... .......... .......... .......... 49%  117M 0s
  7750K .......... .......... .......... .......... .......... 49%  107M 0s
  7800K .......... .......... .......... .......... .......... 49% 66.3M 0s
  7850K .......... .......... .......... .......... .......... 50% 90.8M 0s
  7900K .......... .......... .......... .......... .......... 50%  111M 0s
  7950K .......... .......... .......... .......... .......... 50% 85.5M 0s
  8000K .......... .......... .......... .......... .......... 51%  116M 0s
  8050K .......... .......... .......... .......... .......... 51%  120M 0s
  8100K .......... .......... .......... .......... .......... 51%  110M 0s
  8150K .......... .......... .......... .......... .......... 52%  104M 0s
  8200K .......... .......... .......... .......... .......... 52%  109M 0s
  8250K .......... .......... .......... .......... .......... 52%  119M 0s
  8300K .......... .......... .......... .......... .......... 53%  106M 0s
  8350K .......... .......... .......... .......... .......... 53%  106M 0s
  8400K .......... .......... .......... .......... .......... 53%  114M 0s
  8450K .......... .......... .......... .......... .......... 53%  114M 0s
  8500K .......... .......... .......... .......... .......... 54%  122M 0s
  8550K .......... .......... .......... .......... .......... 54% 90.0M 0s
  8600K .......... .......... .......... .......... .......... 54% 65.3M 0s
  8650K .......... .......... .......... .......... .......... 55% 73.5M 0s
  8700K .......... .......... .......... .......... .......... 55%  116M 0s
  8750K .......... .......... .......... .......... .......... 55%  103M 0s
  8800K .......... .......... .......... .......... .......... 56%  118M 0s
  8850K .......... .......... .......... .......... .......... 56% 79.2M 0s
  8900K .......... .......... .......... .......... .......... 56%  112M 0s
  8950K .......... .......... .......... .......... .......... 57% 63.9M 0s
  9000K .......... .......... .......... .......... .......... 57% 81.7M 0s
  9050K .......... .......... .......... .......... .......... 57%  117M 0s
  9100K .......... .......... .......... .......... .......... 58%  111M 0s
  9150K .......... .......... .......... .......... .......... 58% 97.9M 0s
  9200K .......... .......... .......... .......... .......... 58%  112M 0s
  9250K .......... .......... .......... .......... .......... 59%  117M 0s
  9300K .......... .......... .......... .......... .......... 59%  128M 0s
  9350K .......... .......... .......... .......... .......... 59%  115M 0s
  9400K .......... .......... .......... .......... .......... 59%  109M 0s
  9450K .......... .......... .......... .......... .......... 60%  107M 0s
  9500K .......... .......... .......... .......... .......... 60%  115M 0s
  9550K .......... .......... .......... .......... .......... 60% 92.9M 0s
  9600K .......... .......... .......... .......... .......... 61% 95.3M 0s
  9650K .......... .......... .......... .......... .......... 61% 50.8M 0s
  9700K .......... .......... .......... .......... .......... 61%  109M 0s
  9750K .......... .......... .......... .......... .......... 62% 99.7M 0s
  9800K .......... .......... .......... .......... .......... 62% 99.1M 0s
  9850K .......... .......... .......... .......... .......... 62% 75.1M 0s
  9900K .......... .......... .......... .......... .......... 63%  109M 0s
  9950K .......... .......... .......... .......... .......... 63% 68.4M 0s
 10000K .......... .......... .......... .......... .......... 63% 94.4M 0s
 10050K .......... .......... .......... .......... .......... 64%  112M 0s
 10100K .......... .......... .......... .......... .......... 64%  116M 0s
 10150K .......... .......... .......... .......... .......... 64%  108M 0s
 10200K .......... .......... .......... .......... .......... 65% 98.7M 0s
 10250K .......... .......... .......... .......... .......... 65%  114M 0s
 10300K .......... .......... .......... .......... .......... 65%  118M 0s
 10350K .......... .......... .......... .......... .......... 66% 91.0M 0s
 10400K .......... .......... .......... .......... .......... 66%  113M 0s
 10450K .......... .......... .......... .......... .......... 66%  121M 0s
 10500K .......... .......... .......... .......... .......... 66%  111M 0s
 10550K .......... .......... .......... .......... .......... 67%  105M 0s
 10600K .......... .......... .......... .......... .......... 67%  107M 0s
 10650K .......... .......... .......... .......... .......... 67% 57.9M 0s
 10700K .......... .......... .......... .......... .......... 68% 94.0M 0s
 10750K .......... .......... .......... .......... .......... 68% 97.7M 0s
 10800K .......... .......... .......... .......... .......... 68%  120M 0s
 10850K .......... .......... .......... .......... .......... 69% 90.6M 0s
 10900K .......... .......... .......... .......... .......... 69% 89.7M 0s
 10950K .......... .......... .......... .......... .......... 69% 89.7M 0s
 11000K .......... .......... .......... .......... .......... 70%  101M 0s
 11050K .......... .......... .......... .......... .......... 70% 82.1M 0s
 11100K .......... .......... .......... .......... .......... 70%  119M 0s
 11150K .......... .......... .......... .......... .......... 71%  101M 0s
 11200K .......... .......... .......... .......... .......... 71%  119M 0s
 11250K .......... .......... .......... .......... .......... 71%  108M 0s
 11300K .......... .......... .......... .......... .......... 72%  117M 0s
 11350K .......... .......... .......... .......... .......... 72% 97.3M 0s
 11400K .......... .......... .......... .......... .......... 72%  119M 0s
 11450K .......... .......... .......... .......... .......... 72%  111M 0s
 11500K .......... .......... .......... .......... .......... 73%  112M 0s
 11550K .......... .......... .......... .......... .......... 73%  101M 0s
 11600K .......... .......... .......... .......... .......... 73%  115M 0s
 11650K .......... .......... .......... .......... .......... 74%  120M 0s
 11700K .......... .......... .......... .......... .......... 74% 63.3M 0s
 11750K .......... .......... .......... .......... .......... 74% 83.8M 0s
 11800K .......... .......... .......... .......... .......... 75%  112M 0s
 11850K .......... .......... .......... .......... .......... 75%  116M 0s
 11900K .......... .......... .......... .......... .......... 75% 89.9M 0s
 11950K .......... .......... .......... .......... .......... 76% 75.3M 0s
 12000K .......... .......... .......... .......... .......... 76%  115M 0s
 12050K .......... .......... .......... .......... .......... 76%  109M 0s
 12100K .......... .......... .......... .......... .......... 77% 61.1M 0s
 12150K .......... .......... .......... .......... .......... 77% 97.3M 0s
 12200K .......... .......... .......... .......... .......... 77% 79.7M 0s
 12250K .......... .......... .......... .......... .......... 78% 89.1M 0s
 12300K .......... .......... .......... .......... .......... 78%  119M 0s
 12350K .......... .......... .......... .......... .......... 78% 85.2M 0s
 12400K .......... .......... .......... .......... .......... 79%  118M 0s
 12450K .......... .......... .......... .......... .......... 79%  110M 0s
 12500K .......... .......... .......... .......... .......... 79%  122M 0s
 12550K .......... .......... .......... .......... .......... 79%  101M 0s
 12600K .......... .......... .......... .......... .......... 80%  119M 0s
 12650K .......... .......... .......... .......... .......... 80%  117M 0s
 12700K .......... .......... .......... .......... .......... 80%  118M 0s
 12750K .......... .......... .......... .......... .......... 81%  104M 0s
 12800K .......... .......... .......... .......... .......... 81%  115M 0s
 12850K .......... .......... .......... .......... .......... 81%  115M 0s
 12900K .......... .......... .......... .......... .......... 82%  124M 0s
 12950K .......... .......... .......... .......... .......... 82%  110M 0s
 13000K .......... .......... .......... .......... .......... 82%  110M 0s
 13050K .......... .......... .......... .......... .......... 83%  117M 0s
 13100K .......... .......... .......... .......... .......... 83%  111M 0s
 13150K .......... .......... .......... .......... .......... 83% 99.0M 0s
 13200K .......... .......... .......... .......... .......... 84%  120M 0s
 13250K .......... .......... .......... .......... .......... 84%  117M 0s
 13300K .......... .......... .......... .......... .......... 84%  121M 0s
 13350K .......... .......... .......... .......... .......... 85% 95.7M 0s
 13400K .......... .......... .......... .......... .......... 85%  109M 0s
 13450K .......... .......... .......... .......... .......... 85%  124M 0s
 13500K .......... .......... .......... .......... .......... 86%  121M 0s
 13550K .......... .......... .......... .......... .......... 86%  103M 0s
 13600K .......... .......... .......... .......... .......... 86%  115M 0s
 13650K .......... .......... .......... .......... .......... 86%  118M 0s
 13700K .......... .......... .......... .......... .......... 87%  121M 0s
 13750K .......... .......... .......... .......... .......... 87%  103M 0s
 13800K .......... .......... .......... .......... .......... 87%  119M 0s
 13850K .......... .......... .......... .......... .......... 88%  121M 0s
 13900K .......... .......... .......... .......... .......... 88%  116M 0s
 13950K .......... .......... .......... .......... .......... 88% 92.5M 0s
 14000K .......... .......... .......... .......... .......... 89%  113M 0s
 14050K .......... .......... .......... .......... .......... 89%  116M 0s
 14100K .......... .......... .......... .......... .......... 89% 84.8M 0s
 14150K .......... .......... .......... .......... .......... 90% 95.6M 0s
 14200K .......... .......... .......... .......... .......... 90%  125M 0s
 14250K .......... .......... .......... .......... .......... 90%  115M 0s
 14300K .......... .......... .......... .......... .......... 91%  120M 0s
 14350K .......... .......... .......... .......... .......... 91%  105M 0s
 14400K .......... .......... .......... .......... .......... 91%  105M 0s
 14450K .......... .......... .......... .......... .......... 92%  114M 0s
 14500K .......... .......... .......... .......... .......... 92%  111M 0s
 14550K .......... .......... .......... .......... .......... 92%  111M 0s
 14600K .......... .......... .......... .......... .......... 92%  123M 0s
 14650K .......... .......... .......... .......... .......... 93%  117M 0s
 14700K .......... .......... .......... .......... .......... 93%  118M 0s
 14750K .......... .......... .......... .......... .......... 93%  105M 0s
 14800K .......... .......... .......... .......... .......... 94%  113M 0s
 14850K .......... .......... .......... .......... .......... 94%  119M 0s
 14900K .......... .......... .......... .......... .......... 94%  115M 0s
 14950K .......... .......... .......... .......... .......... 95%  106M 0s
 15000K .......... .......... .......... .......... .......... 95%  118M 0s
 15050K .......... .......... .......... .......... .......... 95%  117M 0s
 15100K .......... .......... .......... .......... .......... 96%  115M 0s
 15150K .......... .......... .......... .......... .......... 96%  101M 0s
 15200K .......... .......... .......... .......... .......... 96%  117M 0s
 15250K .......... .......... .......... .......... .......... 97%  118M 0s
 15300K .......... .......... .......... .......... .......... 97%  117M 0s
 15350K .......... .......... .......... .......... .......... 97%  104M 0s
 15400K .......... .......... .......... .......... .......... 98%  102M 0s
 15450K .......... .......... .......... .......... .......... 98% 82.2M 0s
 15500K .......... .......... .......... .......... .......... 98%  122M 0s
 15550K .......... .......... .......... .......... .......... 99%  100M 0s
 15600K .......... .......... .......... .......... .......... 99%  121M 0s
 15650K .......... .......... .......... .......... .......... 99%  110M 0s
 15700K .......... .......... .......... .......... .......... 99%  123M 0s
 15750K ....                                                  100% 59.4M=0.2s

2024-01-25 09:48:28 (69.4 MB/s) - ‘helm-v3.14.0-linux-amd64.tar.gz’ saved [16132423/16132423]

+ tar -zxvf helm-v3.14.0-linux-amd64.tar.gz
linux-amd64/
linux-amd64/LICENSE
linux-amd64/helm
linux-amd64/README.md
+ sudo mv linux-amd64/helm /usr/local/bin/helm
^C
hrushi@terraform-master:~$ kubectl get nodes
E0125 09:49:22.406799    7823 memcache.go:265] couldn't get current server API group list: Get "http://localhost:8080/api?timeout=32s": dial tcp 127.0.0.1:8080: connect: connection refused
E0125 09:49:22.407212    7823 memcache.go:265] couldn't get current server API group list: Get "http://localhost:8080/api?timeout=32s": dial tcp 127.0.0.1:8080: connect: connection refused
E0125 09:49:22.408735    7823 memcache.go:265] couldn't get current server API group list: Get "http://localhost:8080/api?timeout=32s": dial tcp 127.0.0.1:8080: connect: connection refused
E0125 09:49:22.410225    7823 memcache.go:265] couldn't get current server API group list: Get "http://localhost:8080/api?timeout=32s": dial tcp 127.0.0.1:8080: connect: connection refused
E0125 09:49:22.411621    7823 memcache.go:265] couldn't get current server API group list: Get "http://localhost:8080/api?timeout=32s": dial tcp 127.0.0.1:8080: connect: connection refused
The connection to the server localhost:8080 was refused - did you specify the right host or port?
hrushi@terraform-master:~$ $kubectl taint nodes --all node-role.kubernetes.io/control-plane-
Command 'taint' not found, did you mean:
  command 'tint' from deb tint (0.07)
Try: apt install <deb name>
hrushi@terraform-master:~$ kubectl taint nodes --all node-role.kubernetes.io/control-plane-
E0125 09:52:27.940339    7958 memcache.go:265] couldn't get current server API group list: Get "http://localhost:8080/api?timeout=32s": dial tcp 127.0.0.1:8080: connect: connection refused
E0125 09:52:27.940840    7958 memcache.go:265] couldn't get current server API group list: Get "http://localhost:8080/api?timeout=32s": dial tcp 127.0.0.1:8080: connect: connection refused
The connection to the server localhost:8080 was refused - did you specify the right host or port?
hrushi@terraform-master:~$ sudo -i -u hrushi2002j bash
hrushi2002j@terraform-master:~$ kubectl taint nodes --all node-role.kubernetes.io/control-plane-
taint "node-role.kubernetes.io/control-plane" not found
taint "node-role.kubernetes.io/control-plane" not found
hrushi2002j@terraform-master:~$ kubectl label services kubernetes service.edgemesh.kubeedge.io/service-proxy-name=""
service/kubernetes labeled
hrushi2002j@terraform-master:~$ ip a
1: lo: <LOOPBACK,UP,LOWER_UP> mtu 65536 qdisc noqueue state UNKNOWN group default qlen 1000
    link/loopback 00:00:00:00:00:00 brd 00:00:00:00:00:00
    inet 127.0.0.1/8 scope host lo
       valid_lft forever preferred_lft forever
    inet6 ::1/128 scope host
       valid_lft forever preferred_lft forever
2: ens4: <BROADCAST,MULTICAST,UP,LOWER_UP> mtu 1460 qdisc mq state UP group default qlen 1000
    link/ether 42:01:0a:80:00:03 brd ff:ff:ff:ff:ff:ff
    altname enp0s4
    inet 10.128.0.3/32 metric 100 scope global dynamic ens4
       valid_lft 3112sec preferred_lft 3112sec
    inet6 fe80::4001:aff:fe80:3/64 scope link
       valid_lft forever preferred_lft forever
3: cni0: <BROADCAST,MULTICAST,UP,LOWER_UP> mtu 1500 qdisc noqueue state UP group default qlen 1000
    link/ether d2:02:fa:f2:d1:96 brd ff:ff:ff:ff:ff:ff
    inet 10.85.0.1/16 brd 10.85.255.255 scope global cni0
       valid_lft forever preferred_lft forever
    inet6 1100:200::1/24 scope global
       valid_lft forever preferred_lft forever
    inet6 fe80::d002:faff:fef2:d196/64 scope link
       valid_lft forever preferred_lft forever
4: vethea271cb9@if2: <BROADCAST,MULTICAST,UP,LOWER_UP> mtu 1500 qdisc noqueue master cni0 state UP group default
    link/ether 86:f2:65:6b:09:2e brd ff:ff:ff:ff:ff:ff link-netns 39dc35d2-c790-41b1-8d28-0da7067740d5
    inet6 fe80::b098:4bff:fe3b:d22b/64 scope link
       valid_lft forever preferred_lft forever
5: veth8c4776ca@if2: <BROADCAST,MULTICAST,UP,LOWER_UP> mtu 1500 qdisc noqueue master cni0 state UP group default
    link/ether f2:35:18:82:49:c6 brd ff:ff:ff:ff:ff:ff link-netns fd316316-36f4-4549-95aa-5d3579833992
    inet6 fe80::f035:18ff:fe82:49c6/64 scope link
       valid_lft forever preferred_lft forever
hrushi2002j@terraform-master:~$ helm install edgemesh --namespace kubeedge \
--set agent.psk=`openssl rand -base64 32` \
--set agent.relayNodes[0].nodeName=terraform-master,agent.relayNodes[0].advertiseAddress={10.128.0.3} \
https://raw.githubusercontent.com/kubeedge/edgemesh/main/build/helm/edgemesh.tgz
NAME: edgemesh
LAST DEPLOYED: Thu Jan 25 09:53:19 2024
NAMESPACE: kubeedge
STATUS: deployed
REVISION: 1
TEST SUITE: None
NOTES:
*******************
***** SUCCESS *****
*******************
* Visit https://edgemesh.netlify.app/reference/config-items.html#helm-configuration for more configuration information.
* 访问 https://edgemesh.netlify.app/zh/reference/config-items.html#helm-配置 以了解更多的配置信息。
hrushi2002j@terraform-master:~$ kubectl get all -n kubeedge -o wide
NAME                             READY   STATUS    RESTARTS   AGE     IP           NODE                 NOMINATED NODE   READINESS GATES
pod/cloudcore-5ff67dd45f-twvzt   1/1     Running   0          5m36s   10.128.0.3   terraform-master     <none>           <none>
pod/edgemesh-agent-pdn5f         1/1     Running   0          5s      10.128.0.2   terraform-worker01   <none>           <none>
pod/edgemesh-agent-r6pbr         1/1     Running   0          5s      10.128.0.3   terraform-master     <none>           <none>

NAME                            DESIRED   CURRENT   READY   UP-TO-DATE   AVAILABLE   NODE SELECTOR   AGE   CONTAINERS       IMAGES
  SELECTOR
daemonset.apps/edgemesh-agent   2         2         2       2            2           <none>          5s    edgemesh-agent   kubeedge/edgemesh-agent:v1.14.0   k8s-app=kubeedge,kubeedge=edgemesh-agent

NAME                        READY   UP-TO-DATE   AVAILABLE   AGE     CONTAINERS   IMAGES                       SELECTOR
deployment.apps/cloudcore   1/1     1            1           5m36s   cloudcore    kubeedge/cloudcore:v1.15.1   k8s-app=kubeedge,kubeedge=cloudcore

NAME                                   DESIRED   CURRENT   READY   AGE     CONTAINERS   IMAGES                       SELECTOR
replicaset.apps/cloudcore-5ff67dd45f   1         1         1       5m36s   cloudcore    kubeedge/cloudcore:v1.15.1   k8s-app=kubeedge,kubeedge=cloudcore,pod-template-hash=5ff67dd45f
hrushi2002j@terraform-master:~$ sudo wget https://raw.githubusercontent.com/kubeedge/kubeedge/master/build/tools/certgen.sh -O /etc/kubernetes/pki/certgen.sh
--2024-01-25 09:53:59--  https://raw.githubusercontent.com/kubeedge/kubeedge/master/build/tools/certgen.sh
Resolving raw.githubusercontent.com (raw.githubusercontent.com)... 185.199.110.133, 185.199.108.133, 185.199.109.133, ...
Connecting to raw.githubusercontent.com (raw.githubusercontent.com)|185.199.110.133|:443... connected.
HTTP request sent, awaiting response... 200 OK
Length: 4777 (4.7K) [text/plain]
Saving to: ‘/etc/kubernetes/pki/certgen.sh’

/etc/kubernetes/pki/certgen.sh         100%[============================================================================>]   4.67K  --.-KB/s    in 0s

2024-01-25 09:53:59 (42.4 MB/s) - ‘/etc/kubernetes/pki/certgen.sh’ saved [4777/4777]

hrushi2002j@terraform-master:~$ sudo chmod +x /etc/kubernetes/pki/certgen.sh
hrushi2002j@terraform-master:~$ sudo CLOUDCOREIPS=10.128.0.3 /etc/kubernetes/pki/certgen.sh stream
Certificate Request:
    Data:
        Version: 1 (0x0)
        Subject: C = CN, ST = Zhejiang, L = Hangzhou, O = KubeEdge
        Subject Public Key Info:
            Public Key Algorithm: rsaEncryption
                Public-Key: (2048 bit)
                Modulus:
                    00:b1:21:9d:fd:fa:21:ac:f2:b0:49:bc:57:58:cc:
                    29:6b:56:3b:af:61:24:6f:fb:3c:36:16:6f:f0:a1:
                    ba:3d:c1:5a:8d:80:0b:93:3a:ae:05:4e:62:74:a5:
                    3b:3e:37:70:96:43:ed:d9:d6:76:a0:3c:52:40:ec:
                    db:60:fe:89:f7:3d:44:38:fe:ee:88:a6:b9:fe:eb:
                    97:e4:5e:d2:4f:d4:f8:5b:58:d3:b9:e8:49:63:58:
                    3a:be:e5:67:a4:73:0b:8e:64:76:45:c5:09:e5:5a:
                    87:84:06:f2:0e:ef:50:46:e3:68:29:e0:40:56:7c:
                    d5:4e:de:3c:9d:75:5d:bf:09:d0:1f:15:03:e2:1e:
                    8e:88:76:9c:eb:eb:7c:87:f4:2a:0e:b3:d9:ac:02:
                    8b:62:98:62:99:86:e4:1a:78:c6:27:e8:87:a8:86:
                    40:c7:53:02:86:1d:1e:1a:2e:2d:78:ce:a9:55:11:
                    88:15:e4:4e:b5:d8:d1:31:62:19:d9:2b:fa:a1:01:
                    2e:7e:9e:f1:c6:2d:65:ab:0d:19:c3:22:40:81:bc:
                    45:a9:69:c2:f4:97:ad:2e:17:29:5e:20:dd:40:48:
                    47:97:96:d0:d1:67:41:50:93:64:05:ab:3d:56:b8:
                    4b:fe:dc:1e:fa:1d:8f:0f:bd:e5:db:23:5f:bf:47:
                    a5:b1
                Exponent: 65537 (0x10001)
        Attributes:
            (none)
            Requested Extensions:
    Signature Algorithm: sha256WithRSAEncryption
    Signature Value:
        0c:45:de:22:8c:ca:71:79:40:9b:9c:63:c4:59:ff:2e:e9:a2:
        61:12:e2:c8:80:4b:45:b7:7e:92:85:21:7d:c9:ae:1a:60:01:
        c2:99:ef:cf:d9:f5:29:2b:14:00:98:a1:81:ca:51:47:2c:c5:
        3a:87:73:00:a8:29:10:93:b6:a6:06:02:b6:0b:9c:97:f3:77:
        ed:a5:96:cd:38:1b:f5:b6:6d:d4:da:99:3d:80:04:2e:21:98:
        53:ac:42:ae:19:4c:fc:5f:0d:12:83:56:9a:9b:a2:20:12:8a:
        8a:31:85:5f:6c:19:41:be:8c:6e:75:3e:60:39:68:19:2b:d1:
        70:fc:8c:2b:db:7f:aa:4a:c0:5c:9e:ef:6c:d1:48:f9:5b:07:
        4d:e5:c2:7c:1b:75:1d:8f:b1:aa:5a:5f:ca:ea:d4:ed:ef:a9:
        3f:25:87:b8:0d:99:7c:9d:bb:f3:57:5b:7d:a2:33:62:b6:a0:
        89:00:3f:e7:77:77:c3:07:75:1e:2f:1d:b1:f4:60:24:ac:3d:
        4e:fb:47:4c:5c:38:51:f6:1e:de:37:1e:f0:8e:81:c7:9d:30:
        e7:b0:53:0d:c0:a8:c7:2d:93:5b:81:40:69:ec:15:49:c5:d8:
        11:58:20:13:8a:59:89:b6:ee:73:d2:17:15:bd:d7:b4:9e:14:
        a5:27:77:08
Certificate request self-signature ok
subject=C = CN, ST = Zhejiang, L = Hangzhou, O = KubeEdge
Certificate:
    Data:
        Version: 3 (0x2)
        Serial Number:
            1f:df:56:87:7f:68:05:ee:6c:67:b1:f9:7f:6f:cd:db:e7:86:81:ca
        Signature Algorithm: sha256WithRSAEncryption
        Issuer: CN = kubernetes
        Validity
            Not Before: Jan 25 09:54:19 2024 GMT
            Not After : Oct  3 09:54:19 2037 GMT
        Subject: C = CN, ST = Zhejiang, L = Hangzhou, O = KubeEdge
        Subject Public Key Info:
            Public Key Algorithm: rsaEncryption
                Public-Key: (2048 bit)
                Modulus:
                    00:b1:21:9d:fd:fa:21:ac:f2:b0:49:bc:57:58:cc:
                    29:6b:56:3b:af:61:24:6f:fb:3c:36:16:6f:f0:a1:
                    ba:3d:c1:5a:8d:80:0b:93:3a:ae:05:4e:62:74:a5:
                    3b:3e:37:70:96:43:ed:d9:d6:76:a0:3c:52:40:ec:
                    db:60:fe:89:f7:3d:44:38:fe:ee:88:a6:b9:fe:eb:
                    97:e4:5e:d2:4f:d4:f8:5b:58:d3:b9:e8:49:63:58:
                    3a:be:e5:67:a4:73:0b:8e:64:76:45:c5:09:e5:5a:
                    87:84:06:f2:0e:ef:50:46:e3:68:29:e0:40:56:7c:
                    d5:4e:de:3c:9d:75:5d:bf:09:d0:1f:15:03:e2:1e:
                    8e:88:76:9c:eb:eb:7c:87:f4:2a:0e:b3:d9:ac:02:
                    8b:62:98:62:99:86:e4:1a:78:c6:27:e8:87:a8:86:
                    40:c7:53:02:86:1d:1e:1a:2e:2d:78:ce:a9:55:11:
                    88:15:e4:4e:b5:d8:d1:31:62:19:d9:2b:fa:a1:01:
                    2e:7e:9e:f1:c6:2d:65:ab:0d:19:c3:22:40:81:bc:
                    45:a9:69:c2:f4:97:ad:2e:17:29:5e:20:dd:40:48:
                    47:97:96:d0:d1:67:41:50:93:64:05:ab:3d:56:b8:
                    4b:fe:dc:1e:fa:1d:8f:0f:bd:e5:db:23:5f:bf:47:
                    a5:b1
                Exponent: 65537 (0x10001)
        X509v3 extensions:
            X509v3 Subject Alternative Name:
                IP Address:127.0.0.1, IP Address:10.128.0.3
            X509v3 Subject Key Identifier:
                68:14:5C:2C:57:41:A9:01:67:59:B4:DB:B3:3E:FA:F0:3F:4E:DB:06
            X509v3 Authority Key Identifier:
                42:A2:9D:F4:5D:31:5F:E8:38:D5:58:B8:79:18:08:79:D1:CF:D8:57
    Signature Algorithm: sha256WithRSAEncryption
    Signature Value:
        15:d4:49:ab:57:e8:97:db:1e:7b:75:d4:93:93:e8:13:31:34:
        72:9e:c3:7b:b1:7d:c5:aa:88:c0:55:fd:d7:20:3c:32:80:fe:
        69:82:7a:8c:92:4f:43:bf:73:36:0b:98:c2:a4:ef:07:cf:0e:
        79:e6:bc:58:9c:13:92:7d:e4:a8:5c:d7:e4:71:1b:7f:53:0c:
        6f:64:88:1c:d1:84:3e:b4:8b:fd:74:04:7e:39:78:fe:ff:97:
        bf:b4:7a:6c:f5:a8:3e:e0:49:96:80:6d:4b:b0:63:97:6f:d3:
        81:52:a7:75:6f:5f:93:0f:d8:85:4d:bb:46:14:6c:22:9a:5f:
        89:44:6f:28:c5:28:9d:11:e0:66:f0:69:ae:88:45:a1:25:41:
        ee:07:45:04:a1:f2:b4:c7:4a:ce:ed:84:c1:61:5c:ec:93:b5:
        d4:0f:77:f8:e0:66:f9:43:91:18:82:23:19:45:22:31:12:2a:
        83:55:a3:01:f0:9f:3f:30:53:c0:1f:85:35:4d:2f:21:01:ce:
        ca:75:23:91:89:48:ba:a8:cb:59:fb:ff:99:b3:0b:2c:b3:2c:
        1e:90:9d:97:df:c8:cc:97:ba:82:c7:6b:60:65:9f:c9:02:da:
        5c:8b:e2:08:14:40:6d:c8:17:ff:e8:f2:93:56:cf:1a:7a:70:
        68:dc:35:73
hrushi2002j@terraform-master:~$ helm ls -A
NAME            NAMESPACE       REVISION        UPDATED                                 STATUS          CHART           APP VERSION
cloudcore       kubeedge        1               2024-01-25 09:47:47.95668276 +0000 UTC  deployed        cloudcore-0.1.0 1.12.0
edgemesh        kubeedge        1               2024-01-25 09:53:19.739239652 +0000 UTC deployed        edgemesh-0.1.0  latest
hrushi2002j@terraform-master:~$ kubectl get all -n kubeedge -o wide
NAME                             READY   STATUS    RESTARTS   AGE    IP           NODE                 NOMINATED NODE   READINESS GATES
pod/cloudcore-5ff67dd45f-twvzt   1/1     Running   0          7m7s   10.128.0.3   terraform-master     <none>           <none>
pod/edgemesh-agent-pdn5f         1/1     Running   0          96s    10.128.0.2   terraform-worker01   <none>           <none>
pod/edgemesh-agent-r6pbr         1/1     Running   0          96s    10.128.0.3   terraform-master     <none>           <none>

NAME                            DESIRED   CURRENT   READY   UP-TO-DATE   AVAILABLE   NODE SELECTOR   AGE   CONTAINERS       IMAGES
  SELECTOR
daemonset.apps/edgemesh-agent   2         2         2       2            2           <none>          96s   edgemesh-agent   kubeedge/edgemesh-agent:v1.14.0   k8s-app=kubeedge,kubeedge=edgemesh-agent

NAME                        READY   UP-TO-DATE   AVAILABLE   AGE    CONTAINERS   IMAGES                       SELECTOR
deployment.apps/cloudcore   1/1     1            1           7m7s   cloudcore    kubeedge/cloudcore:v1.15.1   k8s-app=kubeedge,kubeedge=cloudcore

NAME                                   DESIRED   CURRENT   READY   AGE    CONTAINERS   IMAGES                       SELECTOR
replicaset.apps/cloudcore-5ff67dd45f   1         1         1       7m7s   cloudcore    kubeedge/cloudcore:v1.15.1   k8s-app=kubeedge,kubeedge=cloudcore,pod-template-hash=5ff67dd45f
hrushi2002j@terraform-master:~$ kubectl logs -n kubeedge pod/edgemesh-agent-r6pbr
I0125 09:53:23.786357       1 server.go:56] Version: v1.14.0-dirty
I0125 09:53:23.786626       1 server.go:92] [1] Prepare agent to run
I0125 09:53:23.796225       1 server.go:96] edgemesh-agent running on CloudMode
I0125 09:53:23.796264       1 server.go:99] [2] New clients
W0125 09:53:23.796283       1 client_config.go:617] Neither --kubeconfig nor --master was specified.  Using the inClusterConfig.  This might not work.
I0125 09:53:23.797332       1 server.go:106] [3] Register beehive modules
W0125 09:53:23.797354       1 module.go:37] Module EdgeDNS is disabled, do not register
I0125 09:53:23.797712       1 server.go:68] Using userspace Proxier.
I0125 09:53:23.997100       1 module.go:34] Module EdgeProxy registered successfully
I0125 09:53:24.000171       1 util.go:273] Listening to cni0 is meaningless, skip it.
I0125 09:53:24.000451       1 util.go:273] Listening to edgemesh0 is meaningless, skip it.
I0125 09:53:24.023503       1 module.go:181] I'm {12D3KooWNaoRLh49Y4AbpJJJ9ystr2DVWo66wA1zfGt7Jgtc3QA9: [/ip4/127.0.0.1/tcp/20006 /ip4/10.128.0.3/tcp/20006 /ip4/10.128.0.3/tcp/20006]}
I0125 09:53:24.023740       1 module.go:190] Run as a relay node
I0125 09:53:24.026122       1 module.go:203] Bootstrapping the DHT
I0125 09:53:24.027799       1 tunnel.go:80] Starting MDNS discovery service
I0125 09:53:24.027880       1 tunnel.go:93] Starting DHT discovery service
I0125 09:53:24.028102       1 module.go:34] Module EdgeTunnel registered successfully
I0125 09:53:24.028150       1 server.go:112] [4] Cache beehive modules
I0125 09:53:24.028191       1 server.go:119] [5] Start all modules
I0125 09:53:24.028718       1 core.go:24] Starting module EdgeProxy
I0125 09:53:24.029159       1 core.go:24] Starting module EdgeTunnel
I0125 09:53:24.043160       1 tunnel.go:493] Starting relay finder
I0125 09:53:24.088438       1 config.go:317] "Starting service config controller"
I0125 09:53:24.088546       1 shared_informer.go:240] Waiting for caches to sync for service config
I0125 09:53:24.088590       1 config.go:135] "Starting endpoints config controller"
I0125 09:53:24.088614       1 shared_informer.go:240] Waiting for caches to sync for endpoints config
I0125 09:53:24.089505       1 loadbalancer.go:239] "Starting loadBalancer destinationRule controller"
I0125 09:53:24.089602       1 shared_informer.go:240] Waiting for caches to sync for loadBalancer destinationRule
I0125 09:53:24.197950       1 shared_informer.go:247] Caches are synced for loadBalancer destinationRule
I0125 09:53:24.198155       1 shared_informer.go:247] Caches are synced for service config
I0125 09:53:24.198188       1 shared_informer.go:247] Caches are synced for endpoints config
I0125 09:53:33.640598       1 tunnel.go:205] Discovery service got a new stream from {12D3KooWGBhMYPovo3Qgdt31yEeoGeDAyQq2xVYsd9znn4V4Nit8: [/ip4/10.128.0.2/tcp/20006]}
I0125 09:53:33.641206       1 tunnel.go:234] [DHT] Discovery from terraform-worker01 : {12D3KooWGBhMYPovo3Qgdt31yEeoGeDAyQq2xVYsd9znn4V4Nit8: [/ip4/10.128.0.2/tcp/20006]}
hrushi2002j@terraform-master:~$ kubectl logs -n kubeedge pod/edgemesh-agent-r6pbr
I0125 09:53:23.786357       1 server.go:56] Version: v1.14.0-dirty
I0125 09:53:23.786626       1 server.go:92] [1] Prepare agent to run
I0125 09:53:23.796225       1 server.go:96] edgemesh-agent running on CloudMode
I0125 09:53:23.796264       1 server.go:99] [2] New clients
W0125 09:53:23.796283       1 client_config.go:617] Neither --kubeconfig nor --master was specified.  Using the inClusterConfig.  This might not work.
I0125 09:53:23.797332       1 server.go:106] [3] Register beehive modules
W0125 09:53:23.797354       1 module.go:37] Module EdgeDNS is disabled, do not register
I0125 09:53:23.797712       1 server.go:68] Using userspace Proxier.
I0125 09:53:23.997100       1 module.go:34] Module EdgeProxy registered successfully
I0125 09:53:24.000171       1 util.go:273] Listening to cni0 is meaningless, skip it.
I0125 09:53:24.000451       1 util.go:273] Listening to edgemesh0 is meaningless, skip it.
I0125 09:53:24.023503       1 module.go:181] I'm {12D3KooWNaoRLh49Y4AbpJJJ9ystr2DVWo66wA1zfGt7Jgtc3QA9: [/ip4/127.0.0.1/tcp/20006 /ip4/10.128.0.3/tcp/20006 /ip4/10.128.0.3/tcp/20006]}
I0125 09:53:24.023740       1 module.go:190] Run as a relay node
I0125 09:53:24.026122       1 module.go:203] Bootstrapping the DHT
I0125 09:53:24.027799       1 tunnel.go:80] Starting MDNS discovery service
I0125 09:53:24.027880       1 tunnel.go:93] Starting DHT discovery service
I0125 09:53:24.028102       1 module.go:34] Module EdgeTunnel registered successfully
I0125 09:53:24.028150       1 server.go:112] [4] Cache beehive modules
I0125 09:53:24.028191       1 server.go:119] [5] Start all modules
I0125 09:53:24.028718       1 core.go:24] Starting module EdgeProxy
I0125 09:53:24.029159       1 core.go:24] Starting module EdgeTunnel
I0125 09:53:24.043160       1 tunnel.go:493] Starting relay finder
I0125 09:53:24.088438       1 config.go:317] "Starting service config controller"
I0125 09:53:24.088546       1 shared_informer.go:240] Waiting for caches to sync for service config
I0125 09:53:24.088590       1 config.go:135] "Starting endpoints config controller"
I0125 09:53:24.088614       1 shared_informer.go:240] Waiting for caches to sync for endpoints config
I0125 09:53:24.089505       1 loadbalancer.go:239] "Starting loadBalancer destinationRule controller"
I0125 09:53:24.089602       1 shared_informer.go:240] Waiting for caches to sync for loadBalancer destinationRule
I0125 09:53:24.197950       1 shared_informer.go:247] Caches are synced for loadBalancer destinationRule
I0125 09:53:24.198155       1 shared_informer.go:247] Caches are synced for service config
I0125 09:53:24.198188       1 shared_informer.go:247] Caches are synced for endpoints config
I0125 09:53:33.640598       1 tunnel.go:205] Discovery service got a new stream from {12D3KooWGBhMYPovo3Qgdt31yEeoGeDAyQq2xVYsd9znn4V4Nit8: [/ip4/10.128.0.2/tcp/20006]}
I0125 09:53:33.641206       1 tunnel.go:234] [DHT] Discovery from terraform-worker01 : {12D3KooWGBhMYPovo3Qgdt31yEeoGeDAyQq2xVYsd9znn4V4Nit8: [/ip4/10.128.0.2/tcp/20006]}
hrushi2002j@terraform-master:~$ kubectl get all -n kubeedge -o wide
NAME                             READY   STATUS    RESTARTS   AGE     IP           NODE                 NOMINATED NODE   READINESS GATES
pod/cloudcore-5ff67dd45f-twvzt   1/1     Running   0          7m28s   10.128.0.3   terraform-master     <none>           <none>
pod/edgemesh-agent-pdn5f         1/1     Running   0          117s    10.128.0.2   terraform-worker01   <none>           <none>
pod/edgemesh-agent-r6pbr         1/1     Running   0          117s    10.128.0.3   terraform-master     <none>           <none>

NAME                            DESIRED   CURRENT   READY   UP-TO-DATE   AVAILABLE   NODE SELECTOR   AGE    CONTAINERS       IMAGES
   SELECTOR
daemonset.apps/edgemesh-agent   2         2         2       2            2           <none>          117s   edgemesh-agent   kubeedge/edgemesh-agent:v1.14.0   k8s-app=kubeedge,kubeedge=edgemesh-agent

NAME                        READY   UP-TO-DATE   AVAILABLE   AGE     CONTAINERS   IMAGES                       SELECTOR
deployment.apps/cloudcore   1/1     1            1           7m28s   cloudcore    kubeedge/cloudcore:v1.15.1   k8s-app=kubeedge,kubeedge=cloudcore

NAME                                   DESIRED   CURRENT   READY   AGE     CONTAINERS   IMAGES                       SELECTOR
replicaset.apps/cloudcore-5ff67dd45f   1         1         1       7m28s   cloudcore    kubeedge/cloudcore:v1.15.1   k8s-app=kubeedge,kubeedge=cloudcore,pod-template-hash=5ff67dd45f
hrushi2002j@terraform-master:~$ kubectl logs -n kubeedge pod/edgemesh-agent-pdn5f
I0125 09:53:23.448085       1 server.go:56] Version: v1.14.0-dirty
I0125 09:53:23.448526       1 server.go:92] [1] Prepare agent to run
I0125 09:53:23.450658       1 server.go:96] edgemesh-agent running on EdgeMode
I0125 09:53:23.450729       1 server.go:99] [2] New clients
I0125 09:53:23.454962       1 server.go:106] [3] Register beehive modules
I0125 09:53:23.457553       1 module.go:34] Module EdgeDNS registered successfully
I0125 09:53:23.457906       1 server.go:68] Using userspace Proxier.
I0125 09:53:23.606641       1 module.go:34] Module EdgeProxy registered successfully
I0125 09:53:23.608671       1 util.go:273] Listening to edgemesh0 is meaningless, skip it.
I0125 09:53:23.608776       1 module.go:126] Configure libp2p.ForceReachabilityPrivate()
I0125 09:53:23.622381       1 module.go:181] I'm {12D3KooWGBhMYPovo3Qgdt31yEeoGeDAyQq2xVYsd9znn4V4Nit8: [/ip4/127.0.0.1/tcp/20006 /ip4/10.128.0.2/tcp/20006]}
I0125 09:53:23.622746       1 module.go:203] Bootstrapping the DHT
I0125 09:53:23.622984       1 tunnel.go:435] [Bootstrap] bootstrapping to 12D3KooWNaoRLh49Y4AbpJJJ9ystr2DVWo66wA1zfGt7Jgtc3QA9
E0125 09:53:23.623291       1 tunnel.go:439] [Bootstrap] failed to bootstrap with {12D3KooWNaoRLh49Y4AbpJJJ9ystr2DVWo66wA1zfGt7Jgtc3QA9: [/ip4/10.128.0.3/tcp/20006]}: failed to dial 12D3KooWNaoRLh49Y4AbpJJJ9ystr2DVWo66wA1zfGt7Jgtc3QA9:
  * [/ip4/10.128.0.3/tcp/20006] dial backoff
E0125 09:53:23.623374       1 tunnel.go:450] [Bootstrap] Not all bootstrapDail connected, continue bootstrapDail...
I0125 09:53:33.624172       1 tunnel.go:435] [Bootstrap] bootstrapping to 12D3KooWNaoRLh49Y4AbpJJJ9ystr2DVWo66wA1zfGt7Jgtc3QA9
I0125 09:53:33.632649       1 tunnel.go:445] [Bootstrap] success bootstrapped with {12D3KooWNaoRLh49Y4AbpJJJ9ystr2DVWo66wA1zfGt7Jgtc3QA9: [/ip4/10.128.0.3/tcp/20006]}
I0125 09:53:33.633399       1 tunnel.go:80] Starting MDNS discovery service
I0125 09:53:33.633497       1 tunnel.go:93] Starting DHT discovery service
I0125 09:53:33.633600       1 module.go:34] Module EdgeTunnel registered successfully
I0125 09:53:33.633608       1 server.go:112] [4] Cache beehive modules
I0125 09:53:33.633620       1 server.go:119] [5] Start all modules
I0125 09:53:33.633743       1 core.go:24] Starting module EdgeDNS
I0125 09:53:33.633854       1 core.go:24] Starting module EdgeProxy
I0125 09:53:33.633890       1 core.go:24] Starting module EdgeTunnel
I0125 09:53:33.635605       1 dns.go:38] Runs CoreDNS v1.8.0 as a local dns
I0125 09:53:33.636841       1 tunnel.go:493] Starting relay finder
I0125 09:53:33.638595       1 tunnel.go:126] [DHT] Discovery found peer: {12D3KooWNaoRLh49Y4AbpJJJ9ystr2DVWo66wA1zfGt7Jgtc3QA9: [/ip4/10.128.0.3/tcp/20006 /ip4/127.0.0.1/tcp/20006]}
I0125 09:53:33.638717       1 tunnel.go:156] [DHT] New stream between peer {12D3KooWNaoRLh49Y4AbpJJJ9ystr2DVWo66wA1zfGt7Jgtc3QA9: [/ip4/10.128.0.3/tcp/20006 /ip4/127.0.0.1/tcp/20006]} success
I0125 09:53:33.638873       1 config.go:317] "Starting service config controller"
I0125 09:53:33.638909       1 shared_informer.go:240] Waiting for caches to sync for service config
I0125 09:53:33.638943       1 config.go:135] "Starting endpoints config controller"
I0125 09:53:33.638967       1 shared_informer.go:240] Waiting for caches to sync for endpoints config
I0125 09:53:33.639587       1 loadbalancer.go:239] "Starting loadBalancer destinationRule controller"
I0125 09:53:33.639601       1 shared_informer.go:240] Waiting for caches to sync for loadBalancer destinationRule
I0125 09:53:33.641505       1 tunnel.go:192] [DHT] Discovery to terraform-master : {12D3KooWNaoRLh49Y4AbpJJJ9ystr2DVWo66wA1zfGt7Jgtc3QA9: [/ip4/10.128.0.3/tcp/20006 /ip4/127.0.0.1/tcp/20006]}
.:53 on 169.254.96.16
I0125 09:53:33.737350       1 log.go:184] [INFO] plugin/reload: Running configuration MD5 = 4ba233d14e39c5d57b4b7aa950136711
I0125 09:53:33.739091       1 shared_informer.go:247] Caches are synced for endpoints config
I0125 09:53:33.739221       1 shared_informer.go:247] Caches are synced for service config
I0125 09:53:33.739746       1 shared_informer.go:247] Caches are synced for loadBalancer destinationRule
I0125 09:53:33.779523       1 log.go:184] [INFO] 169.254.96.16:51635 - 264 "HINFO IN 6842026501025152172.7698888878098682159. udp 57 false 512" NXDOMAIN qr,rd,ra 132 0.042058125s
I0125 09:54:33.637762       1 tunnel.go:502] [Finder] send relayMap peer: {12D3KooWNaoRLh49Y4AbpJJJ9ystr2DVWo66wA1zfGt7Jgtc3QA9: [/ip4/10.128.0.3/tcp/20006]}
hrushi2002j@terraform-master:~$ sudo su
root@terraform-master:/home/hrushi2002j# iptables -F && iptables -t nat -F && iptables -t mangle -F && iptables -X
root@terraform-master:/home/hrushi2002j# exit
exit
hrushi2002j@terraform-master:~$ sudo iptables -P FORWARD ACCEPT
hrushi2002j@terraform-master:~$ git clone https://github.com/kubeedge/edgemesh
Cloning into 'edgemesh'...
remote: Enumerating objects: 22270, done.
remote: Counting objects: 100% (22102/22102), done.
remote: Compressing objects: 100% (9678/9678), done.
remote: Total 22270 (delta 10787), reused 21818 (delta 10708), pack-reused 168
Receiving objects: 100% (22270/22270), 36.39 MiB | 19.39 MiB/s, done.
Resolving deltas: 100% (10788/10788), done.
hrushi2002j@terraform-master:~$ kubectl get all -n kubeedge -o wide
NAME                             READY   STATUS    RESTARTS   AGE     IP           NODE                 NOMINATED NODE   READINESS GATES
pod/cloudcore-5ff67dd45f-twvzt   1/1     Running   0          8m13s   10.128.0.3   terraform-master     <none>           <none>
pod/edgemesh-agent-pdn5f         1/1     Running   0          2m42s   10.128.0.2   terraform-worker01   <none>           <none>
pod/edgemesh-agent-r6pbr         1/1     Running   0          2m42s   10.128.0.3   terraform-master     <none>           <none>

NAME                            DESIRED   CURRENT   READY   UP-TO-DATE   AVAILABLE   NODE SELECTOR   AGE     CONTAINERS       IMAGES
    SELECTOR
daemonset.apps/edgemesh-agent   2         2         2       2            2           <none>          2m42s   edgemesh-agent   kubeedge/edgemesh-agent:v1.14.0   k8s-app=kubeedge,kubeedge=edgemesh-agent

NAME                        READY   UP-TO-DATE   AVAILABLE   AGE     CONTAINERS   IMAGES                       SELECTOR
deployment.apps/cloudcore   1/1     1            1           8m13s   cloudcore    kubeedge/cloudcore:v1.15.1   k8s-app=kubeedge,kubeedge=cloudcore

NAME                                   DESIRED   CURRENT   READY   AGE     CONTAINERS   IMAGES                       SELECTOR
replicaset.apps/cloudcore-5ff67dd45f   1         1         1       8m13s   cloudcore    kubeedge/cloudcore:v1.15.1   k8s-app=kubeedge,kubeedge=cloudcore,pod-template-hash=5ff67dd45f
hrushi2002j@terraform-master:~$ kubectl logs -n kubeedge pod/edgemesh-agent-r6pbr
I0125 09:53:23.786357       1 server.go:56] Version: v1.14.0-dirty
I0125 09:53:23.786626       1 server.go:92] [1] Prepare agent to run
I0125 09:53:23.796225       1 server.go:96] edgemesh-agent running on CloudMode
I0125 09:53:23.796264       1 server.go:99] [2] New clients
W0125 09:53:23.796283       1 client_config.go:617] Neither --kubeconfig nor --master was specified.  Using the inClusterConfig.  This might not work.
I0125 09:53:23.797332       1 server.go:106] [3] Register beehive modules
W0125 09:53:23.797354       1 module.go:37] Module EdgeDNS is disabled, do not register
I0125 09:53:23.797712       1 server.go:68] Using userspace Proxier.
I0125 09:53:23.997100       1 module.go:34] Module EdgeProxy registered successfully
I0125 09:53:24.000171       1 util.go:273] Listening to cni0 is meaningless, skip it.
I0125 09:53:24.000451       1 util.go:273] Listening to edgemesh0 is meaningless, skip it.
I0125 09:53:24.023503       1 module.go:181] I'm {12D3KooWNaoRLh49Y4AbpJJJ9ystr2DVWo66wA1zfGt7Jgtc3QA9: [/ip4/127.0.0.1/tcp/20006 /ip4/10.128.0.3/tcp/20006 /ip4/10.128.0.3/tcp/20006]}
I0125 09:53:24.023740       1 module.go:190] Run as a relay node
I0125 09:53:24.026122       1 module.go:203] Bootstrapping the DHT
I0125 09:53:24.027799       1 tunnel.go:80] Starting MDNS discovery service
I0125 09:53:24.027880       1 tunnel.go:93] Starting DHT discovery service
I0125 09:53:24.028102       1 module.go:34] Module EdgeTunnel registered successfully
I0125 09:53:24.028150       1 server.go:112] [4] Cache beehive modules
I0125 09:53:24.028191       1 server.go:119] [5] Start all modules
I0125 09:53:24.028718       1 core.go:24] Starting module EdgeProxy
I0125 09:53:24.029159       1 core.go:24] Starting module EdgeTunnel
I0125 09:53:24.043160       1 tunnel.go:493] Starting relay finder
I0125 09:53:24.088438       1 config.go:317] "Starting service config controller"
I0125 09:53:24.088546       1 shared_informer.go:240] Waiting for caches to sync for service config
I0125 09:53:24.088590       1 config.go:135] "Starting endpoints config controller"
I0125 09:53:24.088614       1 shared_informer.go:240] Waiting for caches to sync for endpoints config
I0125 09:53:24.089505       1 loadbalancer.go:239] "Starting loadBalancer destinationRule controller"
I0125 09:53:24.089602       1 shared_informer.go:240] Waiting for caches to sync for loadBalancer destinationRule
I0125 09:53:24.197950       1 shared_informer.go:247] Caches are synced for loadBalancer destinationRule
I0125 09:53:24.198155       1 shared_informer.go:247] Caches are synced for service config
I0125 09:53:24.198188       1 shared_informer.go:247] Caches are synced for endpoints config
I0125 09:53:33.640598       1 tunnel.go:205] Discovery service got a new stream from {12D3KooWGBhMYPovo3Qgdt31yEeoGeDAyQq2xVYsd9znn4V4Nit8: [/ip4/10.128.0.2/tcp/20006]}
I0125 09:53:33.641206       1 tunnel.go:234] [DHT] Discovery from terraform-worker01 : {12D3KooWGBhMYPovo3Qgdt31yEeoGeDAyQq2xVYsd9znn4V4Nit8: [/ip4/10.128.0.2/tcp/20006]}
hrushi2002j@terraform-master:~$ cd edgemesh/
hrushi2002j@terraform-master:~/edgemesh$  kubectl apply -f examples/test-pod.yaml
pod/alpine-test created
pod/websocket-test created
hrushi2002j@terraform-master:~/edgemesh$ kubectl apply -f examples/hostname.yaml
deployment.apps/hostname-edge created
service/hostname-svc created
hrushi2002j@terraform-master:~/edgemesh$ kubectl logs -n kubeedge pod/edgemesh-agent-r6pbr
I0125 09:53:23.786357       1 server.go:56] Version: v1.14.0-dirty
I0125 09:53:23.786626       1 server.go:92] [1] Prepare agent to run
I0125 09:53:23.796225       1 server.go:96] edgemesh-agent running on CloudMode
I0125 09:53:23.796264       1 server.go:99] [2] New clients
W0125 09:53:23.796283       1 client_config.go:617] Neither --kubeconfig nor --master was specified.  Using the inClusterConfig.  This might not work.
I0125 09:53:23.797332       1 server.go:106] [3] Register beehive modules
W0125 09:53:23.797354       1 module.go:37] Module EdgeDNS is disabled, do not register
I0125 09:53:23.797712       1 server.go:68] Using userspace Proxier.
I0125 09:53:23.997100       1 module.go:34] Module EdgeProxy registered successfully
I0125 09:53:24.000171       1 util.go:273] Listening to cni0 is meaningless, skip it.
I0125 09:53:24.000451       1 util.go:273] Listening to edgemesh0 is meaningless, skip it.
I0125 09:53:24.023503       1 module.go:181] I'm {12D3KooWNaoRLh49Y4AbpJJJ9ystr2DVWo66wA1zfGt7Jgtc3QA9: [/ip4/127.0.0.1/tcp/20006 /ip4/10.128.0.3/tcp/20006 /ip4/10.128.0.3/tcp/20006]}
I0125 09:53:24.023740       1 module.go:190] Run as a relay node
I0125 09:53:24.026122       1 module.go:203] Bootstrapping the DHT
I0125 09:53:24.027799       1 tunnel.go:80] Starting MDNS discovery service
I0125 09:53:24.027880       1 tunnel.go:93] Starting DHT discovery service
I0125 09:53:24.028102       1 module.go:34] Module EdgeTunnel registered successfully
I0125 09:53:24.028150       1 server.go:112] [4] Cache beehive modules
I0125 09:53:24.028191       1 server.go:119] [5] Start all modules
I0125 09:53:24.028718       1 core.go:24] Starting module EdgeProxy
I0125 09:53:24.029159       1 core.go:24] Starting module EdgeTunnel
I0125 09:53:24.043160       1 tunnel.go:493] Starting relay finder
I0125 09:53:24.088438       1 config.go:317] "Starting service config controller"
I0125 09:53:24.088546       1 shared_informer.go:240] Waiting for caches to sync for service config
I0125 09:53:24.088590       1 config.go:135] "Starting endpoints config controller"
I0125 09:53:24.088614       1 shared_informer.go:240] Waiting for caches to sync for endpoints config
I0125 09:53:24.089505       1 loadbalancer.go:239] "Starting loadBalancer destinationRule controller"
I0125 09:53:24.089602       1 shared_informer.go:240] Waiting for caches to sync for loadBalancer destinationRule
I0125 09:53:24.197950       1 shared_informer.go:247] Caches are synced for loadBalancer destinationRule
I0125 09:53:24.198155       1 shared_informer.go:247] Caches are synced for service config
I0125 09:53:24.198188       1 shared_informer.go:247] Caches are synced for endpoints config
I0125 09:53:33.640598       1 tunnel.go:205] Discovery service got a new stream from {12D3KooWGBhMYPovo3Qgdt31yEeoGeDAyQq2xVYsd9znn4V4Nit8: [/ip4/10.128.0.2/tcp/20006]}
I0125 09:53:33.641206       1 tunnel.go:234] [DHT] Discovery from terraform-worker01 : {12D3KooWGBhMYPovo3Qgdt31yEeoGeDAyQq2xVYsd9znn4V4Nit8: [/ip4/10.128.0.2/tcp/20006]}
hrushi2002j@terraform-master:~/edgemesh$ kubectl exec -it alpine-test -- sh
/ # curl hostname-svc:12345
hostname-edge-7d596db977-4vsw4
/ # curl hostname-svc:12345
hostname-edge-7d596db977-4vsw4
/ # curl hostname-svc:12345
hostname-edge-7d596db977-4vsw4
/ # curl hostname-svc:12345
hostname-edge-7d596db977-4vsw4
/ # kubectl apply -f examples/cloudzone.yaml
sh: kubectl: not found
/ # exitkubectl apply -f examples/cloudzone.yaml^C
/ # exit
command terminated with exit code 130
hrushi2002j@terraform-master:~/edgemesh$ kubectl apply -f examples/cloudzone.yaml
namespace/cloudzone created
deployment.apps/tcp-echo-cloud created
service/tcp-echo-cloud-svc created
deployment.apps/busybox-sleep-cloud created
hrushi2002j@terraform-master:~/edgemesh$  kubectl apply -f examples/edgezone.yaml
namespace/edgezone created
deployment.apps/tcp-echo-edge created
service/tcp-echo-edge-svc created
deployment.apps/busybox-sleep-edge created
hrushi2002j@terraform-master:~/edgemesh$  BUSYBOX_POD=$(kubectl get all -n cloudzone | grep pod/busybox | awk '{print $1}')
hrushi2002j@terraform-master:~/edgemesh$ kubectl -n cloudzone exec $BUSYBOX_POD -c busybox -i -t -- sh
/ # telnet tcp-echo-edge-svc.edgezone 2701
^C
/ # exit
command terminated with exit code 130
hrushi2002j@terraform-master:~/edgemesh$ kubectl gel all -n cloudzone
error: unknown command "gel" for "kubectl"

Did you mean this?
        set
        get
hrushi2002j@terraform-master:~/edgemesh$ kubectl get all -n cloudzone
NAME                                       READY   STATUS    RESTARTS   AGE
pod/busybox-sleep-cloud-6cd5cd67cf-phvw7   1/1     Running   0          57s
pod/tcp-echo-cloud-64fbb784d9-dmnq8        1/1     Running   0          57s

NAME                         TYPE        CLUSTER-IP     EXTERNAL-IP   PORT(S)    AGE
service/tcp-echo-cloud-svc   ClusterIP   172.17.40.46   <none>        2701/TCP   57s

NAME                                  READY   UP-TO-DATE   AVAILABLE   AGE
deployment.apps/busybox-sleep-cloud   1/1     1            1           57s
deployment.apps/tcp-echo-cloud        1/1     1            1           57s

NAME                                             DESIRED   CURRENT   READY   AGE
replicaset.apps/busybox-sleep-cloud-6cd5cd67cf   1         1         1       57s
replicaset.apps/tcp-echo-cloud-64fbb784d9        1         1         1       57s
hrushi2002j@terraform-master:~/edgemesh$ kubectl get all -n cloudzone -o wide
NAME                                       READY   STATUS    RESTARTS   AGE   IP          NODE               NOMINATED NODE   READINESS GATES
pod/busybox-sleep-cloud-6cd5cd67cf-phvw7   1/1     Running   0          65s   10.85.0.7   terraform-master   <none>           <none>
pod/tcp-echo-cloud-64fbb784d9-dmnq8        1/1     Running   0          65s   10.85.0.6   terraform-master   <none>           <none>

NAME                         TYPE        CLUSTER-IP     EXTERNAL-IP   PORT(S)    AGE   SELECTOR
service/tcp-echo-cloud-svc   ClusterIP   172.17.40.46   <none>        2701/TCP   65s   app=tcp-echo-cloud

NAME                                  READY   UP-TO-DATE   AVAILABLE   AGE   CONTAINERS           IMAGES                    SELECTOR
deployment.apps/busybox-sleep-cloud   1/1     1            1           65s   busybox              busybox:1.28              app=busybox-sleep-cloud
deployment.apps/tcp-echo-cloud        1/1     1            1           65s   tcp-echo-container   poorunga/go-echo:latest   app=tcp-echo-cloud

NAME                                             DESIRED   CURRENT   READY   AGE   CONTAINERS           IMAGES                    SELECTOR
replicaset.apps/busybox-sleep-cloud-6cd5cd67cf   1         1         1       65s   busybox              busybox:1.28              app=busybox-sleep-cloud,pod-template-hash=6cd5cd67cf
replicaset.apps/tcp-echo-cloud-64fbb784d9        1         1         1       65s   tcp-echo-container   poorunga/go-echo:latest   app=tcp-echo-cloud,pod-template-hash=64fbb784d9
hrushi2002j@terraform-master:~/edgemesh$ kubectl get all -n egezone -o wide
No resources found in egezone namespace.
hrushi2002j@terraform-master:~/edgemesh$ kubectl get all -n edgezone -o wide
NAME                                      READY   STATUS    RESTARTS   AGE   IP          NODE                 NOMINATED NODE   READINESS GATES
pod/busybox-sleep-edge-79f4846b85-wrgj4   1/1     Running   0          73s   10.85.0.6   terraform-worker01   <none>           <none>
pod/tcp-echo-edge-757f4559d5-fndzx        1/1     Running   0          73s   10.85.0.5   terraform-worker01   <none>           <none>

NAME                        TYPE        CLUSTER-IP      EXTERNAL-IP   PORT(S)    AGE   SELECTOR
service/tcp-echo-edge-svc   ClusterIP   172.17.48.223   <none>        2701/TCP   73s   app=tcp-echo-edge

NAME                                 READY   UP-TO-DATE   AVAILABLE   AGE   CONTAINERS           IMAGES                    SELECTOR
deployment.apps/busybox-sleep-edge   1/1     1            1           73s   busybox              busybox:1.28              app=busybox-sleep-edge
deployment.apps/tcp-echo-edge        1/1     1            1           73s   tcp-echo-container   poorunga/go-echo:latest   app=tcp-echo-edge

NAME                                            DESIRED   CURRENT   READY   AGE   CONTAINERS           IMAGES                    SELECTOR
replicaset.apps/busybox-sleep-edge-79f4846b85   1         1         1       73s   busybox              busybox:1.28              app=busybox-sleep-edge,pod-template-hash=79f4846b85
replicaset.apps/tcp-echo-edge-757f4559d5        1         1         1       73s   tcp-echo-container   poorunga/go-echo:latest   app=tcp-echo-edge,pod-template-hash=757f4559d5
hrushi2002j@terraform-master:~/edgemesh$ kubectl -n cloudzone exec $BUSYBOX_POD -c busybox -i -t -- sh
/ # telnet tcp-echo-edge-svc.edgezone 2701
Welcome, you are connected to node terraform-worker01.
Running on Pod tcp-echo-edge-757f4559d5-fndzx.
In namespace edgezone.
With IP address 10.85.0.5.
Service default.
ls
ls
exiit
exiit
^C
Console escape. Commands are:

 l      go to line mode
 c      go to character mode
 z      suspend telnet
 e      exit telnet
continuing...
