time_unix,CPU usage [%],terraform-worker-3:9100_memory_percentage,terraform-worker-3:8080_network
1715002717,5.26491228069909,13.9729884821699,0
1715002727,5.24736842105529,13.9545950748794,0
1715002737,5.24736842105529,13.9545950748794,0
1715002747,5.15263157894696,13.9296752974514,0
1715002757,5.02105263157958,13.9061838670332,0
1715002767,5.02105263157958,13.9061838670332,0
1715002777,4.99824561403841,13.8884183320709,0
1715002787,4.88036800129207,13.8701625063663,0
1715002797,4.88036800129207,13.8701625063663,0
1715002807,4.75472015887617,13.8555688523294,0
1715002817,4.75263157894696,13.8418031892913,0
1715002827,4.75263157894696,13.8418031892913,0
1715002837,4.89682492342595,13.8252508737681,0
1715002847,4.91370145158365,13.8080631814666,0
1715002857,4.91370145158365,13.8080631814666,0
1715002867,4.95789473684291,13.7912607176055,0
1715002877,4.9192982456136,13.7724695744577,0
1715002887,4.9192982456136,13.7724695744577,0
1715002897,5.00843862609837,13.7467993520157,0
1715002907,5.01929824561319,13.7420215187606,0
1715002917,5.01929824561319,13.7420215187606,0
1715002927,5.0996670163745,13.7426944177898,0
1715002937,5.07543859649101,13.7436599903743,0
1715002947,5.07543859649101,13.7436599903743,0
1715002957,5.13333333333275,13.7472721323745,0
1715002967,5.0698423503259,13.7490957137582,0
1715002977,5.0698423503259,13.7490957137582,0
1715002987,5.13650925091029,13.7510843930451,0
1715002997,5.09298245613996,13.755689623947,0
1715003007,5.09298245613996,13.755689623947,0
1715003017,5.12138553899728,13.7563850363265,0
1715003027,5.04068406777767,13.7568528137186,0
1715003037,5.04068406777767,13.7568528137186,0
1715003047,5.05438596491148,13.7564625823113,0
1715003057,5.00526315789127,13.7583061755621,0
1715003067,5.00526315789127,13.7583061755621,0
1715003077,5.09473684210686,13.7659206909698,0
1715003087,5.09440384001332,13.77367779093,0
1715003097,5.09440384001332,13.77367779093,0
1715003107,4.98421052631865,13.783020831353,0
1715003117,5.05931599759987,13.7904302251235,0
1715003127,5.05931599759987,13.7904302251235,0
1715003137,5.0105263157874,13.7940123493231,0
1715003147,5.11228070175014,13.8033028585951,0
1715003157,5.11228070175014,13.8033028585951,0
1715003167,5.14210526315854,13.8119679970222,0
1715003177,5.04561403509024,13.8222440907459,0
1715003187,5.04561403509024,13.8222440907459,0
1715003197,5.07192982456059,13.8321649738295,0
1715003207,4.98070175438228,13.8431890110836,0
1715003217,4.98070175438228,13.8431890110836,0
1715003227,4.96315789473501,13.8604142256358,0
1715003237,4.87719298245594,13.874937838138,0
1715003247,4.87719298245594,13.874937838138,0
1715003257,4.91228070175192,13.8891087414837,0
1715003267,4.82807017543589,13.9042101966466,0
1715003277,4.82807017543589,13.9042101966466,0
1715003287,4.85438596491294,13.917575622344,0
1715003297,4.81052631578607,13.9312112082465,0
1715003307,4.81052631578607,13.9312112082465,0
1715003317,4.84703455099758,13.9463201678595,0
1715003327,4.80000000000346,13.9627524121804,0
1715003337,4.80000000000346,13.9627524121804,0
1715003347,4.83717600990996,13.9856534925211,0
1715003357,4.78596491227971,14.007146237719,0
1715003367,4.78596491227971,14.007146237719,0
1715003377,4.77894736842167,14.0275158168794,0
1715003387,4.69999999999961,14.0477278025869,0
1715003397,4.69999999999961,14.0477278025869,0
1715003407,4.5196332644416,14.0645903020491,0
1715003417,4.64210526315879,14.06229644179,0
1715003427,4.64210526315879,14.06229644179,0
1715003437,4.53859649123093,14.0636847650657,0
1715003447,4.65438596490985,14.0636122220477,0
1715003457,4.65438596490985,14.0636122220477,0
1715003467,4.79824561403652,14.0633720796432,0
1715003477,4.77894736842398,14.0663113226143,0
1715003487,4.77894736842398,14.0663113226143,0
1715003497,4.87719298245985,14.0770551937299,0
1715003507,4.86140350877259,14.0869760768136,0
1715003517,4.86140350877259,14.0869760768136,0
1715003527,4.90384244265559,14.097337220972,0
1715003537,4.83684210526543,14.1069804394006,0
1715003547,4.83684210526543,14.1069804394006,0
1715003557,4.89857930323339,14.1146649963428,0
1715003567,5.79506738572866,14.124543354209,0
1715003577,5.79506738572866,14.124543354209,0
1715003587,6.60000000000342,14.1518145260139,0
1715003597,7.22105263158085,14.1784353121401,12384.9884723849
1715003607,7.22105263158085,14.1784353121401,16250.3273632506
1715003617,7.97894736841987,14.2125405365382,20101.4428553926
1715003627,8.60669686560447,14.248179170248,23176.1517615176
1715003637,8.60669686560447,14.248179170248,23379.2443593966
1715003647,9.28421052631557,14.2826671216031,23379.2443593966
1715003657,9.9017543859627,14.3146185688113,23665.3112976565
1715003667,9.9017543859627,14.3146185688113,23933.6982431359
1715003677,10.6017543859659,14.3454893751995,23933.6982431359
1715003687,11.1803901066338,14.3782588074728,24226.5256892937
1715003697,11.1803901066338,14.3782588074728,18108.0942861128
1715003707,11.1035087719271,14.4086818483361,18108.0942861128
1715003717,11.2105263157872,14.438799708227,9825.8380108654
1715003727,11.2105263157872,14.438799708227,2019.96082955491
1715003737,11.1178557268229,14.4690126244863,1455.18854249212
1715003747,10.9862772411289,14.4952206658549,45.9060725912178
1715003757,10.9862772411289,14.4952206658549,0
1715003767,11.0964912280718,14.5215787962262,0
1715003777,11.00701754386,14.5463659950351,0
1715003787,11.00701754386,14.5463659950351,0
1715003797,11.0438596491226,14.5701350901085,0
1715003807,11.003196502445,14.5953575470254,45.1186666973596
1715003817,11.003196502445,14.5953575470254,0
1715003827,11.1000000000006,14.620347365988,0
1715003837,11.0684210526277,14.6452296211654,0
1715003847,11.0684210526277,14.6452296211654,0
1715003857,10.184210526316,14.6677454730655,0
1715003867,9.44035087718995,14.6892332152967,482.545518549665
1715003877,9.44035087718995,14.6892332152967,2726.71557898055
1715003887,9.14736842105134,14.7135451322634,4706.34399361822
1715003897,9.01754385964564,14.7404435830447,9833.66064694661
1715003907,9.01754385964564,14.7404435830447,19034.0094016905
1715003917,9.39824561403137,14.7658961764326,19034.0094016905
1715003927,9.64385964912286,14.7900555029132,28976.4899839653
1715003937,9.64385964912286,14.7900555029132,29747.2269346209
1715003947,9.6684210526344,14.813536927398,29747.2269346209
1715003957,9.60526315789012,14.8366481323425,27529.114716003
1715003967,9.60526315789012,14.8366481323425,22941.9862340216
1715003977,9.64912280701899,14.8590714293576,22941.9862340216
1715003987,10.1985607068072,14.8810819816151,23181.8404144156
1715003997,10.1985607068072,14.8810819816151,23369.6466809422
1715004007,10.7178571303261,14.9028423855346,23369.6466809422
1715004017,11.4014435138371,14.9427685617571,23635.7907145448
1715004027,11.4014435138371,14.9427685617571,23919.4045526154
1715004037,12.0894736842128,14.9798755662108,23919.4045526154
1715004047,12.5824561403482,15.0212225849929,24185.6577210735
1715004057,12.5824561403482,15.0212225849929,24451.4673694555
1715004067,13.3985494787723,15.0642280872557,24451.4673694555
1715004077,14.0403508771929,15.1030811271084,24801.3946508959
1715004087,14.0403508771929,15.1030811271084,25122.3399558499
1715004097,14.763157894736,15.1389348883888,25122.3399558499
1715004107,15.3459110669785,15.1739281393867,25308.8958625448
1715004117,15.3459110669785,15.1739281393867,25468.6961255784
1715004127,16.0438596491259,15.207290423221,25468.6961255784
1715004137,16.6874269734284,15.2406251907381,25601.4179173189
1715004147,16.6874269734284,15.2406251907381,25789.00281241
1715004157,17.4105263157923,15.2756959877207,25789.00281241
1715004167,17.7456140350855,15.3080051470522,25804.9588198611
1715004177,17.7456140350855,15.3080051470522,25894.8715214842
1715004187,17.8596491228117,15.3223011245668,25894.8715214842
1715004197,17.5122807017569,15.3355114582948,26005.5083171217
1715004207,17.5122807017569,15.3355114582948,26181.0923607331
1715004217,17.3210526315783,15.346450445114,26181.0923607331
1715004227,17.3596491228042,15.3607439211452,26331.5038923462
1715004237,17.3596491228042,15.3607439211452,26533.7176052057
1715004247,17.456140350878,15.3749223289411,26533.7176052057
1715004257,17.4929824561371,15.3888505883989,26740.0491828252
1715004267,17.4929824561371,15.3888505883989,26906.3250250993
1715004277,17.6207635816265,15.4025512128692,26906.3250250993
1715004287,17.6523426398016,15.4130749534474,27026.2537266943
1715004297,17.6523426398016,15.4130749534474,27121.1884633401
1715004307,17.615789473685,15.4238963705478,27121.1884633401
1715004317,17.6681321688835,15.4356758557825,27221.7895329207
1715004327,17.6681321688835,15.4356758557825,27235.2224658384
1715004337,17.8631578947362,15.4502419935022,27235.2224658384
1715004347,17.8084835385365,15.4656161103535,27239.6561706676
1715004357,17.8084835385365,15.4656161103535,27266.9824831993
1715004367,17.828358496991,15.480589989864,27266.9824831993
1715004377,18.0020420980975,15.4994261597127,27374.9149865075
1715004387,18.0020420980975,15.4994261597127,27488.2905280916
1715004397,18.1666666666669,15.5161710894561,27488.2905280916
1715004407,18.2523447450659,15.5305371085053,27535.3324187191
1715004417,18.2523447450659,15.5305371085053,27533.1005803998
1715004427,18.301754385967,15.5442427359424,27533.1005803998
1715004437,18.3350877192969,15.561377897093,27595.244504262
1715004447,18.3350877192969,15.561377897093,27569.9453798583
1715004457,18.4157894736832,15.584894342345,27569.9453798583
1715004467,18.456140350876,15.6077854167521,27588.253882268
1715004477,18.456140350876,15.6077854167521,27526.8286288561
1715004487,18.4859649122793,15.6265390376493,27526.8286288561
1715004497,18.5245614035071,15.6410501427347,27614.5084200652
1715004507,18.5245614035071,15.6410501427347,27680.1325234677
1715004517,18.5192982456128,15.6549558888421,27680.1325234677
1715004527,18.5561403508772,15.6676133947431,27778.9526918303
1715004537,18.5561403508772,15.6676133947431,27837.0737589603
1715004547,18.5859649122831,15.6801007997742,27837.0737589603
1715004557,18.5982456140367,15.6923130416337,27973.1354797722
1715004567,18.5982456140367,15.6923130416337,28043.2803816026
1715004577,18.6175438596469,15.7044102152576,28043.2803816026
1715004587,18.6561403508754,15.7168851128719,28098.4240592145
1715004597,18.6561403508754,15.7168851128719,28149.3527473238
1715004607,18.6350877192991,15.729292470435,28149.3527473238
1715004617,18.591228070178,15.7448567000231,28333.4434388144
1715004627,18.591228070178,15.7448567000231,28524.6010198
1715004637,18.7020396419694,15.7579069388147,28524.6010198
1715004647,18.8859649122787,15.7689409820023,28732.5211038599
1715004657,18.8859649122787,15.7689409820023,28855.6403195955
1715004667,18.7716448127927,15.7614240244465,28855.6403195955
1715004677,18.8505924582181,15.7609312322207,29021.6509695291
1715004687,18.8505924582181,15.7609312322207,29100.7043509272
1715004697,18.8210526315811,15.760405920711,29100.7043509272
1715004707,18.8649122806983,15.7597255172317,29148.4725768113
1715004717,18.8649122806983,15.7597255172317,29175.2413701891
1715004727,18.8102414394414,15.7589075321666,29175.2413701891
1715004737,18.840350877195,15.7591351671541,29280.9181690841
1715004747,18.840350877195,15.7591351671541,29367.5006607347
1715004757,18.8315789473691,15.7600482085877,29367.5006607347
1715004767,18.9280701754396,15.7609637515046,29434.5486072016
1715004777,18.9280701754396,15.7609637515046,29454.2065093429
1715004787,18.9070175438611,15.7618867988717,29454.2065093429
1715004797,19.0371261855258,15.7631900717125,29564.3659053128
1715004807,19.0371261855258,15.7631900717125,29762.7057901221
1715004817,19.0719298245625,15.7622595198953,29762.7057901221
1715004827,19.1964912280688,15.7549952121608,29929.3182675872
1715004837,19.1964912280688,15.7549952121608,30113.8122751553
1715004847,19.2178273058691,15.7470530024304,30113.8122751553
1715004857,19.3526315789498,15.7459648571603,30257.7349483593
1715004867,19.3526315789498,15.7459648571603,30441.2866958151
1715004877,19.3754385964898,15.7448567000231,30441.2866958151
1715004887,19.5020368349601,15.7438661126048,30572.2465699121
1715004897,19.5020368349601,15.7438661126048,30739.731428947
1715004907,19.4982456140314,15.7416823176144,30739.731428947
1715004917,19.5052631578918,15.7377299738745,31061.8789218642
1715004927,19.5052631578918,15.7377299738745,31359.5002462944
1715004937,19.4348050344036,15.7321341555542,31359.5002462944
1715004947,19.6912280701741,15.7208674744123,31704.0889918482
1715004957,19.6912280701741,15.7208674744123,31919.2726633872
1715004967,19.6421052631574,15.7111367040655,31919.2726633872
1715004977,19.915789473683,15.7001001593945,32139.3132759199
1715004987,19.915789473683,15.7001001593945,32164.4751604362
1715004997,19.9719298245628,15.6906970833705,32164.4751604362
1715005007,20.0789473684233,15.6810288501081,32150.7357121739
1715005017,20.0789473684233,15.6810288501081,32143.9304949134
1715005027,20.1035087719286,15.6713931361297,32143.9304949134
1715005037,20.2160694173,15.6575274137564,32250.4192539546
1715005047,20.2160694173,15.6575274137564,32346.2239497551
1715005057,20.2789473684207,15.6431463858068,32346.2239497551
1715005067,20.4421052631573,15.6309066276302,32427.2438904526
1715005077,20.4421052631573,15.6309066276302,32517.0203984098
1715005087,20.447368421049,15.6183041543636,32517.0203984098
1715005097,20.5476472012389,15.6082581971109,32722.7482933275
1715005107,20.5476472012389,15.6082581971109,32921.650030916
1715005117,20.5754385964918,15.5981672131574,32921.650030916
1715005127,20.7122807017503,15.5907828342207,33115.4498372978
1715005137,20.7122807017503,15.5907828342207,33235.7651639163
1715005147,20.7070175438569,15.5832183484806,33235.7651639163
1715005157,20.8333333333352,15.5756638686741,33454.1029839884
1715005167,20.8333333333352,15.5756638686741,33621.5569922947
1715005177,20.8558626521459,15.5678242197623,33621.5569922947
1715005187,21.0000000000004,15.5593992237397,33902.9415029415
1715005197,21.0000000000004,15.5593992237397,34062.0351117875
1715005207,20.9891964533233,15.5507190764123,34062.0351117875
1715005217,21.1280701754375,15.5381291105626,34325.0612876865
1715005227,21.1280701754375,15.5381291105626,34482.5763906141
1715005237,20.9932596727746,15.5336039271288,34482.5763906141
1715005247,21.2035087719288,15.5311849927007,34621.1864794401
1715005257,21.2035087719288,15.5311849927007,34722.3143123141
1715005267,21.0807017543875,15.5448831156876,34722.3143123141
1715005277,21.3318549759489,15.5520748804041,34913.0108239452
1715005287,21.3318549759489,15.5520748804041,35074.1596321164
1715005297,21.4105263157913,15.5591790932023,35074.1596321164
1715005307,21.5631578947385,15.5659005790434,35181.5603153686
1715005317,21.5631578947385,15.5659005790434,35204.0051737211
1715005327,21.5947368421028,15.5728922250895,35204.0051737211
1715005337,21.721327293587,15.5786406338959,35248.6067195924
1715005347,21.721327293587,15.5786406338959,35248.6010134391
1715005357,21.7245614035073,15.5806568294999,35248.6010134391
1715005367,21.8944627875917,15.5824078678657,35259.4918514915
1715005377,21.8944627875917,15.5824078678657,35309.2772121988
1715005387,21.9137611009156,15.5838212059751,35309.2772121988
1715005397,22.0947368421066,15.5917934335061,35591.1753049452
1715005407,22.0947368421066,15.5917934335061,35944.4628683867
1715005417,22.1032354499489,15.5999907945412,35944.4628683867
1715005427,22.2543859649147,15.6071950666745,36309.6951164673
1715005437,22.2543859649147,15.6071950666745,36573.4747652186
1715005447,22.3175438596464,15.6157601457664,36573.4747652186
1715005457,22.4754385964907,15.6209407178457,36809.3792247512
1715005467,22.4754385964907,15.6209407178457,36925.2731373021
1715005477,22.4879912702072,15.6262888893114,36925.2731373021
1715005487,22.5894736842119,15.6316120459432,36975.4353843807
1715005497,22.5894736842119,15.6316120459432,37025.2660472023
1715005507,22.5877192982488,15.6394767096889,37025.2660472023
1715005517,22.726044652787,15.6492274919027,37172.4457999072
1715005527,22.726044652787,15.6492274919027,37360.2516571172
1715005537,22.6561403508753,15.6568320013768,37360.2516571172
1715005547,22.6543859649121,15.6687115459468,36596.3450389084
1715005557,22.6543859649121,15.6687115459468,36768.5362273718
1715005567,22.6839392418935,15.6764661444237,36768.5362273718
1715005577,22.7350877192986,15.6812164613616,37019.7386210004
1715005587,22.7350877192986,15.6812164613616,38226.3591943222
1715005597,22.8649122807005,15.6777694172644,38226.3591943222
1715005607,23.0067473920992,15.6736995038058,38493.3421516755
1715005617,23.0067473920992,15.6736995038058,38646.9454231204
1715005627,23.01727374482,15.6698547238512,38646.9454231204
1715005637,23.1315789473712,15.668186234437,38795.3494575849
1715005647,23.1315789473712,15.668186234437,38756.1816747436
1715005657,23.116059241896,15.6609544459865,38756.1816747436
1715005667,23.2614035087715,15.6528421353863,38692.8926201046
1715005677,23.2614035087715,15.6528421353863,38618.7920375025
1715005687,23.2245614035054,15.6476290440231,38618.7920375025
1715005697,23.3456140350886,15.640242163603,38710.1892478837
1715005707,23.3456140350886,15.640242163603,38770.0596158092
1715005717,23.3406198574719,15.6392115524506,38770.0596158092
1715005727,23.3947368421085,15.6316870904446,38810.0636129515
1715005737,23.3947368421085,15.6316870904446,38762.1932481672
1715005747,23.3403508771968,15.6257785867019,38762.1932481672
1715005757,23.4278015010566,15.6224766286408,38714.1284568553
1715005767,23.4278015010566,15.6224766286408,38683.1063342832
1715005777,23.4175438596444,15.6190095726766,38683.1063342832
1715005787,23.4877192982415,15.6160703297055,38569.9545454545
1715005797,23.4877192982415,15.6160703297055,38461.6217924124
1715005807,23.4473684210539,15.6201527505811,38461.6217924124
1715005817,23.5649122807043,15.6241426165716,38423.1667864845
1715005827,23.5649122807043,15.6241426165716,38398.9387791501
1715005837,23.6122807017522,15.6235547679774,38398.9387791501
1715005847,23.5160578383899,15.6197099880229,38416.6359955834
1715005857,23.5160578383899,15.6197099880229,38355.7407847287
1715005867,23.5701754385956,15.6091061999766,38355.7407847287
1715005877,23.4388651267921,15.6002359399124,38358.7944297949
1715005887,23.4388651267921,15.6002359399124,38294.1956956844
1715005897,23.3862337325091,15.5963611421573,38294.1956956844
1715005907,23.3508771929822,15.5878560986665,38233.147147283
1715005917,23.3508771929822,15.5878560986665,38156.5693674437
1715005927,23.2616727660571,15.5795336634624,38156.5693674437
1715005937,23.2348183677827,15.5764943611562,38133.0027450633
1715005947,23.2348183677827,15.5764943611562,37999.3307306191
1715005957,23.0561403508794,15.5740178926103,37999.3307306191
1715005967,22.9912280701787,15.5717990768526,37860.7512223699
1715005977,22.9912280701787,15.5717990768526,37773.0618922112
1715005987,22.8403508771929,15.5705483351628,37773.0618922112
1715005997,22.7754385964937,15.562748709985,37875.0383250843
1715006007,22.7754385964937,15.562748709985,37959.4944693505
1715006017,22.6914993280702,15.5554869037339,37959.4944693505
1715006027,22.7228070175409,15.5553218058309,38041.1691515138
1715006037,22.7228070175409,15.5553218058309,38088.587806149
1715006047,22.6298245614057,15.5548540284389,38088.587806149
1715006057,22.6350877193017,15.5505564799926,38206.4693737096
1715006067,22.6350877193017,15.5505564799926,38267.2549362223
1715006077,22.5105263157913,15.5457386230035,38267.2549362223
1715006087,22.4736842105242,15.5423641219243,38313.9350052985
1715006097,22.4736842105242,15.5423641219243,38231.9366915507
1715006107,22.2824561403503,15.536603205701,38231.9366915507
1715006117,22.2862375921534,15.5305896396563,38196.3606918734
1715006127,22.2862375921534,15.5305896396563,38027.5738984941
1715006137,22.1839374874993,15.5247686878319,38027.5738984941
1715006147,22.094736842103,15.5174593533966,37832.7864431159
1715006157,22.094736842103,15.5174593533966,37590.0332075813
1715006167,21.9804280015016,15.5163161754921,37590.0332075813
1715006177,22.1032354499512,15.5124088584531,37487.3600419874
1715006187,22.1032354499512,15.5124088584531,37412.6062291185
1715006197,22.0105263157901,15.5166964009658,37412.6062291185
1715006207,22.0506036863288,15.5198482700241,37358.2286109685
1715006217,22.0506036863288,15.5198482700241,37280.4029957204
1715006227,21.9807017543888,15.5255366432294,37280.4029957204
1715006237,22.0122807017533,15.5289911917767,37280.7389460933
1715006247,22.0122807017533,15.5289911917767,37246.2801995512
1715006257,22.0070175438575,15.5312700431356,37246.2801995512
1715006267,22.0192982456181,15.5345269744959,37217.0229841496
1715006277,22.0192982456181,15.5345269744959,37173.7937495817
1715006287,22.0315789473657,15.5344019003269,37173.7937495818
1715006297,21.9807017543898,15.5347571109668,37219.4894146949
1715006307,21.9807017543898,15.5347571109668,37232.2702016888
1715006317,21.8964912280723,15.5289211502421,37232.2702016888
1715006327,21.8105263157917,15.5272876815952,37244.6667117208
1715006337,21.8105263157917,15.5272876815952,37201.7822183217
1715006347,21.7754385964898,15.5319129243641,37201.7822183217
1715006357,21.7701754385991,15.5338540754668,37168.5128342008
1715006367,21.7701754385991,15.5338540754668,37024.3053288944
1715006377,21.7070175438618,15.5390846772136,37024.3053288944
1715006387,21.6476433416044,15.543877519369,36837.3013226631
1715006397,21.6476433416044,15.543877519369,36621.7319898797
1715006407,21.5821809901044,15.5418913415656,36621.7319898797
1715006417,21.5388717934337,15.5399001607954,36530.8803611738
1715006427,21.5388717934337,15.5399001607954,36429.9677090783
1715006437,21.4894736842111,15.5387244636069,36429.9677090783
1715006447,21.5157894736824,15.5372911136304,36315.319559414
1715006457,21.5157894736824,15.5372911136304,36205.2195881172
1715006467,21.340350877191,15.5423115907733,36205.2195881172
1715006477,21.3438596491236,15.5453834123635,35966.6796525884
1715006487,21.3438596491236,15.5453834123635,35970.0752584917
1715006497,21.4771929824573,15.5461588722112,35970.0752584917
1715006507,21.5213279953391,15.5601646776538,35959.9202834367
1715006517,21.5213279953391,15.5601646776538,36083.6080706844
1715006527,21.7385964912293,15.5703782342929,36083.6080706844
1715006537,21.6842105263175,15.5765468923071,36025.036131184
1715006547,21.6842105263175,15.5765468923071,35888.4774654368
1715006557,21.6985203560651,15.5879286416845,35888.4774654368
1715006567,21.6523566749384,15.6017243225233,35741.3161889454
1715006577,21.6523566749384,15.6017243225233,35538.164893617
1715006587,21.6453391064508,15.6147920716985,35538.164893617
1715006597,21.601754385964,15.6271318892103,35408.5052965402
1715006607,21.601754385964,15.6271318892103,35256.7946904581
1715006617,21.6265907838905,15.6370102470765,35256.7946904581
1715006627,21.5421052631576,15.6425535342458,35073.4673946819
1715006637,21.5421052631576,15.6425535342458,34870.8472042938
1715006647,21.521052631575,15.6474364298029,34870.8472042938
1715006657,21.4669422212542,15.6523068179431,34715.5321255093
1715006667,21.4669422212542,15.6523068179431,34544.1951779057
1715006677,21.4856894234716,15.6645240627692,34544.1951779057
1715006687,21.4090476875529,15.6754280288211,34375.6634644909
1715006697,21.4090476875529,15.6754280288211,34261.9741238968
1715006707,21.3681451513864,15.6870624280198,34261.9741238968
1715006717,21.284210526317,15.6988168984208,34286.0191617854
1715006727,21.284210526317,15.6988168984208,34433.5559191615
1715006737,21.2771929824566,15.7106163955225,34433.5559191615
1715006747,21.1754385964938,15.723243883623,34614.6328281577
1715006757,21.1754385964938,15.723243883623,34733.7868881428
1715006767,21.1564169950297,15.7318414819988,34733.7868881428
1715006777,20.8651899467044,15.7428505103526,34805.2562773295
1715006787,20.8651899467044,15.7428505103526,34765.1061145406
1715006797,20.9277927290991,15.7648460537098,34765.1061145406
1715006807,20.6175438596446,15.7876395702652,34671.6805324459
1715006817,20.6175438596446,15.7876395702652,34621.1254756236
1715006827,20.736842105262,15.8038992122328,34621.1254756236
1715006837,20.6698970873602,15.8257871918047,34721.9183845183
1715006847,20.6698970873602,15.8257871918047,34868.8553920472
1715006857,20.6438596491235,15.8279159541608,34868.8553920472
1715006867,20.6020329753204,15.8294843842399,35035.6157124247
1715006877,20.6020329753204,15.8294843842399,35109.1292715289
1715006887,20.6210526315796,15.8329214224035,35109.1292715289
1715006897,20.613756539496,15.8270254260777,35206.1295544763
1715006907,20.613756539496,15.8270254260777,35153.0614542752
1715006917,20.6228070175449,15.8222976224901,35153.0614542752
1715006927,20.5754385964945,15.821104414918,35065.1243078441
1715006937,20.5754385964945,15.821104414918,34942.8105640691
1715006947,20.6242828922211,15.8122166444702,34942.8105640691
1715006957,20.5897523166578,15.8035715179101,34928.2851765748
1715006967,20.5897523166578,15.8035715179101,34792.9662026939
1715006977,20.6421052631577,15.7922673145175,34792.9662026939
1715006987,20.6298245614053,15.7818561406914,34625.9347653142
1715006997,20.6298245614053,15.7818561406914,34341.7507277774
1715007007,20.6456140350894,15.7718502071729,34341.7507277774
1715007017,20.5999999999986,15.7686633173472,34102.8824448689
1715007027,20.5999999999986,15.7686633173472,33780.2673902103
1715007037,20.6228070175439,15.7624096088981,33780.2673902103
1715007047,20.5751599128402,15.756175912316,33460.5418138987
1715007057,20.5751599128402,15.756175912316,33090.5510930123
1715007067,20.5874406576858,15.7507852156329,33090.5510930123
1715007077,20.410805576121,15.7453194744483,32790.8781056597
1715007087,20.410805576121,15.7453194744483,32389.8175608879
1715007097,20.5105263157928,15.7403040002722,32389.8175608879
1715007107,20.3052631578944,15.7272637674141,32001.7411491584
1715007117,20.3052631578944,15.7272637674141,31590.4824372922
1715007127,20.2789473684206,15.7186686705216,31590.4824372922
1715007137,20.3175438596444,15.7174529495991,31215.2790158674
1715007147,20.3175438596444,15.7174529495991,30793.8999375725
1715007157,20.2824561403553,15.7121097811002,30793.8999375725
1715007167,20.1771929824567,15.7064514256954,30380.721745335
1715007177,20.1771929824567,15.7064514256954,29969.6847210994
1715007187,20.1192982456117,15.7030869305498,29969.6847210994
1715007197,20.0684210526336,15.7018461947935,29662.8253615128
1715007207,20.0684210526336,15.7018461947935,29358.1052205403
1715007217,20.0140350877164,15.6848486152289,29358.1052205403
1715007227,19.8508771929816,15.666815421545,29038.2394741517
1715007237,19.8508771929816,15.666815421545,28716.2592986185
1715007247,19.7277885185565,15.6498503612642,28716.2592986185
1715007257,19.5541036986114,15.633903404719,28591.3959536298
1715007267,19.5541036986114,15.633903404719,28577.1437501395
1715007277,19.4456140350854,15.6108647427925,28577.1437501395
1715007287,19.2631578947346,15.5884464487441,28590.2007890503
1715007297,19.2631578947346,15.5884464487441,28560.7028753994
1715007307,19.1599327721675,15.5659881309617,28560.7028753994
1715007317,19.0385964912288,15.549188168584,28572.6759893661
1715007327,19.0385964912288,15.549188168584,28592.1166330623
1715007337,19.0070175438582,15.5342843306081,28592.1166330623
1715007347,18.910526315788,15.5214242045533,28588.5663638378
1715007357,18.910526315788,15.5214242045533,28578.0338983051
1715007367,18.8543859649118,15.5099198824903,28578.0338983051
1715007377,18.703508771929,15.4987182399163,28680.4429370409
1715007387,18.703508771929,15.4987182399163,28792.2221730079
1715007397,18.7792323535692,15.4783261474054,28792.2221730079
1715007407,18.6807017543851,15.4645354695334,28917.1991421433
1715007417,18.6807017543851,15.4645354695334,28934.4966442953
1715007427,18.5157894736884,15.4544519900301,28934.4966442953
1715007437,18.5087719298241,15.4394080689849,29010.8215894069
1715007447,18.5087719298241,15.4394080689849,29024.9988958085
1715007457,18.503794723526,15.4442059141071,29024.9988958085
1715007467,18.407017543864,15.447585418153,29017.1528118998
1715007477,18.407017543864,15.447585418153,28975.5967105703
1715007487,18.3859649122787,15.4500043525811,28975.5967105703
1715007497,18.382456140352,15.4616612651302,29047.40824393
1715007507,18.382456140352,15.4616612651302,29135.9313486973
1715007517,18.435087719296,15.4720799434064,29135.9313486973
1715007527,18.4894736842104,15.4792041680717,29190.9278163833
1715007537,18.4894736842104,15.4792041680717,29171.1707746479
1715007547,18.5350877192972,15.486368416471,29171.1707746479
1715007557,18.5564261178035,15.4933100328495,29228.6327594515
1715007567,18.5564261178035,15.4933100328495,29240.2463172096
1715007577,18.6298245614057,15.5003992367474,29240.2463172096
1715007587,18.6225214825305,15.5077560993669,29247.4510511594
1715007597,18.6225214825305,15.5077560993669,29214.7731834605
1715007607,18.621052631576,15.5149728789172,29214.7731834605
1715007617,18.6157894736883,15.5180196856736,29282.1172660115
1715007627,18.6157894736883,15.5180196856736,29316.3155535634
1715007637,18.6245614035118,15.5239582072169,29316.3155535634
1715007647,18.6172583061663,15.5309898769971,29373.7846915326
1715007657,18.6172583061663,15.5309898769971,29374.2008104457
1715007667,18.6157894736866,15.5378539473908,29374.2008104457
1715007677,18.4997140340869,15.5444578635131,29488.6203989885
1715007687,18.4997140340869,15.5444578635131,29541.8108945163
1715007697,18.5596491228065,15.5479724476615,29541.8108945163
1715007707,18.6932677429169,15.5568927373933,29636.7805048476
1715007717,18.6932677429169,15.5568927373933,29605.3313924396
1715007727,18.661118109187,15.5658530508592,29605.3313924396
1715007737,18.6207670904135,15.5665209469215,29628.3421293671
1715007747,18.6207670904135,15.5665209469215,29509.7375298262
1715007757,18.7508771929815,15.5726495812017,29509.7375298262
1715007767,18.7578947368432,15.5803116247935,29419.1516539664
1715007777,18.7578947368432,15.5803116247935,29230.7727491024
1715007787,18.7508771929804,15.5866954103783,29230.7727491024
1715007797,18.712280701755,15.5707109315824,29230.0066093853
1715007807,18.712280701755,15.5707109315824,29140.9387165916
1715007817,18.7403508771933,15.5820901794764,29140.9387165916
1715007827,18.7087719298254,15.5927139793898,29088.2037188131
1715007837,18.7087719298254,15.5927139793898,29001.9071837254
1715007847,18.7295394018946,15.6023496933682,29001.9071837254
1715007857,18.7350877192936,15.6115301373715,29074.3082279641
1715007867,18.7350877192936,15.6115301373715,29170.173295326
1715007877,18.7616885554763,15.6205855072058,29170.173295326
1715007887,18.7333333333368,15.6283476101328,29293.4540326616
1715007897,18.7333333333368,15.6283476101328,29357.5596816976
1715007907,18.6701754385973,15.6363198376637,29357.5596816976
1715007917,18.6441451082606,15.6386036919893,29427.1202767196
1715007927,18.6441451082606,15.6386036919893,29387.9984926071
1715007937,18.635087719298,15.6388763536777,29387.9984926071
1715007947,18.5929824561373,15.6375380600696,29313.1751353009
1715007957,18.5929824561373,15.6375380600696,29213.2965222425
1715007967,18.5877192982443,15.6365749889685,29213.2965222425
1715007977,18.5315789473681,15.636710069071,29203.8903469113
1715007987,18.5315789473681,15.636710069071,29178.9281255573
1715007997,18.3839241541187,15.6365899978687,29178.9281255573
1715008007,18.4634439879134,15.6288954349929,29124.1891051275
1715008017,18.4634439879134,15.6288954349929,29004.6301524562
1715008027,18.4807017543831,15.6245278450121,29004.6301524562
1715008037,18.3421052631589,15.6204954538041,28953.4452316563
1715008047,18.3421052631589,15.6204954538041,28900.6454484754
1715008057,18.280988487756,15.6165981426986,28900.6454484754
1715008067,18.3508771929867,15.614169202337,28826.4830325533
1715008077,18.3508771929867,15.614169202337,28672.0828497456
1715008087,18.2982456140388,15.6116602145072,28672.0828497456
1715008097,18.2280701754384,15.6097816004891,28494.8219920885
1715008107,18.2280701754384,15.6097816004891,28250.4545252982
1715008117,18.2157894736825,15.6079455116884,28250.4545252982
1715008127,18.1403508771929,15.6061094228878,27943.8224665795
1715008137,18.1403508771929,15.6061094228878,27626.8905323473
1715008147,18.0526315789521,15.6042808385373,27626.8905323473
1715008157,18.0190105930236,15.6025473105552,27486.7752591411
1715008167,18.0190105930236,15.6025473105552,27442.0850283875
1715008177,18.0017543859606,15.6014916845689,27442.0850283875
1715008187,17.9877192982419,15.5958233232307,27448.4958774236
1715008197,17.9877192982419,15.5958233232307,27433.3586524284
1715008207,17.935087719299,15.591140546344,27433.3586524284
1715008217,17.9157894736834,15.5864852857745,27501.627375088
1715008227,17.9157894736834,15.5864852857745,27507.756128776
1715008237,17.9350877192988,15.5920410803606,27507.756128776
1715008247,17.9122807017573,15.5968589373498,27496.5262700825
1715008257,17.9122807017573,15.5968589373498,27524.8388652607
1715008267,17.8789473684214,15.6006812039539,27524.8388652607
1715008277,17.9280701754436,15.6048886989985,27750.7216073093
1715008287,17.9280701754436,15.6048886989985,28067.277593794
1715008297,17.7859649122833,15.6094063779821,28067.277593794
1715008307,17.7631578947354,15.6084207935306,28400.7837062013
1715008317,17.7631578947354,15.6084207935306,28684.9030470914
1715008327,17.8614035087709,15.6087634967536,28684.9030470914
1715008337,17.8874311839697,15.6130710511333,29010.2009810305
1715008347,17.8874311839697,15.6130710511333,29264.2244049199
1715008357,17.7543859649083,15.6109923184448,29264.2244049199
1715008367,17.903508771927,15.6053889956744,29542.2274946389
1715008377,17.903508771927,15.6053889956744,29802.8430021017
1715008387,17.9037968287801,15.5988000884524,29802.8430021017
1715008397,17.9912280701779,15.6114225735861,30160.2773864991
1715008407,17.9912280701779,15.6114225735861,30426.7669630628
1715008417,18.036842105261,15.6159177392193,30426.7669630628
1715008427,18.1929824561387,15.6227592962627,30682.8445942948
1715008437,18.1929824561387,15.6227592962627,30938.2895904942
1715008447,18.2315789473675,15.632104838169,30938.2895904942
1715008457,18.382456140351,15.6418331070325,31417.6720211513
1715008467,18.382456140351,15.6418331070325,31906.7150956768
1715008477,18.4052631578978,15.6521117022394,31906.7150956768
1715008487,18.5418194449792,15.6624228167303,32399.5237881306
1715008497,18.5418194449792,15.6624228167303,32779.6715078365
1715008507,18.6210526315828,15.6721410796602,32779.6715078365
1715008517,18.6842105263153,15.6821244998284,33116.8725212465
1715008527,18.6842105263153,15.6821244998284,33271.7179885045
1715008537,18.7280701754356,15.6920228695616,33271.7179885045
1715008547,18.8754385964917,15.70165858354,33416.3392676739
1715008557,18.8754385964917,15.70165858354,33417.1727431869
1715008567,18.8912280701739,15.7092906093314,33417.1727431869
1715008577,19.0368421052619,15.7155793385478,33544.6434501539
1715008587,19.0368421052619,15.7155793385478,33587.890625
1715008597,19.1052631578971,15.7199519314954,33587.890625
1715008607,19.1508771929829,15.731618849978,33638.6560198191
1715008617,19.1508771929829,15.731618849978,33623.4974018154
1715008627,19.3385964912301,15.7404065610907,33623.4974018154
1715008637,19.4880017964887,15.7484088064222,33685.004337864
1715008647,19.4880017964887,15.7484088064222,33709.7278000892
1715008657,19.480701754388,15.758607354161,33709.7278000892
1715008667,19.5842105263174,15.769446281645,33704.1338495083
1715008677,19.5842105263174,15.769446281645,33641.5232272214
1715008687,19.6982456140347,15.7805903901013,33641.5232272214
1715008697,19.7771929824594,15.7911541544136,33658.7366322277
1715008707,19.7771929824594,15.7911541544136,33620.4164527864
1715008717,19.7210526315764,15.7816485175709,33620.4164527864
1715008727,19.8090533015684,15.7738989220608,33563.8983012813
1715008737,19.8090533015684,15.7738989220608,33446.4864394615
1715008747,19.8035087719324,15.7647534988248,33446.4864394615
1715008757,19.9385964912264,15.7578293928299,33458.8573323019
1715008767,19.9385964912264,15.7578293928299,33439.5195882185
1715008777,19.919298245614,15.7525087376814,33439.5195882185
1715008787,19.9666666666658,15.7573366006042,33450.9706546275
1715008797,19.9666666666658,15.7573366006042,33400.4405580402
1715008807,19.9774737632491,15.7606835853661,33400.4405580402
1715008817,20.1087719298245,15.7614990689479,33407.2156755898
1715008827,20.1087719298245,15.7614990689479,33323.9041905679
1715008837,20.0859649122813,15.7491567499527,33323.9041905679
1715008847,20.1371223258876,15.740671718329,33173.1406864144
1715008857,20.1371223258876,15.740671718329,33044.3616810278
1715008867,20.1032284323775,15.7325143810279,33044.3616810278
1715008877,20.1669467826425,15.7205597919566,33012.0872772519
1715008887,20.1669467826425,15.7205597919566,33022.1895795776
1715008897,20.1140350877186,15.7085726836014,33022.1895795776
1715008907,20.0195788786681,15.699654895353,33035.7471818939
1715008917,20.0195788786681,15.699654895353,32990.313032559
1715008927,20.1190179614637,15.6881205554894,32990.313032559
1715008937,20.1824561403494,15.6725263081007,32963.0842379115
1715008947,20.1824561403494,15.6725263081007,32848.5822728288
1715008957,20.1769129014477,15.6563967432687,32848.5822728288
1715008967,20.1701754385933,15.6424834927111,32721.0865688023
1715008977,20.1701754385933,15.6424834927111,32590.5587885052
1715008987,20.1964912280678,15.6315395029252,32590.5587885052
1715008997,20.3967705376516,15.6199401244938,32580.2539906517
1715009007,20.3967705376516,15.6199401244938,32562.5760714057
1715009017,20.4014750928909,15.6085933958837,32562.5760714057
1715009027,20.4017543859656,15.5966237979121,32572.8011180016
1715009037,20.4017543859656,15.5966237979121,32584.5484720156
1715009047,20.3789473684185,15.5876434725792,32584.5484720156
1715009057,20.423086234787,15.5787882214153,32700.9585402471
1715009067,20.423086234787,15.5787882214153,32780.5150675132
1715009077,20.3877192982448,15.569337617207,32780.5150675132
1715009087,20.44182611167,15.5560797552949,32849.2522168792
1715009097,20.44182611167,15.5560797552949,32853.7733792562
1715009107,20.3859649122812,15.5467742371226,32853.7733792562
1715009117,20.4684210526319,15.5372961165971,32956.5255596318
1715009127,20.4684210526319,15.5372961165971,32986.6831290237
1715009137,20.4821771304443,15.5284208535662,32986.6831290237
1715009147,20.5456140350897,15.5247987056324,33055.4140686748
1715009157,20.5456140350897,15.5247987056324,33014.8740396641
1715009167,20.51375618862,15.5215217624051,33014.8740396641
1715009177,20.5614035087695,15.518509976416,33001.9502681619
1715009187,20.5614035087695,15.518509976416,32895.2988552554
1715009197,20.5207737571033,15.5164062288937,32895.2988552554
1715009207,20.4140350877218,15.5104276836164,32737.1568002462
1715009217,20.4140350877218,15.5104276836164,32533.956919834
1715009227,20.3213322058511,15.5022728477987,32533.956919834
1715009237,20.4564194511629,15.4955813797582,32412.638747623
1715009247,20.4564194511629,15.4955813797582,32257.1269611661
1715009257,20.3543859649156,15.4866085588754,32257.1269611661
1715009267,20.3511566626084,15.4753168628997,32140.6638267661
1715009277,20.3511566626084,15.4753168628997,31961.6276245778
1715009287,20.1804216856864,15.4633647753118,31961.6276245778
1715009297,20.2947368421096,15.4520855867529,31887.911238433
1715009307,20.2947368421096,15.4520855867529,31741.7712311329
1715009317,20.2491228070164,15.4607582296302,31741.7712311329
1715009327,20.2263157894754,15.4700487389022,31625.9621010938
1715009337,20.2263157894754,15.4700487389022,31486.7652652541
1715009347,20.1789473684202,15.4852127311496,31486.7652652541
1715009357,20.1842105263166,15.4980603497874,31419.585728229
1715009367,20.1842105263166,15.4980603497874,31307.354169414
1715009377,20.0915084508503,15.5068105386494,31307.354169414
1715009387,20.0614035087701,15.5099824195748,31182.8505416421
1715009397,20.0614035087701,15.5099824195748,31070.6718519512
1715009407,19.9333333333308,15.5136570986595,31070.6718519512
1715009417,19.9090529506892,15.517534397898,31164.2282207498
1715009427,19.9090529506892,15.517534397898,31243.6010391958
1715009437,19.8210526315802,15.5215192609217,31243.6010391958
1715009447,19.8263157894732,15.521409195653,31353.2363386413
1715009457,19.8263157894732,15.521409195653,31442.7865089175
1715009467,19.8000000000017,15.5212465992334,31442.7865089175
1715009477,19.7894736842078,15.5271100762752,31665.6596173213
1715009487,19.7894736842078,15.5271100762752,31880.9871909573
1715009497,19.7336149697694,15.5355800989987,31880.9871909573
1715009507,19.7260341264367,15.5418538193149,32110.2033487453
1715009517,19.7260341264367,15.5418538193149,32252.869519328
1715009527,19.5874371489016,15.5554944081841,32252.869519328
1715009537,19.6669485370239,15.5690624540353,32445.8100558659
1715009547,19.6669485370239,15.5690624540353,32560.6016905908
1715009557,19.7894736842114,15.5723969313803,32560.6016905908
1715009567,19.8456140350874,15.5734000262155,32672.6390612659
1715009577,19.8456140350874,15.5734000262155,32771.9407085724
1715009587,19.7052631578921,15.5713963380285,32771.9407085724
1715009597,19.8704565948868,15.576361782537,33038.9839867477
1715009607,19.8704565948868,15.576361782537,33292.0181556515
1715009617,19.8982456140351,15.5829206719585,33292.0181556515
1715009627,19.9929824561402,15.5879661639352,33560.4168538316
1715009637,19.9929824561402,15.5879661639352,33771.5697714325
1715009647,20.021333258479,15.5874858791263,33771.5697714325
1715009657,20.1120003929849,15.5859874905819,33982.800274841
1715009667,20.1120003929849,15.5859874905819,34112.4192768967
1715009677,20.1315789473704,15.5877160155972,34112.4192768967
1715009687,20.2631578947402,15.5948177269121,34213.8289453985
1715009697,20.2631578947402,15.5948177269121,34266.6219839142
1715009707,20.2894736842103,15.5991377887087,34266.6219839142
1715009717,20.394736842103,15.6033102629859,34249.3026499303
1715009727,20.394736842103,15.6033102629859,34075.3865403521
1715009737,20.3596491228074,15.6088835679558,34075.3865403521
1715009747,20.4175438596482,15.6095389566013,33899.4481360514
1715009757,20.4175438596482,15.6095389566013,33739.6016799892
1715009767,20.4543859649145,15.6126858226929,33739.6016799892
1715009777,20.5611247758781,15.615540015229,33746.5524492552
1715009787,20.5611247758781,15.615540015229,33732.5818762758
1715009797,20.6385964912264,15.6175787241834,33732.5818762758
1715009807,20.7245614035086,15.6171634779424,33720.7850940666
1715009817,20.7245614035086,15.6171634779424,33657.2101342631
1715009827,20.7102481061306,15.6204129048526,33657.2101342631
1715009837,20.6578947368415,15.6217461954939,33740.7825183023
1715009847,20.6578947368415,15.6217461954939,33779.3981583469
1715009857,20.7947368421089,15.625943684605,33779.3981583469
1715009867,20.8684210526317,15.6335231792453,33867.52174295
1715009877,20.8684210526317,15.6335231792453,33866.7754813949
1715009887,20.7839325752035,15.6295107999043,33866.7754813949
1715009897,20.829824561405,15.6285752451204,33936.9943721421
1715009907,20.829824561405,15.6285752451204,33922.2910216718
1715009917,20.9067400236508,15.6299110372451,33922.2910216718
1715009927,20.9646349636334,15.6291280729473,33884.0918280246
1715009937,20.9646349636334,15.6291280729473,33871.4074596908
1715009947,20.9982456140342,15.6236098006118,33871.4074596908
1715009957,21.04764544686,15.6178864066391,33963.5601712672
1715009967,21.04764544686,15.6178864066391,34045.7216921048
1715009977,21.0157894736813,15.6134662855073,34045.7216921048
1715009987,21.0716528829967,15.6079154938879,34104.9265964154
1715009997,21.0716528829967,15.6079154938879,34083.3333333333
1715010007,21.0701754385986,15.6051538562368,34083.3333333333
1715010017,21.1037856007516,15.6018694085593,34059.2573026041
1715010027,21.1037856007516,15.6018694085593,33950.3851381966
1715010037,21.0809786632359,15.5989501774552,33950.3851381966
1715010047,21.0999999999994,15.5983298095771,33835.3633688024
1715010057,21.0999999999994,15.5983298095771,33757.1438086991
1715010067,21.0701754385964,15.5989276641048,33757.1438086991
1715010077,21.0213297497212,15.5968389254828,33772.5307761515
1715010087,21.0213297497212,15.5968389254828,33805.6714869041
1715010097,20.9368421052627,15.5951854449689,33805.6714869041
1715010107,20.8701754385957,15.5925388755532,33817.9726003604
1715010117,20.8701754385957,15.5925388755532,33833.730069616
1715010127,20.7856869673249,15.582700541421,33833.730069616
1715010137,20.5982456140306,15.5729247443734,33767.0146861326
1715010147,20.5982456140306,15.5729247443734,33665.7298950066
1715010157,20.6350877192986,15.5881662826056,33665.7298950066
1715010167,20.6140350877182,15.6032527288682,33461.4643545279
1715010177,20.6140350877182,15.6032527288682,33331.8557050775
1715010187,20.5614035087722,15.6183016528802,33331.8557050775
1715010197,20.4458931723007,15.6281650018461,33361.3335142715
1715010207,20.4458931723007,15.6281650018461,33483.9759804676
1715010217,20.4964912280689,15.634818947636,33483.9759804676
1715010227,20.3982456140341,15.6459180293914,33592.7431693989
1715010237,20.3982456140341,15.6459180293914,33644.9876002592
1715010247,20.397966308653,15.662137647625,33644.9876002592
1715010257,20.3456140350913,15.6783872836592,33680.2615880871
1715010267,20.3456140350913,15.6783872836592,33627.4818783486
1715010277,20.3035087719256,15.6919453235769,33627.4818783486
1715010287,20.2105263157872,15.7066665532661,33551.3620519
1715010297,20.2105263157872,15.7066665532661,33480.0619347889
1715010307,20.2000000000012,15.7201070234649,33480.061934789
1715010317,20.1400706669105,15.733562502564,33548.3870967742
1715010327,20.1400706669105,15.733562502564,33572.7386597477
1715010337,20.105263157898,15.7451118513278,33572.7386597477
1715010347,20.0596491228042,15.7560783544642,33637.7541998232
1715010357,20.0596491228042,15.7560783544642,33649.3734057891
1715010367,20.0929824561422,15.7643682703843,33649.3734057891
1715010377,20.0631578947374,15.7726806996549,33733.0033805431
1715010387,20.0631578947374,15.7726806996549,33724.5653681785
1715010397,20.1122807017572,15.7809456007412,33724.5653681785
1715010407,20.1192982456104,15.7937757089954,33714.9412753584
1715010417,20.1192982456104,15.7937757089954,33662.6042044219
1715010427,20.1736842105288,15.8021156545832,33662.6042044219
1715010437,20.0666666666672,15.8140377243706,33709.8893346854
1715010447,20.0666666666672,15.8140377243706,33714.3869753018
1715010457,20.0371226767654,15.8242812988102,33714.3869753018
1715010467,20.1736842105239,15.8098127189423,33725.2197129825
1715010477,20.1736842105239,15.8098127189423,33721.0282343026
1715010487,20.2120007438671,15.8093999741847,33721.0282343026
1715010497,20.1192982456122,15.8053550755598,33813.9200522819
1715010507,20.1192982456122,15.8053550755598,33909.7939296411
1715010517,20.2947368421052,15.8014077347867,33909.7939296411
1715010527,20.2719298245581,15.7968825513529,34034.9701363243
1715010537,20.2719298245581,15.7968825513529,34133.6708631874
1715010547,20.3140350877169,15.7924424183541,34133.6708631874
1715010557,20.2877192982476,15.7884400449467,34311.1854263839
1715010567,20.2877192982476,15.7884400449467,34474.6099229557
1715010577,20.393261778029,15.7969000617366,34474.6099229557
1715010587,20.3698960347198,15.805310048859,34651.3940685491
1715010597,20.3698960347198,15.805310048859,34762.7274151319
1715010607,20.4403508771937,15.8113811490214,34762.7274151319
1715010617,20.4441387924911,15.8180776200286,34976.7858342101
1715010627,20.4441387924911,15.8180776200286,35142.0056100982
1715010637,20.5403508771971,15.8298646097136,35142.0056100982
1715010647,20.5207737570982,15.8400206322349,35323.3902131909
1715010657,20.5207737570982,15.8400206322349,35381.0856432125
1715010667,20.6108048743656,15.8490109635014,35381.0856432125
1715010677,20.6087719298235,15.8582539445891,35475.1847940866
1715010687,20.6087719298235,15.8582539445891,35407.4526849588
1715010697,20.6736842105286,15.8643075343679,35407.4526849588
1715010707,20.6894736842087,15.8703336078295,35319.3965812356
1715010717,20.6894736842087,15.8703336078295,35208.3178773266
1715010727,20.7789473684196,15.8756492600112,35208.3178773266
1715010737,20.8348099467022,15.8813701525004,35245.7590066457
1715010747,20.8348099467022,15.8813701525004,35257.206854071
1715010757,20.7368421052646,15.8779906484545,35257.206854071
1715010767,20.7964912280668,15.8799267965904,35260.6721566882
1715010777,20.7964912280668,15.8799267965904,35212.2945911782
1715010787,20.7982456140353,15.8818504373093,35212.2945911782
1715010797,20.6754385964903,15.8835139237568,35257.6654590439
1715010807,20.6754385964903,15.8835139237568,35258.7962136096
1715010817,20.7631578947395,15.8861980154231,35258.7962136096
1715010827,20.7438596491225,15.8839716952153,35277.2196945808
1715010837,20.7438596491225,15.8839716952153,35194.9964475639
1715010847,20.7438596491244,15.8766548563298,35194.9964475639
1715010857,20.671929824563,15.8694630916133,35249.4826810616
1715010867,20.671929824563,15.8694630916133,35201.1485228471
1715010877,20.7614035087707,15.8608354754369,35201.1485228471
1715010887,20.7105263157906,15.8497163818144,35182.3873503336
1715010897,20.7105263157906,15.8497163818144,35080.8220399429
1715010907,20.7453359485491,15.8404358784759,35080.8220399429
1715010917,20.7017543859646,15.8354053953995,35143.2098221174
1715010927,20.7017543859646,15.8354053953995,35242.0630597259
1715010937,20.7701754386002,15.8307426303798,35242.0630597259
1715010947,20.7280701754417,15.8264826041843,35355.9314701047
1715010957,20.7280701754417,15.8264826041843,35486.6056736655
1715010967,20.7792253360499,15.8242212632091,35486.6056736655
1715010977,20.7263157894736,15.8218898806993,35694.4563718954
1715010987,20.7263157894736,15.8218898806993,35901.3953488372
1715010997,20.770453437006,15.8205215692906,35901.3953488372
1715011007,20.7301027013956,15.7949864269512,36121.4266390116
1715011017,20.7301027013956,15.7949864269512,36240.2817636316
1715011027,20.7421052631543,15.7753097586869,36240.2817636316
1715011037,20.7476464994882,15.7535693666344,36384.8029610276
1715011047,20.7476464994882,15.7535693666344,36391.4143109738
1715011057,20.7052631578971,15.7311810903866,36391.4143109738
1715011067,20.8245614035086,15.7446015487184,36402.8176597272
1715011077,20.8245614035086,15.7446015487184,36295.1480668429
1715011087,20.8982456140356,15.7424452700452,36295.1480668429
1715011097,20.799999999999,15.740098878635,36224.6308856563
1715011107,20.799999999999,15.740098878635,36008.7700065775
1715011117,20.92807017544,15.7382477809341,36008.7700065775
1715011127,20.97192982456,15.7365192559187,35780.0878214894
1715011137,20.97192982456,15.7365192559187,35530.5697347037
1715011147,21.0295474720969,15.7359764340254,35530.5697347037
1715011157,21.0070175438622,15.7365492737193,35443.8439796495
1715011167,21.0070175438622,15.7365492737193,35369.5618922758
1715011177,21.0298245614017,15.7250174353392,35369.5618922758
1715011187,21.0140350877197,15.714243546423,35336.4702792611
1715011197,21.0140350877197,15.714243546423,35256.3861253025
1715011207,21.0649122806992,15.7031294557673,35256.3861253025
1715011217,21.0350877192956,15.6938889761629,35287.7259119636
1715011227,21.0350877192956,15.6938889761629,35228.1779801508
1715011237,21.090951196318,15.6806836454018,35228.1779801508
1715011247,21.0543859649162,15.6703700294275,35146.2726720472
1715011257,21.0543859649162,15.6703700294275,35018.9655172414
1715011267,21.0964912280715,15.661900006704,35018.9655172414
1715011277,21.0172667272535,15.6537977020373,35048.0263305197
1715011287,21.0172667272535,15.6537977020373,35122.9967859914
1715011297,21.0295474720959,15.6479067086782,35122.9967859914
1715011307,20.9824561403545,15.6422233384397,35186.1711631231
1715011317,20.9824561403545,15.6422233384397,35190.3712035996
1715011327,20.9734069242302,15.636980229276,35190.3712035995
1715011337,20.921052631579,15.631274345687,35251.9722416872
1715011347,20.921052631579,15.631274345687,35302.2137543096
1715011357,20.8301023505199,15.6203153470008,35302.2137543096
1715011367,20.7719298245629,15.6051263399196,35311.5506888025
1715011377,20.7719298245629,15.6051263399196,35226.5614491324
1715011387,20.9403508771928,15.5972016405729,35226.5614491324
1715011397,20.8298245614025,15.5889842676707,35182.6590102135
1715011407,20.8298245614025,15.5889842676707,35096.6512977033
1715011417,20.8333333333356,15.5796012035137,35096.6512977033
1715011427,20.9070175438571,15.5771822690856,34970.2118413905
1715011437,20.9070175438571,15.5771822690856,34919.7408435806
1715011447,20.9017543859645,15.5761141356825,34919.7408435806
1715011457,20.9318563794522,15.5750535067295,35002.4799217346
1715011467,20.9318563794522,15.5750535067295,35168.3065769032
1715011477,20.9561403508792,15.5777801236133,35168.3065769032
1715011487,20.8877192982455,15.5805842864819,35316.0011554785
1715011497,20.8877192982455,15.5805842864819,35377.0327418581
1715011507,20.8824561403536,15.5644772350004,35377.0327418581
1715011517,20.8385964912317,15.5461188484772,35515.7487401008
1715011527,20.8385964912317,15.5461188484772,35518.2544338643
1715011537,20.8628802206292,15.5300042925455,35518.2544338643
1715011547,20.8245614035095,15.5171941961583,35503.1590267509
1715011557,20.8245614035095,15.5171941961583,35391.218527941
1715011567,20.884210526315,15.5031333580813,35391.218527941
1715011577,20.8298245614038,15.489090030388,35327.0050538343
1715011587,20.8298245614038,15.489090030388,35217.2378690193
1715011597,20.8824561403504,15.4775381801408,35217.2378690193
1715011607,20.8122807017581,15.4874715706414,35054.4354393481
1715011617,20.8122807017581,15.4874715706414,34896.2449477273
1715011627,20.8526315789449,15.494993531164,34896.2449477273
1715011637,20.7927045358058,15.5017850585397,34809.7223770766
1715011647,20.7927045358058,15.5017850585397,34732.892629109
1715011657,20.7929824561401,15.5104927221843,34732.892629109
1715011667,20.5947368421058,15.5054072064734,34663.4152713972
1715011677,20.5947368421058,15.5054072064734,34578.1473301286
1715011687,20.696491228072,15.5202284954979,34578.1473301286
1715011697,20.6301030522662,15.5354350129627,34524.3407482978
1715011707,20.6301030522662,15.5354350129627,34402.0508722866
1715011717,20.5108052252451,15.5476447533387,34402.0508722866
1715011727,20.5651909993307,15.5622784311096,34275.7423481042
1715011737,20.5651909993307,15.5622784311096,34188.9295016306
1715011747,20.5543859649119,15.578733188781,34188.9295016306
1715011757,20.5859649122785,15.5822002447451,34180.874488833
1715011767,20.5859649122785,15.5822002447451,34189.1148743017
1715011777,20.6265942926522,15.5854321612716,34189.1148743017
1715011787,20.6175438596473,15.589321967927,34175.01929225
1715011797,20.6175438596473,15.589321967927,34152.1523775216
1715011807,20.6298245613997,15.5901974871098,34152.1523775216
1715011817,20.5616822397122,15.5872157189213,34176.9969588903
1715011827,20.5616822397122,15.5872157189213,34166.2171880618
1715011837,20.5669453791348,15.5863852264393,34166.2171880618
1715011847,20.4614035087747,15.5823753485817,34144.9697707799
1715011857,20.4614035087747,15.5823753485817,34118.2145556395
1715011867,20.4859649122814,15.5782278891383,34118.2145556395
1715011877,20.3999999999976,15.5735526167017,34186.377834206
1715011887,20.3999999999976,15.5735526167017,34257.678139619
1715011897,20.4526315789454,15.567321421603,34257.678139619
1715011907,20.3807017543889,15.5631539502925,34311.2840466926
1715011917,20.3807017543889,15.5631539502925,34365.0862820289
1715011927,20.3967705376482,15.559631861694,34365.0862820289
1715011937,20.3687004606983,15.5617155973492,34499.1720411365
1715011947,20.3687004606983,15.5617155973492,34594.1261002335
1715011957,20.3897530184097,15.5650775910115,34594.1261002335
1715011967,20.2508771929828,15.5690174273344,34655.1905688451
1715011977,20.2508771929828,15.5690174273344,34710.3692138134
1715011987,20.2646325074857,15.5652201755641,34710.3692138134
1715011997,20.3979663086564,15.5697203441641,34853.8538316513
1715012007,20.3979663086564,15.5697203441641,34930.9560271275
1715012017,20.3017543859645,15.5742155097973,34930.9560271275
1715012027,20.287439605054,15.5717440442182,34977.7846275788
1715012037,20.287439605054,15.5717440442182,35019.7369875124
1715012047,20.3035087719301,15.5705233203289,35019.7369875124
1715012057,20.2698956838453,15.5703181986918,35142.8886390193
1715012067,20.2698956838453,15.5703181986918,35225.1863828258
1715012077,20.2263157894738,15.5672663889687,35225.1863828258
1715012087,20.2035087719324,15.5648124337732,35360.9975286453
1715012097,20.2035087719324,15.5648124337732,35364.0429338104
1715012107,20.2523517626375,15.583596072471,35364.0429338104
1715012117,20.2646325074822,15.6012565451313,35474.9729612806
1715012127,20.2646325074822,15.6012565451313,35393.3073161979
1715012137,20.3350877192941,15.622701762145,35393.3073161979
1715012147,20.31754385965,15.6242026521727,35364.3805309734
1715012157,20.31754385965,15.6242026521727,35219.0416084389
1715012167,20.3494022827999,15.6265215272657,35219.0416084389
1715012177,20.3403508771931,15.6292681560165,35177.9742205191
1715012187,20.3403508771931,15.6292681560165,35099.704162056
1715012197,20.3473684210522,15.6291705981647,35099.704162056
1715012207,20.3172642711007,15.6262288537103,35007.1017317472
1715012217,20.3172642711007,15.6262288537103,34875.7136384232
1715012227,20.2964912280719,15.6224491123236,34875.7136384232
1715012237,20.3190186632265,15.6190095726766,34781.3513393452
1715012247,20.3190186632265,15.6190095726766,34658.3764207954
1715012257,20.3228070175401,15.6130435348161,34658.3764207954
1715012267,20.3526315789439,15.6069123990526,34494.9282809777
1715012277,20.3526315789439,15.6069123990526,34407.3575399583
1715012287,20.1964912280694,15.5979796019039,34407.3575399583
1715012297,20.3421052631593,15.5937871157597,34431.7914897461
1715012307,20.3421052631593,15.5937871157597,34511.7423005768
1715012317,20.3265953452786,15.5925038547859,34511.7423005768
1715012327,20.2684210526301,15.5882163122732,34523.6619971264
1715012337,20.2684210526301,15.5882163122732,34525.4889813258
1715012347,20.3596491228043,15.5833834463837,34525.4889813258
1715012357,20.4140350877178,15.5901449559589,34641.5228448946
1715012367,20.4140350877178,15.5901449559589,34714.4960337516
1715012377,20.3967705376438,15.5966963409302,34714.4960337516
1715012387,20.3929824561403,15.6019419515773,34760.1652338953
1715012397,20.3929824561403,15.6019419515773,34789.0273872518
1715012407,20.3842105263194,15.6094989328672,34789.0273872518
1715012417,20.4087719298274,15.6202878306836,34969.5053083352
1715012427,20.4087719298274,15.6202878306836,35117.2715347617
1715012437,20.410526315787,15.6271844203613,35117.2715347617
1715012447,20.4663876013584,15.6397093476432,35280.4401200327
1715012457,20.4663876013584,15.6397093476432,35386.4204481477
1715012467,20.4912280701753,15.6505532780939,35386.4204481477
1715012477,20.5789473684177,15.6614172204117,35551.4984192011
1715012487,20.5789473684177,15.6614172204117,35661.3029563816
1715012497,20.6456140350852,15.6714756850813,35661.3029563816
1715012507,20.7769150067178,15.6848286033618,35757.1400731871
1715012517,20.7769150067178,15.6848286033618,35848.4721825021
1715012527,20.7964912280678,15.698199032026,35848.4721825021
1715012537,20.9210526315805,15.7069142001207,35995.6173028882
1715012547,20.9210526315805,15.7069142001207,36168.6365793577
1715012557,20.9421052631619,15.713683214146,36168.6365793577
1715012567,21.0491228070181,15.7187187001892,36306.3998573848
1715012577,21.0491228070181,15.7187187001892,36363.9627510378
1715012587,20.9611261793888,15.7241769369236,36363.9627510378
1715012597,21.1666666666682,15.7232288747227,36465.4692751107
1715012607,21.1666666666682,15.7232288747227,36500.8967805578
1715012617,21.2210526315814,15.7275789543199,36500.8967805578
1715012627,21.1807017543872,15.7320390991858,36560.7497050985
1715012637,21.1807017543872,15.7320390991858,36633.7312900927
1715012647,21.2631578947363,15.717412925865,36633.7312900927
1715012657,21.4172681307654,15.7035597109086,36892.6501912462
1715012667,21.4172681307654,15.7035597109086,37209.9150015576
1715012677,21.4842105263144,15.6920278725284,37209.9150015576
1715012687,21.5947368421063,15.6798806692369,37508.4661803116
1715012697,21.5947368421063,15.6798806692369,37681.1638524214
1715012707,21.6230820242739,15.6675508576586,37681.1638524214
1715012717,21.7350877192988,15.6499454176327,37868.4150926303
1715012727,21.7350877192988,15.6499454176327,37826.3696049941
1715012737,21.8000000000016,15.6302612449182,37826.3696049941
1715012747,21.9105263157919,15.627314497497,37792.8342269984
1715012757,21.9105263157919,15.627314497497,37676.3299721836
1715012767,21.9491228070215,15.6278623223572,37676.3299721836
1715012777,21.9894736842122,15.6265615509998,37765.1002242003
1715012787,21.9894736842122,15.6265615509998,37813.5071037525
1715012797,21.9666666666688,15.6256635184664,37813.5071037525
1715012807,22.0649122807002,15.6273545212311,37881.0916612914
1715012817,22.0649122807002,15.6273545212311,37943.8398971654
1715012827,22.1280701754413,15.6303988265041,37943.8398971654
1715012837,22.2754385964911,15.6333405709586,38172.9212817757
1715012847,22.2754385964911,15.6333405709586,38453.7354657638
1715012857,22.3055357700489,15.6363623628812,38453.7354657638
1715012867,22.4438596491226,15.6430363205381,38731.8788639011
1715012877,22.4438596491226,15.6430363205381,38933.470033655
1715012887,22.3593766995669,15.6466009343541,38933.470033655
1715012897,22.4529036740183,15.6460806258111,39227.816362305
1715012907,22.4529036740183,15.6460806258111,39467.7615432254
1715012917,22.7245614035083,15.6444696705146,39467.7615432254
1715012927,22.7631578947362,15.6449049286227,39692.0606993622
1715012937,22.7631578947362,15.6449049286227,39891.1081588712
1715012947,22.7561403508809,15.6427361425325,39891.1081588712
1715012957,22.9543859649155,15.640709940995,40186.5291709093
1715012967,22.9543859649155,15.640709940995,40483.4699576615
1715012977,23.016059592769,15.6383960688689,40483.4699576615
1715012987,23.1874497805227,15.6361097130599,40759.9522206537
1715012997,23.1874497805227,15.6361097130599,40932.7020173687
1715013007,23.2666666666655,15.6336657637979,40932.7020173687
1715013017,23.3842105263156,15.6302787553019,41144.6016122374
1715013027,23.3842105263156,15.6302787553019,41225.1646845572
1715013037,23.4438596491198,15.6278623223572,41225.1646845572
1715013047,23.5564085740028,15.619499863419,41406.7572335921
1715013057,23.5564085740028,15.619499863419,41431.2638081068
1715013067,23.6526315789483,15.6169533533385,41431.2638081068
1715013077,23.7947368421051,15.6112099474989,41532.6305445124
1715013087,23.7947368421051,15.6112099474989,41436.3296292221
1715013097,23.8824561403507,15.6101042918451,41436.3296292221
1715013107,23.9508771929819,15.6037630314777,41396.8204419274
1715013117,23.9508771929819,15.6037630314777,41342.9245813196
1715013127,23.9631578947327,15.5986049727488,41342.9245813196
1715013137,24.0856985463124,15.5923912880338,41438.2705099778
1715013147,24.0856985463124,15.5923912880338,41511.6143497758
1715013157,24.1228070175429,15.5860650365667,41511.6143497758
1715013167,24.2456140350856,15.5797212747159,41637.7762658297
1715013177,24.2456140350856,15.5797212747159,41689.2177589852
1715013187,24.2979799929155,15.5778401592144,41689.2177589852
1715013197,24.1982456140361,15.5810870846412,41855.9474128052
1715013207,24.1982456140361,15.5810870846412,41931.5642774593
1715013217,24.3070175438627,15.5816148976343,41931.5642774593
1715013227,24.3476338679518,15.5819901201412,42072.7376234372
1715013237,24.3476338679518,15.5819901201412,42096.2887330196
1715013247,24.1754385964898,15.5985999697821,42096.2887330196
1715013257,24.2035087719332,15.5955331511586,42181.7784575049
1715013267,24.2035087719332,15.5955331511586,42126.5959846605
1715013277,24.2614035087721,15.5987175395009,42126.5959846605
1715013287,24.2736842105261,15.6031526695331,42077.5165403723
1715013297,24.2736842105261,15.6031526695331,41917.8764181077
1715013307,24.201754385966,15.6033452837533,41917.8764181077
1715013317,24.1844765456996,15.609326330514,41779.3729594347
1715013327,24.1844765456996,15.609326330514,41503.2790445168
1715013337,24.0804353699471,15.6108472324088,41503.2790445168
1715013347,24.0508771929799,15.6157926650504,41223.8867040986
1715013357,24.0508771929799,15.6157926650504,40942.8247206704
1715013367,23.9210526315774,15.6165906382485,40942.8247206704
1715013377,23.8458812425223,15.6193447714495,40805.3406998158
1715013387,23.8458812425223,15.6193447714495,40648.3197644206
1715013397,23.7175438596463,15.6215610857238,40648.3197644206
1715013407,23.647368421056,15.6222164743693,40522.3328087248
1715013417,23.647368421056,15.6222164743693,40402.7499782438
1715013427,23.4912280701719,15.6212834210687,40402.7499782438
1715013437,23.4000000000015,15.6212333914011,40372.3425840341
1715013447,23.4000000000015,15.6212333914011,40323.316109147
1715013457,23.2631578947347,15.6228568541145,40323.316109147
1715013467,23.1877192982431,15.6229544119663,40273.0301665916
1715013477,23.1877192982431,15.6229544119663,40202.188593461
1715013487,23.0476384293396,15.6227017621449,40202.188593461
1715013497,22.9596491228049,15.6318171675804,40246.5515320334
1715013507,22.9596491228049,15.6318171675804,40282.2301199467
1715013517,22.8523608854749,15.6193347655159,40282.2301199467
1715013527,23.0228070175454,15.6050613013517,40325.20181746
1715013537,23.0228070175454,15.6050613013517,40322.6429935948
1715013547,22.9102558254578,15.5947526883442,40322.6429935948
1715013557,22.7614035087741,15.5872682500723,40413.2397191575
1715013567,22.7614035087741,15.5872682500723,40483.0371567044
1715013577,22.7122807017577,15.5865528258257,40483.0371567044
1715013587,22.722807017542,15.5856497903256,40566.3626929276
1715013597,22.722807017542,15.5856497903256,40559.5555653535
1715013607,22.6172723413049,15.5840238261289,40559.5555653535
1715013617,22.6684210526356,15.5820976839266,40637.547249055
1715013627,22.6684210526356,15.5820976839266,40636.5328024926
1715013637,22.6072890972361,15.5800039423378,40636.5328024926
1715013647,22.6947368421082,15.5848718289946,40668.4204609331
1715013657,22.6947368421082,15.5848718289946,40580.3738107555
1715013667,22.6681497128097,15.5837711763075,40580.3738107555
1715013677,22.7195694050218,15.5858974371803,40512.9426428365
1715013687,22.7195694050218,15.5858974371803,40364.703797244
1715013697,22.6947368421066,15.5834134641843,40364.703797244
1715013707,22.7616745204399,15.5809219867381,40199.6332545346
1715013717,22.7616745204399,15.5809219867381,39986.3559847612
1715013727,22.7406219627288,15.5803866692949,39986.3559847612
1715013737,22.773684210531,15.5797312806494,39913.8104725872
1715013747,22.773684210531,15.5797312806494,39854.9084128551
1715013757,22.7125518857856,15.5790909009042,39854.9084128551
1715013767,22.7453429661159,15.5786981680136,39816.5705889002
1715013777,22.7453429661159,15.5786981680136,39727.282625264
1715013787,22.6438596491244,15.5737802516892,39727.282625264
1715013797,22.6967624674986,15.5654903357691,39686.3052685835
1715013807,22.6967624674986,15.5654903357691,39648.053619779
1715013817,22.4982456140341,15.5568877344265,39648.053619779
1715013827,22.6280701754363,15.5447580415186,39575.4064492949
1715013837,22.6280701754363,15.5447580415186,39515.859985552
1715013847,22.5701754385968,15.5331561616038,39515.859985552
1715013857,22.5491228070183,15.5396350035571,39552.3970771698
1715013867,22.5491228070183,15.5396350035571,39623.4740533582
1715013877,22.44912280702,15.5376063005362,39623.4740533582
1715013887,22.5403508771907,15.5385993894379,39689.0390897826
1715013897,22.5403508771907,15.5385993894379,39691.0503208376
1715013907,22.4999999999968,15.5396450094906,39691.0503208376
1715013917,22.5137632061851,15.5390846772136,39703.2299182847
1715013927,22.5137632061851,15.5390846772136,39664.9582468078
1715013937,22.4543859649081,15.5385943864712,39664.9582468078
1715013947,22.4421052631554,15.5435047983454,39565.1031005581
1715013957,22.4421052631554,15.5435047983454,39453.7382972177
1715013967,22.4032365025808,15.5483376642349,39453.7382972177
1715013977,22.3599215441322,15.5542886931951,39383.2125005629
1715013987,22.3599215441322,15.5542886931951,39281.1155341816
1715013997,22.3157894736843,15.5596618794946,39281.1155341816
1715014007,22.2877192982461,15.565160139963,39197.3445723145
1715014017,22.2877192982461,15.565160139963,39082.1674876847
1715014027,22.2473684210522,15.5710086081046,39082.1674876847
1715014037,22.2277972905134,15.5771947765025,39030.5803669644
1715014047,22.2277972905134,15.5771947765025,38913.3886602344
1715014057,22.1842105263166,15.5844490783034,38913.3886602344
1715014067,22.1964912280693,15.5899948669561,38764.0151770279
1715014077,22.1964912280693,15.5899948669561,38584.9273313602
1715014087,22.2017543859689,15.5969965189357,38584.9273313602
1715014097,22.2421052631577,15.6000158093749,38460.4014557796
1715014107,22.2421052631577,15.6000158093749,38322.0669839668
1715014117,22.1070175438622,15.6229419045494,38322.0669839668
1715014127,22.1859649122818,15.6252232573917,38167.5872710602
1715014137,22.1859649122818,15.6252232573917,38001.3793717184
1715014147,22.1859649122764,15.629008001745,38001.3793717184
1715014157,22.1649122807031,15.6298760164778,37969.843477493
1715014167,22.1649122807031,15.6298760164778,37964.5121521663
1715014177,22.1087719298285,15.6297734556592,37964.5121521663
1715014187,22.0423787986708,15.6325100784765,37956.6495546488
1715014197,22.0423787986708,15.6325100784765,37893.5118619698
1715014207,22.1107996112299,15.6377131639062,37893.5118619698
1715014217,22.0371156592472,15.6439393560381,37880.0018250673
1715014227,22.0371156592472,15.6439393560381,37790.3288025596
1715014237,22.0035087719279,15.6494951506243,37790.3288025596
1715014247,21.9441335293586,15.6553536246995,37674.7492014935
1715014257,21.9441335293586,15.6553536246995,37540.6660823839
1715014267,21.9649122807025,15.6610119801042,37540.6660823839
1715014277,21.926041845764,15.6667703948441,37533.2580737986
1715014287,21.926041845764,15.6667703948441,37489.3664853199
1715014297,21.9383225906039,15.6721335752101,37489.3664853199
1715014307,21.8701754385962,15.6776143252949,37490.6548279689
1715014317,21.8701754385962,15.6776143252949,37454.3041083162
1715014327,21.8897477552733,15.6795279600803,37454.3041083162
1715014337,21.8614035087714,15.6814766156331,37582.9983788945
1715014347,21.8614035087714,15.6814766156331,37702.3075414551
1715014357,21.885964912281,15.6835028171706,37702.3075414551
1715014367,21.8611293372919,15.6858817278646,37838.0737264534
1715014377,21.8611293372919,15.6858817278646,37810.8113926503
1715014387,21.8438596491206,15.6883631993772,37810.8113926503
1715014397,21.8195725629012,15.6877778522664,37693.6041197583
1715014407,21.8195725629012,15.6877778522664,37390.5817174515
1715014417,21.74385964912,15.6859717812663,37390.5817174515
1715014427,21.7263157894731,15.6961978453223,37015.2742788407
1715014437,21.7263157894731,15.6961978453223,36657.9314931826
1715014447,21.7248360532049,15.7059886512702,36657.9314931826
1715014457,21.6210526315754,15.7154092376779,36408.7005269649
1715014467,21.6210526315754,15.7154092376779,36165.7500729534
1715014477,21.6049880876762,15.724812313702,36165.7500729534
1715014487,21.4017543859627,15.7310535147343,35881.5392064187
1715014497,21.4017543859627,15.7310535147343,35585.9471365639
1715014507,21.5035087719275,15.7208699758957,35585.9471365639
1715014517,21.4070175438604,15.7119596920974,35433.5188346673
1715014527,21.4070175438604,15.7119596920974,35303.4340161576
1715014537,21.4105263157887,15.7132104337872,35303.4340161576
1715014547,21.3295485247301,15.7053782893256,35227.1891388744
1715014557,21.3295485247301,15.7053782893256,35102.7265577209
1715014567,21.3686969519385,15.697461094429,35102.7265577209
1715014577,21.2967673797644,15.6887709411681,35090.9298710798
1715014587,21.2967673797644,15.6887709411681,35053.8316775351
1715014597,21.3213286970895,15.686839795999,35053.8316775351
1715014607,21.2769167611112,15.6847160366097,35063.606353989
1715014617,21.2769167611112,15.6847160366097,35007.1463447113
1715014627,21.2385964912251,15.6823421288824,35007.1463447113
1715014637,21.1912280701753,15.6780270700526,34965.260110536
1715014647,21.1912280701753,15.6780270700526,34842.100627546
1715014657,21.1807017543862,15.6726438778196,34842.100627546
1715014667,21.1368421052628,15.6664802227721,34736.2924281984
1715014677,21.1368421052628,15.6664802227721,34632.3105766153
1715014687,21.2102498605261,15.6588206806636,34632.3105766153
1715014697,21.2265921873958,15.6454127297487,34682.791920749
1715014707,21.2265921873958,15.6454127297487,34675.6083884715
1715014717,21.2508771929868,15.6330378914696,34675.6083884715
1715014727,21.2771929824547,15.6418456144494,34736.3608787971
1715014737,21.2771929824547,15.6418456144494,34694.2757061145
1715014747,21.5736842105284,15.6427736647832,34694.2757061145
1715014757,21.6140350877207,15.6540953785595,34721.7243884718
1715014767,21.6140350877207,15.6540953785595,34646.8153230417
1715014777,21.7646377706584,15.6540653607589,34646.8153230417
1715014787,21.673684210529,15.6529196813711,34558.7482344633
1715014797,21.673684210529,15.6529196813711,34388.5434581294
1715014807,21.9002740341294,15.6543130076135,34388.5434581294
1715014817,21.9523577275708,15.654448087716,34187.5682972295
1715014827,21.9523577275708,15.654448087716,33909.4969546582
1715014837,22.0298245614054,15.6549608918088,33909.4969546582
1715014847,21.997971922709,15.6480768095481,33613.6495083863
1715014857,21.997971922709,15.6480768095481,33344.8190881595
1715014867,22.0804283523806,15.6416630061627,33344.8190881595
1715014877,22.094463489347,15.636209772395,33198.3586519993
1715014887,22.094463489347,15.636209772395,33008.6600027638
1715014897,22.1701754385986,15.6313368827715,33008.6600027638
1715014907,22.2300974382589,15.6265640524832,32806.5247969509
1715014917,22.2300974382589,15.6265640524832,32601.5203310543
1715014927,22.3195708085243,15.6260587528405,32601.5203310543
1715014937,22.3263157894744,15.63287529505,32551.8566761333
1715014947,22.3263157894744,15.63287529505,32513.6441467802
1715014957,22.3178164287154,15.6399745048814,32513.6441467802
1715014967,22.2228070175448,15.6470737147128,32461.1409351124
1715014977,22.2228070175448,15.6470737147128,32375.7170172084
1715014987,22.1962182323464,15.6541303993268,32375.7170172084
1715014997,22.1333333333311,15.662282733661,32371.3511212671
1715015007,22.1333333333311,15.662282733661,32347.2481550636
1715015017,22.1263157894732,15.6693419197584,32347.2481550636
1715015027,21.8368421052621,15.6700673499385,32335.2580695117
1715015037,21.8368421052621,15.6700673499385,32330.8787650268
1715015047,21.9578947368453,15.6614072144782,32330.8787650268
1715015057,21.8859649122836,15.6559064525264,32403.0038652678
1715015067,21.8859649122836,15.6559064525264,32470.5431597927
1715015077,21.8804276506194,15.6509785302684,32470.5431597927
1715015087,21.6734093803843,15.6448699078554,32493.7440283907
1715015097,21.6734093803843,15.6448699078554,32489.7429587705
1715015107,21.6140350877201,15.6554937077687,32489.7429587705
1715015117,21.6877192982438,15.6769739455497,32436.5590000217
1715015127,21.6877192982438,15.6769739455497,32323.5490183429
1715015137,21.6842105263139,15.6884182320116,32323.5490183429
1715015147,21.5985207069459,15.699799981389,32134.8986405394
1715015157,21.5985207069459,15.699799981389,31984.0341803463
1715015167,21.6406258223656,15.7111041847816,31984.0341803463
1715015177,21.5824561403497,15.7230137471521,32014.0919661977
1715015187,21.5824561403497,15.7230137471521,32114.7959760371
1715015197,21.5944617349506,15.711324315319,32114.7959760371
1715015207,21.4821806392311,15.7011332720303,32236.3580490803
1715015217,21.4821806392311,15.7011332720303,32253.9091090558
1715015227,21.419298245616,15.693969023631,32253.9091090558
1715015237,21.4488471889404,15.6882731459756,32326.420119635
1715015247,21.4488471889404,15.6882731459756,32379.194782845
1715015257,21.4964912280706,15.6809488026399,32379.194782845
1715015267,21.463157894735,15.67356942667,32401.4076762345
1715015277,21.463157894735,15.67356942667,32357.7638652302
1715015287,21.4473684210517,15.6681562166365,32357.7638652302
1715015297,21.4350877192973,15.6643414544825,32354.0073018081
1715015307,21.4350877192973,15.6643414544825,32349.6143958869
1715015317,21.4666666666652,15.6602665380571,32349.6143958869
1715015327,21.3438596491215,15.6640137601598,32372.3831143519
1715015337,21.3438596491215,15.6640137601598,32322.0196477564
1715015347,21.3842105263119,15.6714481687641,32322.0196477564
1715015357,21.5178192357241,15.6580001941151,32370.7707081761
1715015367,21.5178192357241,15.6580001941151,32354.8816765085
1715015377,21.6388714425554,15.6538477317049,32354.8816765085
1715015387,21.6458889617933,15.6481168332821,32360.5673948382
1715015397,21.6458889617933,15.6481168332821,32276.3540995266
1715015407,21.601754385967,15.6405023178745,32276.3540995266
1715015417,21.6245614035085,15.6338033453838,32283.9790392247
1715015427,21.6245614035085,15.6338033453838,32196.2601958512
1715015437,21.627795185247,15.6279823935594,32196.2601958512
1715015447,21.412004954402,15.6182591276627,32047.5019009706
1715015457,21.412004954402,15.6182591276627,31935.8939680822
1715015467,21.2929824561402,15.6116627159906,31935.8939680822
1715015477,21.1336100575078,15.6111324015141,31817.6250868659
1715015487,21.1336100575078,15.6111324015141,31723.1543624161
1715015497,21.0263157894703,15.6106145944545,31723.1543624161
1715015507,20.894736842106,15.6108072086747,31526.7309377739
1715015517,20.894736842106,15.6108072086747,31299.3353250423
1715015527,20.7175438596482,15.606644740331,31299.3353250423
1715015537,20.5070175438608,15.5951954509024,31147.3691165782
1715015547,20.5070175438608,15.5951954509024,30892.0985177755
1715015557,20.3651917010817,15.5837586688907,30892.0985177755
1715015567,20.194736842107,15.5721692963928,30680.6831414154
1715015577,20.194736842107,15.5721692963928,30435.0205198358
1715015587,20.0348071396775,15.5608951108007,30435.0205198358
1715015597,19.8456140350914,15.5513819695079,30273.0169817086
1715015607,19.8456140350914,15.5513819695079,30074.0160651556
1715015617,19.6666666666661,15.5448906201378,30074.0160651556
1715015627,19.4228070175447,15.5363805736802,29849.6629702109
1715015637,19.4228070175447,15.5363805736802,29663.8124872243
1715015647,19.1312951975247,15.5375512679019,29663.8124872243
1715015657,18.9751542987851,15.5436198665809,29679.5675198588
1715015667,18.9751542987851,15.5436198665809,29650.3110507861
1715015677,18.8348029291354,15.5521874471562,29650.3110507861
1715015687,18.5912280701731,15.560950143435,29654.8037949312
1715015697,18.5912280701731,15.560950143435,29617.8719978532
1715015707,18.4140350877207,15.5696553055962,29617.8719978532
1715015717,18.2596491228073,15.5665359558218,29732.5638397433
1715015727,18.2596491228073,15.5665359558218,29781.8005209943
1715015737,18.3599355791753,15.5668361338273,29781.8005209943
1715015747,18.3192982456134,15.5673139171529,29834.3333113558
1715015757,18.3192982456134,15.5673139171529,29863.5383308281
1715015767,18.3119940771737,15.5723343942958,29863.5383308281
1715015777,18.2947368421086,15.5772322987531,29973.5947366097
1715015787,18.2947368421086,15.5772322987531,30042.1497718927
1715015797,18.2862516271856,15.5991953228264,30042.1497718927
1715015807,18.314035087717,15.6197650206572,30065.1597817615
1715015817,18.314035087717,15.6197650206572,30075.5233458233
1715015827,18.361403508769,15.6372804072815,30075.5233458233
1715015837,18.3979592910873,15.6535900789168,30195.5978320982
1715015847,18.3979592910873,15.6535900789168,30237.3765521546
1715015857,18.3842105263147,15.6697396556158,30237.3765521546
1715015867,18.4406370503958,15.6877878581999,30289.2869656622
1715015877,18.4406370503958,15.6877878581999,30291.5975801031
1715015887,18.4701754385937,15.7021088505484,30291.5975801031
1715015897,18.4964912280683,15.6966230974968,30415.9482270948
1715015907,18.4964912280683,15.6966230974968,30455.9869025993
1715015917,18.5280701754429,15.6961603230716,30455.9869025993
1715015927,18.5789473684245,15.6906220388691,30514.8223082336
1715015937,18.5789473684245,15.6906220388691,30497.6154014439
1715015947,18.5684210526316,15.6845584431568,30497.6154014439
1715015957,18.6403508771898,15.6910823118109,30547.5583008818
1715015967,18.6403508771898,15.6910823118109,30491.8183701181
1715015977,18.7964912280723,15.6952823024053,30491.8183701181
1715015987,18.8000000000022,15.7015485182714,30443.2010699955
1715015997,18.8000000000022,15.7015485182714,30362.2233930453
1715016007,18.8213374689899,15.7086477281028,30362.2233930453
1715016017,18.7681360285455,15.7172178101614,30304.7062415493
1715016027,18.7681360285455,15.7172178101614,30179.7436630246
1715016037,18.870175438597,15.7288597138103,30179.7436630246
1715016047,18.9017543859649,15.744276355879,30070.7017823405
1715016057,18.9017543859649,15.744276355879,29898.4809350786
1715016067,18.9353721565867,15.7618267632706,29898.4809350786
1715016077,18.9804174751495,15.772345500882,29864.9229666786
1715016087,18.9804174751495,15.772345500882,29795.3764180131
1715016097,18.9403508771925,15.7828192117926,29795.3764180131
1715016107,18.9476528152546,15.7931303262835,29780.5404668288
1715016117,18.9476528152546,15.7931303262835,29713.779956427
1715016127,18.90730207964,15.8038191647647,29713.779956427
1715016137,18.9877192982468,15.8147406412002,29757.678710803
1715016147,18.9877192982468,15.8147406412002,29760.6051358068
1715016157,18.9418208484941,15.8253844529806,29760.6051358068
1715016167,18.9964912280703,15.8360382706945,29824.5823653059
1715016177,18.9964912280703,15.8360382706945,29887.5953951623
1715016187,18.9894736842127,15.8445032904512,29887.5953951623
1715016197,19.0771929824532,15.856572947758,30182.2051748221
1715016207,19.0771929824532,15.856572947758,30500.0442634561
1715016217,19.036842105261,15.8652706054691,30500.0442634561
1715016227,19.0368421052629,15.874343485687,30877.2371616152
1715016237,19.0368421052629,15.874343485687,31124.6872111635
1715016247,18.9564247142985,15.8838966507139,31124.6872111635
1715016257,18.8982456140334,15.8851974220713,31309.9150644224
1715016267,18.8982456140334,15.8851974220713,31413.7224436488
1715016277,19.0736842105249,15.88080731874,31413.7224436488
1715016287,19.1681374320628,15.8763997050251,31495.5073218206
1715016297,19.1681374320628,15.8763997050251,31476.1022600963
1715016307,19.1614035087718,15.8717819667063,31476.1022600963
1715016317,19.1175438596487,15.8672893025564,31400.7570223786
1715016327,19.1175438596487,15.8672893025564,31216.946867048
1715016337,19.0634418826623,15.8608304724702,31216.946867048
1715016347,19.1628742556978,15.856875627247,30979.0808240887
1715016357,19.1628742556978,15.856875627247,30842.9892348238
1715016367,19.1403508771918,15.8476351476425,30842.9892348238
1715016377,19.2122807017589,15.8369237958109,30834.0289656745
1715016387,19.2122807017589,15.8369237958109,30851.7439293598
1715016397,19.1856813532709,15.8263500255652,30851.7439293598
1715016407,19.2277867641648,15.8157287271352,30912.6848317318
1715016417,19.2277867641648,15.8157287271352,30838.3188686726
1715016427,19.1964912280718,15.8050724079379,30838.3188686726
1715016437,19.2421052631589,15.7942685012212,30819.2677700269
1715016447,19.2421052631589,15.7942685012212,30615.5326768129
1715016457,19.193265988541,15.7856333805947,30615.5326768129
1715016467,19.2248448251055,15.7750370969985,30412.671195234
1715016477,19.2248448251055,15.7750370969985,30216.6267682263
1715016487,19.1494064933121,15.767680234379,30216.6267682263
1715016497,19.1929824561413,15.7803677580806,30184.9286635059
1715016507,19.1929824561413,15.7803677580806,30173.7141851925
1715016517,19.178947368422,15.787466967912,30173.7141851925
1715016527,19.2295411562852,15.7930227624982,30128.8044317906
1715016537,19.2295411562852,15.7930227624982,30054.0865384615
1715016547,19.1929824561413,15.7987161386702,30054.0865384615
1715016557,19.0912280701764,15.802503384507,30134.3984335017
1715016567,19.0912280701764,15.802503384507,30178.9979288767
1715016577,19.1491228070178,15.8095650720878,30178.9979288767
1715016587,19.1807017543869,15.8152084185922,30184.1937539834
1715016597,19.1807017543869,15.8152084185922,30059.1126279864
1715016607,19.175438596494,15.8178850058084,30059.1126279864
1715016617,19.2333333333294,15.8183802995176,30039.05521835
1715016627,19.2333333333294,15.8183802995176,29961.725462336
1715016637,19.1192982456172,15.8204290144056,29961.725462336
1715016647,19.2368421052663,15.8103730512194,29864.09916853
1715016657,19.2368421052663,15.8103730512194,29734.3247588424
1715016667,19.2210526315757,15.8015653282397,29734.3247588424
1715016677,19.2824561403496,15.7927626082267,29764.9045843387
1715016687,19.2824561403496,15.7927626082267,29814.6313158365
1715016697,19.2564236616704,15.7838998526126,29814.6313158365
1715016707,19.2666666666669,15.7729458568931,29881.1525129983
1715016717,19.2666666666669,15.7729458568931,29880.6171259179
1715016727,19.216072926061,15.7617267039354,29880.6171259179
1715016737,19.2874360962687,15.7509278001855,29953.5998208487
1715016747,19.2874360962687,15.7509278001855,29953.845807135
1715016757,19.2242779799205,15.7409218666669,29953.845807135
1715016767,19.268137782938,15.7307408293118,29901.2554536551
1715016777,19.268137782938,15.7307408293118,29863.698974572
1715016787,19.2280701754406,15.7229286967172,29863.698974572
1715016797,19.2458973828186,15.7115019206389,29922.1598099509
1715016807,19.2458973828186,15.7115019206389,29998.3463317616
1715016817,19.2052631578946,15.7026241561246,29998.3463317616
1715016827,19.2228070175438,15.6937088693595,30060.9687507031
1715016837,19.2228070175438,15.6937088693595,30159.8114163601
1715016847,19.1912280701753,15.6872625466902,30159.8114163601
1715016857,19.1456140350879,15.6857691611125,30393.2905686546
1715016867,19.1456140350879,15.6857691611125,30757.4443860571
1715016877,19.1564240125455,15.6872925644907,30757.4443860571
1715016887,19.301754385964,15.6908046471558,31072.4237190558
1715016897,19.301754385964,15.6908046471558,31284.4864535631
1715016907,19.2962080568748,15.6944943351407,31284.4864535631
1715016917,19.3543859649119,15.6981940290592,31386.6958564229
1715016927,19.3543859649119,15.6981940290592,31395.5653717899
1715016937,19.2596491228033,15.7003428032824,31395.5653717899
1715016947,19.308771929828,15.6998274977062,31353.7587140891
1715016957,19.308771929828,15.6998274977062,31297.8400416377
1715016967,19.403791565644,15.6972909935592,31297.8400416377
1715016977,19.4926999743882,15.6970258363209,31320.8923305495
1715016987,19.4926999743882,15.6970258363209,31382.1029082774
1715016997,19.5140350877192,15.6967181538652,31382.1029082774
1715017007,19.6207705991948,15.6964279817932,31418.3953388197
1715017017,19.6207705991948,15.6964279817932,31428.936096569
1715017027,19.6175438596468,15.6994372662989,31428.936096569
1715017037,19.7298245614059,15.7017236221079,31532.7115110282
1715017047,19.7298245614059,15.7017236221079,31602.6522160543
1715017057,19.7719298245628,15.7157794572181,31602.6522160543
1715017067,19.8406321381316,15.7297577463436,31663.3698975005
1715017077,19.8406321381316,15.7297577463436,31680.6207791046
1715017087,19.8558591433648,15.7417023294814,31680.6207791046
1715017097,19.9564212055387,15.7512254767077,31781.5292512215
1715017107,19.9564212055387,15.7512254767077,31823.2828406041
1715017117,19.9508771929811,15.7605234904298,31823.2828406041
1715017127,19.9807017543868,15.7687133470148,31862.9806618731
1715017137,19.9807017543868,15.7687133470148,31903.8124747407
1715017147,19.9438596491194,15.775402313572,31903.8124747407
1715017157,20.031578947372,15.7826090871887,32145.7067730529
1715017167,20.031578947372,15.7826090871887,32396.1423022599
1715017177,19.9350877192981,15.7839248674464,32396.1423022599
1715017187,20.0964912280691,15.7901735729287,32697.9123035206
1715017197,20.0964912280691,15.7901735729287,32888.8937472672
1715017207,20.0929824561379,15.7964397887948,32888.8937472672
1715017217,20.1824561403501,15.7834045589034,33132.230305181
1715017227,20.1824561403501,15.7834045589034,33332.5092151398
1715017237,20.2298245614012,15.7716575929526,33332.5092151398
1715017247,20.238596491225,15.772635672954,33490.3418880929
1715017257,20.238596491225,15.772635672954,33624.5888523424
1715017267,20.2473684210491,15.766942296782,33624.5888523424
1715017277,20.4736842105223,15.7656990595423,33823.8395673727
1715017287,20.4736842105223,15.7656990595423,34010.0970191843
1715017297,20.4614035087718,15.7675876794939,34010.0970191843
1715017307,20.4982456140345,15.7722254296798,34191.9149407465
1715017317,20.4982456140345,15.7722254296798,34281.497354266
1715017327,20.4842105263158,15.7767756279474,34281.497354266
1715017337,20.5105263157875,15.7808755592066,34447.1293803489
1715017347,20.5105263157875,15.7808755592066,34573.75662318
1715017357,20.5084930122529,15.784265069186,34573.75662318
1715017367,20.5561403508766,15.7876946028995,34712.6639479775
1715017377,20.5561403508766,15.7876946028995,34799.8370635226
1715017387,20.5067386201357,15.7913842908845,34799.8370635226
1715017397,20.6157894736881,15.7943085249553,34985.5503518079
1715017407,20.6157894736881,15.7943085249553,35120.8881018865
1715017417,20.6511556099776,15.7993089902312,35120.8881018865
1715017427,20.7350877193003,15.8043469777578,35328.7588565298
1715017437,20.7350877193003,15.8043469777578,35370.9635074823
1715017447,20.7263157894726,15.8136499944467,35370.9635074823
1715017457,20.8438596491208,15.8182177030979,35466.8689482843
1715017467,20.8438596491208,15.8182177030979,35354.0659530387
1715017477,20.7529096389127,15.8223401477076,35354.0659530387
1715017487,20.9722071150661,15.827943470478,35323.8446826491
1715017497,20.9722071150661,15.827943470478,35237.6060049155
1715017507,20.9964912280725,15.8334067101791,35237.6060049155
1715017517,21.0210526315764,15.8384421962224,35300.3681316184
1715017527,21.0210526315764,15.8384421962224,35285.1839502056
1715017537,20.9295471212195,15.8436677950025,35285.1839502056
1715017547,20.9473684210538,15.8487883314806,35267.1459694989
1715017557,20.9473684210538,15.8487883314806,35265.9265431126
1715017567,20.7596491228083,15.8621762705284,35265.9265431126
1715017577,20.9280701754384,15.8734629635374,35405.3478309109
1715017587,20.9280701754384,15.8734629635374,35603.8709088419
1715017597,20.9403508771941,15.8845070126585,35603.8709088419
1715017607,20.9999999999998,15.8954459994777,35723.2066773002
1715017617,20.9999999999998,15.8954459994777,35812.2753663257
1715017627,21.0230841295284,15.9031280549366,35812.2753663257
1715017637,21.1385964912293,15.91141296789,35907.8796939583
1715017647,21.1385964912293,15.91141296789,35895.3618298534
1715017657,21.1894736842071,15.905779627319,35895.3618298534
1715017667,21.2947368421064,15.9000987585638,35930.8689813082
1715017677,21.2947368421064,15.9000987585638,35894.5009030966
1715017687,21.3561403508736,15.894597996612,35894.5009030966
1715017697,21.3909522489544,15.8887220121532,36044.7348580045
1715017707,21.3909522489544,15.8887220121532,36051.8515181548
1715017717,21.4002757885072,15.8826634194077,36051.8515181548
1715017727,21.3751627198708,15.8764697465597,36093.5931368075
1715017737,21.3751627198708,15.8764697465597,36068.6787332297
1715017747,21.3508771929851,15.8737606400596,36068.6787332297
1715017757,21.3558644065411,15.871819488957,36187.4527588813
1715017767,21.3558644065411,15.871819488957,36272.6780101875
1715017777,21.2453377029356,15.8735380080387,36272.6780101875
1715017787,21.3087719298235,15.8653131306865,36336.3298202108
1715017797,21.3087719298235,15.8653131306865,36346.5234850878
1715017807,21.3315789473707,15.8569331613647,36346.5234850878
1715017817,21.384210526315,15.8716068628697,36375.2536884592
1715017827,21.384210526315,15.8716068628697,36310.9816671182
1715017837,21.3964912280691,15.8794590191984,36310.9816671182
1715017847,21.4017543859655,15.8869134396697,36203.2748385413
1715017857,21.4017543859655,15.8869134396697,36199.7100006492
1715017867,21.2929824561364,15.8944053823917,36199.7100006492
1715017877,21.387719298245,15.8887695403374,36365.7099664303
1715017887,21.387719298245,15.8887695403374,36605.4440224272
1715017897,21.4192982456144,15.8865282112293,36605.4440224272
1715017907,21.3997242095614,15.8828635380781,36803.185386813
1715017917,21.3997242095614,15.8828635380781,36931.579975262
1715017927,21.4017543859681,15.878500951064,36931.579975262
1715017937,21.3842105263192,15.8745786251247,37104.4136873901
1715017947,21.3842105263192,15.8745786251247,37141.65249915
1715017957,21.3842105263173,15.8705387294666,37141.65249915
1715017967,21.3245614035096,15.8661636350356,37225.5087340176
1715017977,21.3245614035096,15.8661636350356,37218.2533576594
1715017987,21.3368421052671,15.8610180837236,37218.2533576594
1715017997,21.3628819750226,15.8539488916928,37365.8109557263
1715018007,21.3628819750226,15.8539488916928,37444.5501404774
1715018017,21.4473684210488,15.8441430768446,37444.5501404774
1715018027,21.4175438596472,15.8346649563191,37570.3190135592
1715018037,21.4175438596472,15.8346649563191,37616.5982469766
1715018047,21.4912280701742,15.8191432519484,37616.5982469766
1715018057,21.4543859649169,15.8077990248217,37741.4819789568
1715018067,21.4543859649169,15.8077990248217,37827.7485962688
1715018077,21.4037845481263,15.7987361505373,37827.7485962688
1715018087,21.361403508772,15.7849454726653,37910.7745965873
1715018097,21.361403508772,15.7849454726653,37841.4549368735
1715018107,21.5210526315809,15.7767381056967,37841.4549368735
1715018117,21.5421052631581,15.7713073852795,37751.8508065392
1715018127,21.5421052631581,15.7713073852795,37537.8172074486
1715018137,21.6421052631596,15.7657841099772,37537.8172074486
1715018147,21.6070175438615,15.7602208109409,37332.4951224799
1715018157,21.6070175438615,15.7602208109409,37121.3767309319
1715018167,21.5844856684705,15.7490291743004,37121.3767309319
1715018177,21.6529064810312,15.7437960710701,37102.7290187145
1715018187,21.6529064810312,15.7437960710701,37089.7444572253
1715018197,21.6809765579763,15.7389807155643,37089.7444572253
1715018207,21.5947368421047,15.7340377844061,37066.7433577417
1715018217,21.5947368421047,15.7340377844061,37066.259977935
1715018227,21.6368421052641,15.7356462382193,37066.259977935
1715018237,21.5824561403516,15.7367093686556,37160.6111013833
1715018247,21.5824561403516,15.7367093686556,37279.0601052534
1715018257,21.6052631578969,15.7383578462028,37279.0601052534
1715018267,21.5684210526317,15.7393309232375,37371.3191072304
1715018277,21.5684210526317,15.7393309232375,37410.6972301815
1715018287,21.5807017543847,15.7401338994023,37410.6972301815
1715018297,21.5353630338136,15.7410394363858,37514.1542506573
1715018307,21.5353630338136,15.7410394363858,37573.8535710281
1715018317,21.5160648559114,15.7437410384358,37573.8535710281
1715018327,21.4368421052652,15.7478184563446,37659.1537980898
1715018337,21.4368421052652,15.7478184563446,37708.0810563239
1715018347,21.4423809039221,15.7497145807464,37708.0810563239
1715018357,21.4242856992469,15.751583188831,37853.0418035573
1715018367,21.4242856992469,15.751583188831,37937.8249806395
1715018377,21.4824561403507,15.7513605568102,37937.8249806395
1715018387,21.3421052631578,15.7572790664864,38009.497692462
1715018397,21.3421052631578,15.7572790664864,38037.2617171477
1715018407,21.5298245614031,15.7510553758379,38037.2617171477
1715018417,21.5561403508745,15.7437660532696,38025.4502653845
1715018427,21.5561403508745,15.7437660532696,37904.3041197515
1715018437,21.6894736842136,15.7395560567416,37904.3041197515
1715018447,21.7122807017551,15.7351784608273,37702.5923932544
1715018457,21.7122807017551,15.7351784608273,37499.5037822817
1715018467,21.7260411440044,15.7314312387246,37499.5037822817
1715018477,21.8856908269854,15.7380151429798,37337.5508953198
1715018487,21.8856908269854,15.7380151429798,37119.0465441741
1715018497,22.014035087717,15.7382027542333,37119.0465441741
1715018507,22.0070175438575,15.7380551667139,36913.3922134102
1715018517,22.0070175438575,15.7380551667139,36741.3675446977
1715018527,22.1614035087693,15.7418624244177,36741.3675446977
1715018537,22.2052631578947,15.7539320817245,36757.444721826
1715018547,22.2052631578947,15.7539320817245,36816.977898462
1715018557,22.2754385964895,15.7659892316143,36816.977898462
1715018567,22.3087719298236,15.7788393517356,36913.5093339225
1715018577,22.3087719298236,15.7788393517356,36996.1591710955
1715018587,22.4260436001533,15.7718827264568,36996.1591710955
1715018597,22.4979736770993,15.7667371751448,37194.8823593191
1715018607,22.4979736770993,15.7667371751448,37384.8729993041
1715018617,22.6473684210536,15.76413563243,37384.8729993041
1715018627,22.7137639079444,15.7612864428606,37527.4649406688
1715018637,22.7137639079444,15.7612864428606,37589.2283507621
1715018647,22.8265865733812,15.7617242024521,37589.2283507621
1715018657,22.8175438596487,15.7579244491984,37649.9453527536
1715018667,22.8175438596487,15.7579244491984,37640.1634192332
1715018677,22.9000000000008,15.7520959929238,37640.1634192332
1715018687,22.7508771929844,15.7489316164485,37600.0086400553
1715018697,22.7508771929844,15.7489316164485,37505.0764303723
1715018707,22.9087719298274,15.7386680301419,37505.0764303723
1715018717,22.8929824561371,15.7274713905346,37446.706160082
1715018727,22.8929824561371,15.7274713905346,37263.2567084898
1715018737,22.8964912280718,15.7166049467334,37263.2567084898
1715018747,22.8476391310878,15.7058860904516,37180.6017103106
1715018757,22.8476391310878,15.7058860904516,37039.7093993953
1715018767,22.8245614035085,15.6947094627114,37039.7093993953
1715018777,22.817543859651,15.6812639895458,37104.9267822304
1715018787,22.817543859651,15.6812639895458,36987.7400262555
1715018797,22.9578947368406,15.671980984724,36987.7400262555
1715018807,22.8912280701747,15.6635785020517,36952.3376229473
1715018817,22.8912280701747,15.6635785020517,36799.18257927
1715018827,22.9298245614036,15.6490824058667,36799.18257927
1715018837,22.9616738186876,15.6355919060003,36759.2916049437
1715018847,22.9616738186876,15.6355919060003,36573.6100848615
1715018857,23.0561403508788,15.6240225453694,36573.6100848615
1715018867,23.0912280701756,15.6197099880229,36436.0925203287
1715018877,23.0912280701756,15.6197099880229,36251.3095861708
1715018887,23.1649122807019,15.617358593646,36251.3095861708
1715018897,23.159649122808,15.6167532346681,36251.6756853052
1715018907,23.159649122808,15.6167532346681,36290.7847388302
1715018917,23.1859649122832,15.6169083266377,36290.7847388302
1715018927,23.0892038217654,15.615810175434,36343.4676938598
1715018937,23.0892038217654,15.615810175434,36325.0087780899
1715018947,23.1438596491225,15.6140691430018,36325.0087780899
1715018957,23.0985154438042,15.6109197754268,36386.8544600939
1715018967,23.0985154438042,15.6109197754268,36400.7626971745
1715018977,23.1456140350871,15.6076453336829,36400.7626971745
1715018987,23.0157894736802,15.6026223550566,36433.9575188056
1715018997,23.0157894736802,15.6026223550566,36353.6251252923
1715019007,23.1122807017534,15.6212584062349,36353.6251252923
1715019017,23.1365724090243,15.6215135575396,36399.3701362423
1715019027,23.1365724090243,15.6215135575396,36381.5661426007
1715019037,23.1611338987139,15.6184867626502,36381.5661426007
1715019047,23.071929824563,15.615499991495,36421.38633451
1715019057,23.071929824563,15.615499991495,36343.291882633
1715019067,23.070445366858,15.6120429414643,36343.291882633
1715019077,22.9175438596519,15.6062970341412,36333.5700967771
1715019087,22.9175438596519,15.6062970341412,36213.6944077499
1715019097,23.0245614035094,15.6009863849263,36213.6944077499
1715019107,22.9543859649091,15.5956982490617,36085.1871012244
1715019117,22.9543859649091,15.5956982490617,35953.9911308204
1715019127,22.9435892757542,15.5871181610695,35953.9911308204
1715019137,22.8473684210513,15.5726395752681,35939.4888555994
1715019147,22.8473684210513,15.5726395752681,35909.8572552546
1715019157,22.7441307223479,15.5584036333546,35909.8572552546
1715019167,22.623078515516,15.5457786467375,35817.1155516942
1715019177,22.623078515516,15.5457786467375,35697.5197935348
1715019187,22.5929824561363,15.5532956042933,35697.5197935348
1715019197,22.4982456140347,15.5653677630835,35630.8619276521
1715019207,22.4982456140347,15.5653677630835,35617.4359205167
1715019217,22.5701754385987,15.573442551433,35617.4359205167
1715019227,22.4614035087708,15.5809369956384,35531.4385337095
1715019237,22.4614035087708,15.5809369956384,35481.6942811331
1715019247,22.4506050898417,15.5842339507328,35481.6942811331
1715019257,22.3827284816551,15.5922311930975,35397.6387509655
1715019267,22.3827284816551,15.5922311930975,35319.8867198478
1715019277,22.3105263157904,15.6020445123959,35319.8867198478
1715019287,22.1213258900878,15.6105170366027,35206.0130894145
1715019297,22.1213258900878,15.6105170366027,35103.6192147401
1715019307,22.0491228070189,15.6208231481269,35103.6192147401
1715019317,22.091228070178,15.6385561638051,35110.0990802861
1715019327,22.091228070178,15.6385561638051,35071.9049511947
1715019337,22.084210526315,15.6601514698216,35071.9049511947
1715019347,22.019024628157,15.6618324666527,35064.1075030026
1715019357,22.019024628157,15.6618324666527,35062.8482972136
1715019367,22.0438596491212,15.6677209585284,35062.8482972136
1715019377,21.8879933754647,15.6712980797613,35203.3781224235
1715019387,21.8879933754647,15.6712980797613,35339.8932913496
1715019397,21.8964912280726,15.6709153528042,35339.8932913496
1715019407,21.9561403508736,15.674327376134,35499.7066654632
1715019417,21.9561403508736,15.674327376134,35615.0627615063
1715019427,21.9543859649135,15.6773616754736,35615.0627615063
1715019437,21.9260418457611,15.6802208709765,35833.0510740708
1715019447,21.9260418457611,15.6802208709765,35946.1267448602
1715019457,22.0049894911919,15.6810313515915,35946.1267448602
1715019467,21.9967649236346,15.6747701386922,36069.0330913464
1715019477,21.9967649236346,15.6747701386922,36061.5295635539
1715019487,22.0596491228048,15.66690797643,36061.5295635539
1715019497,22.0228070175433,15.6574823870555,36094.0059609228
1715019507,22.0228070175433,15.6574823870555,36025.3794587808
1715019517,22.0491228070186,15.6456003410022,36025.3794587808
1715019527,22.0824561403513,15.6402396621196,35901.4734202159
1715019537,22.0824561403513,15.6402396621196,35745.5145206945
1715019547,22.0716563917786,15.6353567665626,35745.5145206945
1715019557,22.1280701754391,15.6298284882936,35602.665806729
1715019567,22.1280701754391,15.6298284882936,35454.2623418207
1715019577,22.1400776844797,15.6252657826091,35454.2623418207
1715019587,22.1371153083677,15.6207681154925,35258.1819777134
1715019597,22.1371153083677,15.6207681154925,35065.0726256983
1715019607,21.9842105263144,15.604826161914,35065.0726256983
1715019617,22.0894736842073,15.6048561797146,34978.2763850477
1715019627,22.0894736842073,15.6048561797146,34860.9984680544
1715019637,22.042378798672,15.6086959567023,34860.9984680544
1715019647,21.9915017842027,15.6146820064298,34750.0775468605
1715019657,21.9915017842027,15.6146820064298,34619.9504994254
1715019667,21.9593752960543,15.6206730591241,34619.9504994254
1715019677,21.9280701754351,15.6284751857852,34633.2376958729
1715019687,21.9280701754351,15.6284751857852,34615.1556217093
1715019697,21.7649122807061,15.6357545024199,34615.1556217093
1715019707,21.8210526315791,15.6331054315209,34619.6713932028
1715019717,21.8210526315791,15.6331054315209,34536.9190530481
1715019727,21.7722043080548,15.6307940608781,34536.9190530481
1715019737,21.7421052631564,15.6286527911051,34579.792213723
1715019747,21.7421052631564,15.6286527911051,34576.2606534091
1715019757,21.6277951852438,15.6283300997492,34576.2606534091
1715019767,21.5333333333365,15.6259611949886,34598.1462135189
1715019777,21.5333333333365,15.6259611949886,34512.965664395
1715019787,21.429824561405,15.6244427945772,34512.965664395
1715019797,21.4315789473678,15.6180465015754,34446.8634272248
1715019807,21.4315789473678,15.6180465015754,34276.009159894
1715019817,21.3350877192993,15.6117652768091,34276.009159894
1715019827,21.3315789473672,15.6096640307703,34060.059097052
1715019837,21.3315789473672,15.6096640307703,33838.4012747311
1715019847,21.1859649122804,15.6085208528657,33838.4012747311
1715019857,21.1774695527386,15.6041807792021,33801.4015076154
1715019867,21.1774695527386,15.6041807792021,33803.1203566122
1715019877,21.1263157894731,15.6044284260566,33803.1203566122
1715019887,21.1385964912274,15.6046710699445,33873.1713717172
1715019897,21.1385964912274,15.6046710699445,33864.2117877764
1715019907,20.9684210526358,15.6045535002256,33864.2117877764
1715019917,21.1035087719297,15.5948077209785,33982.5619186372
1715019927,21.1035087719297,15.5948077209785,33999.6399639964
1715019937,21.0789473684235,15.579115915738,33999.6399639964
1715019947,21.1157894736811,15.584946873496,34066.8715147377
1715019957,21.1157894736811,15.584946873496,34023.5667946511
1715019967,21.1122807017579,15.5862601522703,34023.5667946511
1715019977,21.1561403508747,15.5861550899684,34099.4390502151
1715019987,21.1561403508747,15.5861550899684,34059.1785342133
1715019997,20.9947368421037,15.5862651552371,34059.1785342133
1715020007,21.1716532338742,15.5881587781554,34013.7271937446
1715020017,21.1716532338742,15.5881587781554,33952.5886509356
1715020027,21.0686980045703,15.5878560986665,33952.5886509356
1715020037,21.1736842105293,15.5961860383207,34003.2438277167
1715020047,21.1736842105293,15.5961860383207,34048.3943308217
1715020057,21.1473684210512,15.6038155626287,34048.3943308217
1715020067,21.2456140350862,15.6093038171636,34097.3556051158
1715020077,21.2456140350862,15.6093038171636,34097.9280261723
1715020087,21.1649122807055,15.6158577036182,34097.9280261723
1715020097,21.2315789473676,15.6224666227073,34260.7466192333
1715020107,21.2315789473676,15.6224666227073,34357.1767139225
1715020117,21.177192982456,15.6305464140235,34357.1767139225
1715020127,21.2245614035093,15.6320047788338,34519.5344591511
1715020137,21.2245614035093,15.6320047788338,34423.6519184238
1715020147,21.1947368421093,15.6317746423629,34423.6519184238
1715020157,21.2365657423342,15.6333680872758,34340.1837852519
1715020167,21.2365657423342,15.6333680872758,34113.1107711689
1715020177,21.2192982456135,15.6340710041054,34113.1107711689
1715020187,21.2824561403489,15.6347789239019,33849.2700485144
1715020197,21.2824561403489,15.6347789239019,33632.2916893822
1715020207,21.1631578947364,15.635544377816,33632.2916893822
1715020217,21.2593728399025,15.6456478691864,33621.148399279
1715020227,21.2593728399025,15.6456478691864,33738.9707549309
1715020237,21.3368421052665,15.6492825245371,33738.9707549309
1715020247,21.3719298245594,15.650790919015,33938.8608573117
1715020257,21.3719298245594,15.650790919015,34023.6125903601
1715020267,21.3263157894714,15.6523468416771,34023.6125903601
1715020277,21.3912280701771,15.6551460015789,34101.8635708986
1715020287,21.3912280701771,15.6551460015789,34069.8895684308
1715020297,21.1999999999984,15.6589107340653,34069.8895684308
1715020307,21.264636016264,15.6725012932669,34006.9458182218
1715020317,21.264636016264,15.6725012932669,33944.7161097528
1715020327,21.2807017543836,15.6881680836736,33944.7161097528
1715020337,21.3421052631575,15.7006554887048,34027.922654702
1715020347,21.3421052631575,15.7006554887048,34150.766399605
1715020357,21.2842105263167,15.7111492114824,34150.766399605
1715020367,21.3578947368418,15.7213852814719,34271.7994087564
1715020377,21.3578947368418,15.7213852814719,34329.2937190513
1715020387,21.3649122807016,15.7331522592898,34329.2937190513
1715020397,21.4245614035073,15.7499071949666,34375.9680621305
1715020407,21.4245614035073,15.7499071949666,34378.6622822041
1715020417,21.4175438596498,15.7672925044551,34378.6622822041
1715020427,21.4488471889363,15.7805603723008,34370.085296964
1715020437,21.4488471889363,15.7805603723008,34336.7559254568
1715020447,21.4035087719343,15.7939858335993,34336.7559254568
1715020457,21.4385964912314,15.8056752654324,34274.4163467055
1715020467,21.4385964912314,15.8056752654324,34063.9475210853
1715020477,21.350877192981,15.7907539170728,34063.9475210853
1715020487,21.3596491228064,15.7802752031955,33792.2761464067
1715020497,21.3596491228064,15.7802752031955,33573.7632411155
1715020507,21.2368421052656,15.7703843379124,33573.7632411155
1715020517,21.1877192982441,15.7652988222016,33570.9395708079
1715020527,21.1877192982441,15.7652988222016,33596.5056207179
1715020537,21.1228070175457,15.7648610626101,33596.5056207179
1715020547,21.2894736842135,15.7760026695831,33646.7979538519
1715020557,21.2894736842135,15.7760026695831,33596.7353077791
1715020567,21.2564166441521,15.7872268255075,33596.7353077791
1715020577,21.2719298245627,15.7984809992325,33559.5802457771
1715020587,21.2719298245627,15.7984809992325,33339.1115926327
1715020597,21.2000000000039,15.8089822264603,33339.1115926327
1715020607,21.1421052631589,15.8132197393054,33089.4668048857
1715020617,21.1421052631589,15.8132197393054,32805.9989701339
1715020627,21.1631578947393,15.8184228247351,32805.9989701339
1715020637,21.1719298245602,15.815556124782,32559.5206153296
1715020647,21.1719298245602,15.815556124782,32252.241904846
1715020657,21.0684210526323,15.8131572022209,32252.241904846
1715020667,20.9754385964918,15.8134523772597,31924.6783944725
1715020677,20.9754385964918,15.8134523772597,31106.4039188494
1715020687,20.8002778937639,15.8128245049314,31106.4039188494
1715020697,20.7947368421073,15.8122516652375,30896.2508152846
1715020707,20.7947368421073,15.8122516652375,30677.7464663723
1715020717,20.7157894736842,15.811753870045,30677.7464663723
1715020727,20.7087719298231,15.7963972635773,30893.7812975668
1715020737,20.7087719298231,15.7963972635773,30658.5690220764
1715020747,20.5967698358956,15.7887502288857,30658.5690220764
1715020757,20.6301030522732,15.7818086125072,30596.602323347
1715020767,20.6301030522732,15.7818086125072,30557.9732809079
1715020777,20.501475443772,15.7749795628808,30557.9732809079
1715020787,20.5175438596464,15.7736662841065,30567.7054329183
1715020797,20.5175438596464,15.7736662841065,30547.836657512
1715020807,20.3333333333323,15.7730284058447,30547.836657512
1715020817,20.2771929824533,15.7632275939632,30722.8491607822
1715020827,20.2771929824533,15.7632275939632,30875.6931097709
1715020837,20.0438596491199,15.7560483366636,30875.6931097709
1715020847,20.1421052631575,15.7514230938947,31055.119152692
1715020857,20.1421052631575,15.7514230938947,31128.3528435801
1715020867,20.0666666666649,15.7466977917905,31128.3528435801
1715020877,20.0614035087685,15.7393809529051,31232.3949955317
1715020887,20.0614035087685,15.7393809529051,31257.4545290631
1715020897,19.9228070175435,15.732606935913,31257.4545290631
1715020907,19.8315789473644,15.7262006369777,31245.2490673689
1715020917,19.8315789473644,15.7262006369777,31168.0644522221
1715020927,19.8122807017564,15.7207248898597,31168.0644522221
1715020937,19.8859649122779,15.7222908184554,31114.651810585
1715020947,19.8859649122779,15.7222908184554,30971.7939238414
1715020957,19.8368421052628,15.7228436462823,30971.7939238414
1715020967,19.9067365148649,15.7185235844856,30801.7531432619
1715020977,19.9067365148649,15.7185235844856,30591.7565602414
1715020987,19.8192982456139,15.7148288935339,30591.7565602414
1715020997,19.821333960232,15.7057360014489,30446.8179795282
1715021007,19.821333960232,15.7057360014489,30283.2061770383
1715021017,19.7754385964927,15.6952772994386,30283.2061770383
1715021027,19.8210526315782,15.6874401520102,30092.4371608903
1715021037,19.8210526315782,15.6874401520102,29961.0286978708
1715021047,19.7102445973473,15.6781071175207,29961.0286978708
1715021057,19.7543859649108,15.6692768811905,29941.3076098607
1715021067,19.7543859649108,15.6692768811905,29956.9063481807
1715021077,19.65993101779,15.680521048982,29956.9063481807
1715021087,19.7087719298233,15.6876377691971,29936.7916204782
1715021097,19.7087719298233,15.6876377691971,29824.3186303861
1715021107,19.6315789473693,15.6943467476213,29824.3186303861
1715021117,19.6318609408397,15.6970558541215,29697.1141724162
1715021127,19.6318609408397,15.6970558541215,29415.971342449
1715021137,19.397962799872,15.7033470848213,29415.971342449
1715021147,19.4877192982459,15.6957700916644,29111.5678214915
1715021157,19.4877192982459,15.6957700916644,28862.4934520691
1715021167,19.4421052631598,15.6888084634188,28862.4934520691
1715021177,19.4578947368434,15.6855715439256,28753.7780559778
1715021187,19.4578947368434,15.6855715439256,28675.2897397386
1715021197,19.3771929824595,15.6827323602897,28675.2897397386
1715021207,19.3087719298248,15.6802934139945,28639.1652296945
1715021217,19.3087719298248,15.6802934139945,28591.9932424923
1715021227,19.178947368421,15.6793328443767,28591.9932424923
1715021237,19.3035087719303,15.6819594019253,28682.848536816
1715021247,19.3035087719303,15.6819594019253,28776.3073592117
1715021257,19.2403508771914,15.6858767248979,28776.3073592117
1715021267,19.2280701754371,15.6909522346752,28896.2664682453
1715021277,19.2280701754371,15.6909522346752,28921.6652660746
1715021287,19.1473684210519,15.6957625872142,28921.6652660746
1715021297,19.1333333333329,15.7006254709043,28941.8760965162
1715021307,19.1333333333329,15.7006254709043,28913.9755643367
1715021317,19.0505931599754,15.7049280223172,28913.9755643367
1715021327,19.0684210526301,15.7242219636244,28874.7538145222
1715021337,19.0684210526301,15.7242219636244,28864.2416928845
1715021347,19.0508771929831,15.737429795869,28864.2416928845
1715021357,19.1017543859626,15.7514330998282,28869.8169923084
1715021367,19.1017543859626,15.7514330998282,28930.1291409321
1715021377,19.0368421052622,15.768438183843,28930.1291409321
1715021387,19.0631578947387,15.7805978945515,28966.947060437
1715021397,19.0631578947387,15.7805978945515,29043.5125542264
1715021407,19.0312948466504,15.7921722581491,29043.5125542264
1715021417,19.0192982456134,15.8031437642522,29196.7612052564
1715021427,19.0192982456134,15.8031437642522,29353.5532720389
1715021437,18.9175438596507,15.8141377837058,29353.5532720389
1715021447,18.9684210526321,15.8214546225912,29511.7657466384
1715021457,18.9684210526321,15.8214546225912,29499.7700545299
1715021467,18.9736842105272,15.8305975443438,29499.7700545299
1715021477,19.0157894736848,15.8397854927972,29487.0439860559
1715021487,19.0157894736848,15.8397854927972,29331.814206141
1715021497,19.0456140350873,15.8474000082049,29331.814206141
1715021507,19.070459401897,15.8548544286762,29167.4592012145
1715021517,19.070459401897,15.8548544286762,28988.5103540414
1715021527,18.9403508771928,15.8591219593219,28988.5103540414
1715021537,18.935372156589,15.8565254195738,29009.165460685
1715021547,18.935372156589,15.8565254195738,28996.6443708758
1715021557,19.0842105263156,15.8615909234176,28996.6443708758
1715021567,19.0734002575431,15.8598323806017,29039.5615611618
1715021577,19.0734002575431,15.8598323806017,28969.2472255649
1715021587,19.0701754385966,15.8554272683701,28969.2472255649
1715021597,19.0315789473677,15.8499890435028,29046.3037815503
1715021607,19.0315789473677,15.8499890435028,28967.1713183367
1715021617,19.0122807017561,15.845806563292,28967.1713183367
1715021627,18.9494071950654,15.8395878756102,28907.4224139819
1715021637,18.9494071950654,15.8395878756102,28801.5811301192
1715021647,18.9277857115287,15.8336568585171,28801.5811301192
1715021657,18.9245614035124,15.8284587760542,28864.1390205371
1715021667,18.9245614035124,15.8284587760542,28906.3844011142
1715021677,18.9280701754372,15.8239185837202,28906.3844011142
1715021687,18.9157894736823,15.8260298356926,28951.6635838923
1715021697,18.9157894736823,15.8260298356926,28979.0115392989
1715021707,18.9631578947337,15.8292117225515,28979.0115392989
1715021717,18.9438596491234,15.8322260100239,29124.1616007537
1715021727,18.9438596491234,15.8322260100239,29270.7816723633
1715021737,18.8915126613585,15.8286914140085,29270.7816723633
1715021747,18.8754385964868,15.8297720548285,29331.5572669473
1715021757,18.8754385964868,15.8297720548285,29385.7035497989
1715021767,18.9824561403478,15.8297020132939,29385.7035497989
1715021777,18.9491228070179,15.8289865890473,29391.5374648139
1715021787,18.9491228070179,15.8289865890473,29390.0718599832
1715021797,18.9754385964906,15.8278659244932,29390.0718599832
1715021807,18.9263157894739,15.8269003519087,29306.2062570375
1715021817,18.9263157894739,15.8269003519087,29288.6180689841
1715021827,18.9593647697022,15.8256971384031,29288.6180689841
1715021837,18.822807017544,15.8202188898017,29408.4896258041
1715021847,18.822807017544,15.8202188898017,29617.2765712515
1715021857,18.9912280701774,15.8156987093346,29617.2765712515
1715021867,18.9844947912468,15.8101028910144,29828.8851278045
1715021877,18.9844947912468,15.8101028910144,29961.5359455747
1715021887,19.0754385964912,15.8052325028742,29961.5359455747
1715021897,19.1157894736834,15.7998718239916,30166.1138443044
1715021907,19.1157894736834,15.7998718239916,30285.6759056105
1715021917,19.2014708823516,15.7951590293044,30285.6759056105
1715021927,19.1859649122802,15.7902711307806,30420.6123841599
1715021937,19.1859649122802,15.7902711307806,30511.8011307547
1715021947,19.2739674597615,15.7917570119081,30511.8011307547
1715021957,19.2982456140376,15.7900710121102,30753.0619596542
1715021967,19.2982456140376,15.7900710121102,30970.890835003
1715021977,19.3824561403534,15.7853332025892,30970.890835003
1715021987,19.4368421052678,15.7802777046789,31176.8763917391
1715021997,19.4368421052678,15.7802777046789,31247.0009361869
1715022007,19.5301069119049,15.7580845441347,31247.0009361869
1715022017,19.5523493064896,15.7359964458924,31263.8821291093
1715022027,19.5523493064896,15.7359964458924,31102.0724128016
1715022037,19.5842105263179,15.7182259079634,31102.0724128016
1715022047,19.4649122807,15.7018511977603,30884.7516120243
1715022057,19.4649122807,15.7018511977603,30613.8774407135
1715022067,19.5947368421012,15.6977812843016,30613.8774407135
1715022077,19.5663844434527,15.6936163144745,30357.3687539532
1715022087,19.5663844434527,15.6936163144745,30089.7792779957
1715022097,19.6581766379772,15.6894963713482,30089.7792779957
1715022107,19.668421052633,15.6854214549228,29845.0182866009
1715022117,19.668421052633,15.6854214549228,29529.0271671739
1715022127,19.7421052631596,15.6851938199352,29529.0271671739
1715022137,19.6596491228041,15.692525667721,29363.3638967209
1715022147,19.6596491228041,15.692525667721,29133.5757683267
1715022157,19.66989357857,15.6933736705867,29133.5757683268
1715022167,19.6807017543841,15.7073719715791,29001.0767101013
1715022177,19.6807017543841,15.7073719715791,28822.5817278647
1715022187,19.7000000000014,15.720864972929,28822.5817278647
1715022197,19.6423872196964,15.7343854905959,28909.955383298
1715022207,19.6423872196964,15.7343854905959,28975.4635531996
1715022217,19.6824561403526,15.7473456759859,28975.4635531996
1715022227,19.5912280701751,15.7599606566694,29095.9879254804
1715022237,19.5912280701751,15.7599606566694,29214.8277483044
1715022247,19.5862470657965,15.7723805216493,29214.8277483043
1715022257,19.5125631138132,15.7839073570627,29520.5888815645
1715022267,19.5125631138132,15.7839073570627,29829.278551347
1715022277,19.4947368421038,15.7939858335993,29829.278551347
1715022287,19.4032259762313,15.7970776670566,30133.553573395
1715022297,19.4032259762313,15.7970776670566,30358.8549204052
1715022307,19.4228070175405,15.7999043432756,30358.8549204052
1715022317,19.4037915656459,15.7811232060612,30511.6950747216
1715022327,19.4037915656459,15.7811232060612,30505.0101997355
1715022337,19.4371247820216,15.7723680142325,30505.0101997355
1715022347,19.287719298246,15.7621619620435,30423.8145508929
1715022357,19.287719298246,15.7621619620435,30344.7520725794
1715022367,19.4280701754434,15.7575367192745,30344.7520725794
1715022377,19.4348050344002,15.7497395955802,30392.165444797
1715022387,19.4348050344002,15.7497395955802,30455.8229830793
1715022397,19.4406335416369,15.7419774926532,30455.8229830793
1715022407,19.3508771929791,15.7341828704422,30478.7104488187
1715022417,19.3508771929791,15.7341828704422,30455.6831434467
1715022427,19.3561403508807,15.7264057586148,30455.6831434467
1715022437,19.3561403508788,15.7185936260202,30482.3365285091
1715022447,19.3561403508788,15.7185936260202,30456.0079533644
1715022457,19.3719298245643,15.7093106211984,30456.0079533644
1715022467,19.3421052631579,15.7009156429763,30414.9565217391
1715022477,19.3421052631579,15.7009156429763,30311.5097026883
1715022487,19.5067351113485,15.698541735249,30311.5097026883
1715022497,19.4631578947385,15.6982215453764,30233.8737796374
1715022507,19.4631578947385,15.6982215453764,30039.4490656207
1715022517,19.5157894736832,15.6973685395439,30039.4490656207
1715022527,19.4909455822662,15.6966881360647,29781.5129772345
1715022537,19.4909455822662,15.6966881360647,29533.2565250144
1715022547,19.5383141695245,15.6936513352418,29533.2565250144
1715022557,19.4842105263141,15.6724537650827,29492.2728571743
1715022567,19.4842105263141,15.6724537650827,29480.2558337517
1715022577,19.5192982456144,15.656444271453,29480.2558337517
1715022587,19.4175438596524,15.6482294000342,29487.939212733
1715022597,19.4175438596524,15.6482294000342,29381.6965268301
1715022607,19.3979627998662,15.6574498677716,29381.6965268301
1715022617,19.3576117810953,15.6665777806239,29409.427715592
1715022627,19.3576117810953,15.6665777806239,29290.1103239532
1715022637,19.3543859649122,15.6714031420632,29290.1103239532
1715022647,19.1894736842107,15.6765386874416,29186.8826199163
1715022657,19.1894736842107,15.6765386874416,28970.1265152017
1715022667,19.1070175438609,15.6707827741851,28970.1265152017
1715022677,19.1771929824526,15.6712955782779,28874.8869596672
1715022687,19.1771929824526,15.6712955782779,28696.2310016584
1715022697,19.1754385964943,15.6718208897876,28696.2310016584
1715022707,19.1157894736834,15.6717433438029,28573.7901673498
1715022717,19.1157894736834,15.6717433438029,28403.5625704622
1715022727,19.0807017543863,15.6684839109592,28403.5625704622
1715022737,19.033333333333,15.6636060183689,28347.8783561156
1715022747,19.033333333333,15.6636060183689,28205.4444542331
1715022757,18.9912280701774,15.6592334254213,28205.4444542331
1715022767,18.8248462286109,15.6538127109376,28067.2199709624
1715022777,18.8248462286109,15.6538127109376,27908.0118694362
1715022787,18.8827407623133,15.6486346403417,27908.0118694362
1715022797,18.8242765764102,15.6434815845797,27894.2635591564
1715022807,18.8242765764102,15.6434815845797,27897.2406378785
1715022817,18.8125655699446,15.6386837394575,27897.2406378785
1715022827,18.7143203006309,15.6337658231331,27906.8810852204
1715022837,18.7143203006309,15.6337658231331,27857.0263658603
1715022847,18.6880046034921,15.6291756011315,27857.0263658603
1715022857,18.6105263157898,15.6252807915094,27851.47154856
1715022867,18.6105263157898,15.6252807915094,27797.8840002684
1715022877,18.640350877193,15.6229268956491,27797.8840002684
1715022887,18.563157894739,15.6229869312502,27740.786184958
1715022897,18.563157894739,15.6229869312502,27654.8103940232
1715022907,18.5578947368406,15.6223715663388,27654.8103940232
1715022917,18.4964912280696,15.6435716379813,27641.8806866568
1715022927,18.4964912280696,15.6435716379813,27602.2444958451
1715022937,18.5561403508735,15.6574548707383,27602.2444958451
1715022947,18.6122807017544,15.6521367170732,27534.3874592243
1715022957,18.6122807017544,15.6521367170732,27471.406899281
1715022967,18.5488370134638,15.6423884363427,27471.4068992811
1715022977,18.6754385964907,15.6453401867307,27483.5858024966
1715022987,18.6754385964907,15.6453401867307,27545.6722396378
1715022997,18.6792327044437,15.6483169519525,27545.6722396378
1715023007,18.6406363486457,15.6508709664831,27605.9597400539
1715023017,18.6406363486457,15.6508709664831,27698.5250468058
1715023027,18.6280701754367,15.6543005001966,27698.5250468058
1715023037,18.6964912280708,15.6641088165282,27814.9699669748
1715023047,18.6964912280708,15.6641088165282,27915.8106395069
1715023057,18.7067323043266,15.6732742516312,27915.8106395069
1715023067,18.6084863455616,15.6815791764516,27965.7105320779
1715023077,18.6084863455616,15.6815791764516,27983.1407205982
1715023087,18.642390728452,15.6828949567093,27983.1407205982
1715023097,18.7614035087736,15.6826147905708,28012.805068487
1715023107,18.7614035087736,15.6826147905708,27907.1930917831
1715023117,18.8295397527714,15.6826373039212,27907.1930917831
1715023127,18.8137502236872,15.6826998410057,27807.8415806651
1715023137,18.8137502236872,15.6826998410057,27665.2914559489
1715023147,18.8824561403498,15.6786949661149,27665.2914559489
1715023157,18.8964912280675,15.6977137442503,27720.3507764352
1715023167,18.8964912280675,15.6977137442503,27751.1849938223
1715023177,19.007301728764,15.7142585553233,27751.1849938223
1715023187,19.0087719298256,15.7240418568211,27819.0992922053
1715023197,19.0087719298256,15.7240418568211,27802.9048459346
1715023207,19.0684210526326,15.7337301019505,27802.9048459346
1715023217,18.9964912280719,15.7434283530133,27870.3831819501
1715023227,18.9964912280719,15.7434283530133,27900.9761983108
1715023237,18.9315789473716,15.7532116545111,27900.9761983108
1715023247,18.8508771929826,15.7641406353968,27904.9685398134
1715023257,18.8508771929826,15.7641406353968,27880.7011461877
1715023267,18.6719298245602,15.7718452042061,27880.7011461877
1715023277,18.7698904206704,15.7734561595026,27939.7060499032
1715023287,18.7698904206704,15.7734561595026,28087.2817955112
1715023297,18.7716448127844,15.773228524515,28087.2817955112
1715023307,18.7894736842141,15.7739214354112,28205.2650302384
1715023317,18.7894736842141,15.7739214354112,28264.9661289967
1715023327,18.7228070175402,15.7701767147919,28264.9661289967
1715023337,18.7929824561383,15.7657240743761,28384.8868310445
1715023347,18.7929824561383,15.7657240743761,28460.0088770528
1715023357,18.833618127658,15.7607261105836,28460.0088770528
1715023367,18.8611188109448,15.7618918018385,28525.4806629834
1715023377,18.8611188109448,15.7618918018385,28515.0673799688
1715023387,18.728070175438,15.7631225316613,28515.0673799688
1715023397,18.828070175436,15.7668347329967,28569.3466440859
1715023407,18.828070175436,15.7668347329967,28657.1506007769
1715023417,18.8950214209776,15.7700291272725,28657.1506007769
1715023427,18.8894736842102,15.7733986253849,28708.8048090523
1715023437,18.8894736842102,15.7733986253849,28767.6921016208
1715023447,18.8631578947382,15.7764379276911,28767.6921016208
1715023457,18.8400661054957,15.7790494763394,28723.0988101397
1715023467,18.8400661054957,15.7790494763394,28625.1515151515
1715023477,18.7631578947376,15.7812632891304,28625.1515151515
1715023487,18.7543859649157,15.7828067043757,28470.6491401819
1715023497,18.7543859649157,15.7828067043757,28315.6571890218
1715023507,18.7736842105267,15.7900309883761,28315.6571890218
1715023517,18.7880042526135,15.7977930913031,28246.100752958
1715023527,18.7880042526135,15.7977930913031,28115.8683375706
1715023537,18.7631578947383,15.8034814645084,28115.8683375706
1715023547,18.8035087719305,15.8253319218296,27952.3496980835
1715023557,18.8035087719305,15.8253319218296,27764.6747752512
1715023567,18.6368421052637,15.8467321121425,27764.6747752512
1715023577,18.6912280701801,15.8521528266262,27725.578573286
1715023587,18.6912280701801,15.8521528266262,27626.1046285936
1715023597,18.7421052631582,15.8523079185957,27626.1046285936
1715023607,18.729824561402,15.8529758146581,27550.3262624196
1715023617,18.729824561402,15.8529758146581,27474.0944828977
1715023627,18.5999999999982,15.8528532419725,27474.0944828977
1715023637,18.5701754385937,15.8464169252367,27558.6342509832
1715023647,18.5701754385937,15.8464169252367,27631.0469632768
1715023657,18.4877192982464,15.8396979408789,27631.0469632768
1715023667,18.5067316025686,15.833306650844,27643.3670564534
1715023677,18.5067316025686,15.833306650844,27614.7935929157
1715023687,18.3421052631571,15.8274932034697,27614.7935929157
1715023697,18.3014677244462,15.8217623050469,27649.4827128835
1715023707,18.3014677244462,15.8217623050469,27676.0625803306
1715023717,18.2929824561392,15.8190832163473,27676.0625803306
1715023727,18.3017543859655,15.8162565401283,27678.5601230046
1715023737,18.3017543859655,15.8162565401283,27620.060171466
1715023747,18.2175438596511,15.8133172971572,27620.060171466
1715023757,18.2894736842073,15.8060730012898,27650.072476898
1715023767,18.2894736842073,15.8060730012898,27602.23040134
1715023777,18.2210526315797,15.7961496167227,27602.23040134
1715023787,18.2210526315759,15.7890454039246,27561.9996051679
1715023797,18.2210526315759,15.7890454039246,27424.3238481191
1715023807,18.1593619626765,15.7824314818687,27424.3238481191
1715023817,18.2157894736832,15.7774035002757,27334.8186711374
1715023827,18.2157894736832,15.7774035002757,27200.443606521
1715023837,18.1438596491232,15.7725281091687,27200.443606521
1715023847,18.84561403509,15.767930382717,27030.8426494631
1715023857,18.84561403509,15.767930382717,26855.9978263823
1715023867,20.6631578947341,15.7549076602425,26855.9978263823
1715023877,23.87543859649,17.1365869960887,26834.1660092909
1715023887,23.87543859649,17.1365869960887,26632.3403488215
1715023897,26.0491228070181,17.1245398521323,26632.3403488215
1715023907,27.0140350877224,17.1101463167658,26444.2368017086
1715023917,27.0140350877224,17.1101463167658,26114.4790318552
1715023927,27.0350877192986,17.1056386437157,26114.4790318552
1715023937,27.18245614035,17.0969309800712,26084.3786150112
1715023947,27.18245614035,17.0969309800712,26041.346048449
1715023957,27.1035087719276,17.0887186101358,26041.346048449
1715023967,27.0666666666652,17.0755733149758,25947.934973638
1715023977,27.0666666666652,17.0755733149758,25875.1945357081
1715023987,27.033333333334,17.0700875619242,25875.1945357081
1715023997,26.9491228070202,17.0618151563877,25793.6930007691
1715024007,26.9491228070202,17.0618151563877,25742.9074810264
1715024017,26.9210526315797,17.0566145724415,25742.9074810264
1715024027,27.4245614035081,17.0526797390853,25627.2186743008
1715024037,27.4245614035081,17.0526797390853,25507.5989218817
1715024047,27.3473684210528,17.0491226297194,25507.5989218817
1715024057,27.347368421049,17.0460683185129,25368.0784604967
1715024067,27.347368421049,17.0460683185129,25193.7552892967
1715024077,27.2526315789493,17.0427713634185,25193.7552892967
1715024087,27.2508771929815,17.040422470525,25001.0942834632
1715024097,27.2508771929815,17.040422470525,24782.3077946852
1715024107,27.1245614035089,17.0326678720481,24782.3077946852
1715024117,27.1263157894742,17.0241953478413,24644.3522113625
1715024127,27.1263157894742,17.0241953478413,24530.1696418672
1715024137,26.3578947368386,17.0151649928408,24530.1696418672
1715024147,24.4473684210537,17.0064323143624,24480.5341273064
1715024157,24.4473684210537,17.0064323143624,24379.3677204659
1715024167,21.0456140350876,16.9982549651944,24379.3677204659
1715024177,18.8494075459382,16.993824838129,24359.579875402
1715024187,18.8494075459382,16.993824838129,24260.8945080647
1715024197,17.8350877192982,16.9943776659559,24260.8945080647
1715024207,17.9137470657799,16.9933695681539,24206.9948763644
1715024217,17.9137470657799,16.9933695681539,24042.0914172969
1715024227,17.6947368421067,16.9939023841138,24042.0914172969
1715024237,17.691228070178,16.9955658705612,23912.1484616063
1715024247,17.691228070178,16.9955658705612,23615.3210865829
1715024257,17.671929824562,17.0023624009037,23615.3210865829
1715024267,17.5929824561382,17.0088087235731,23297.3255233165
1715024277,17.5929824561382,17.0088087235731,23038.2470853878
1715024287,17.5052631578926,17.0148573103851,23038.2470853878
1715024297,17.4090617225916,17.0206782622095,22907.7739371656
1715024307,17.4090617225916,17.0206782622095,22717.5435130923
1715024317,16.7789473684203,17.0218514579146,22717.5435130923
1715024327,16.6824561403535,17.02322477229,22524.38814202
1715024337,16.6824561403535,17.02322477229,22316.582465239
1715024347,16.6669590633022,17.0278525165423,22316.582465239
1715024357,16.5964912280699,17.0328004506672,22248.8896864205
1715024367,16.5964912280699,17.0328004506672,22069.4958575709
1715024377,16.4543859649099,17.0378684559944,22069.4958575709
1715024387,16.4350877192996,17.038636411392,21939.4803826911
1715024397,16.4350877192996,17.038636411392,21699.8085400062
1715024407,16.3192982456103,17.0385488594737,21699.8085400062
1715024417,16.2807017543897,17.0368553552257,21557.1821508945
1715024427,16.2807017543897,17.0368553552257,21340.0761913249
1715024437,16.1421052631576,17.0360673879611,21340.0761913249
1715024447,16.0578947368432,17.0334758511798,21185.2174670967
1715024457,16.0578947368432,17.0334758511798,21003.8702905998
1715024467,15.8736842105263,17.0400372420845,21003.8702905998
1715024477,15.7929824561404,15.6523918683779,20865.4574624538
1715024487,15.7929824561404,15.6523918683779,20577.3402525669
1715024497,15.4824561403534,15.661287143276,20577.3402525669
1715024507,15.4070175438602,15.6723111805301,20338.8110090102
1715024517,15.4070175438602,15.6723111805301,20044.7124837078
1715024527,15.3894736842107,15.6847085321596,20044.7124837078
1715024537,15.2929824561432,15.6966381063971,19944.2299057027
1715024547,15.2929824561432,15.6966381063971,19782.4659259592
1715024557,15.2000000000025,15.7146888104646,19782.4659259592
1715024567,15.1280701754411,15.7313436868063,19672.9095465938
1715024577,15.1280701754411,15.7313436868063,19474.904528096
1715024587,15.0102281060625,15.7475708094901,19474.904528096
1715024597,14.9719298245602,15.764405792635,19394.0416949821
1715024607,14.9719298245602,15.764405792635,19271.5080860762
1715024617,14.9122807017518,15.7784040936275,19271.5080860762
1715024627,14.7891746988572,15.7911641603471,19155.4826029675
1715024637,14.7891746988572,15.7911641603471,18939.5855758881
1715024647,14.8385964912278,15.8021131530998,18939.5855758881
1715024657,14.840350877193,15.8134298639093,18852.7347986807
1715024667,14.840350877193,15.8134298639093,18646.8688318679
1715024677,14.7017543859648,15.8249216785554,18646.8688318679
1715024687,14.6508771929854,15.8344373213315,18534.5559293709
1715024697,14.6508771929854,15.8344373213315,18350.1908396947
1715024707,14.5298245614035,15.8479453315816,18350.1908396947
1715024717,14.492982456143,15.8618360687888,18257.2581002615
1715024727,14.492982456143,15.8618360687888,18123.2631908145
1715024737,14.3912280701714,15.8765172747439,18123.2631908145
1715024747,14.3540854529314,15.8917012788584,17978.1382689167
1715024757,14.3540854529314,15.8917012788584,17892.3228965455
1715024767,14.2438596491207,15.9083861730006,17892.3228965455
1715024777,14.2073185708107,15.9252011442786,17801.582951481
1715024787,14.2073185708107,15.9252011442786,17781.0422615026
1715024797,14.2333333333335,15.9120383387349,17781.0422615026
1715024807,14.4526315789424,17.4342034826652,14024.3399119997
1715024817,14.4526315789424,17.4342034826652,10982.9784458159
1715024827,14.8877192982445,17.4002608546868,8026.71061118853
1715024837,14.791228070177,17.3650474731516,0
1715024847,14.791228070177,17.3650474731516,0
1715024857,14.324561403509,17.3266346943738,0
1715024867,13.8511794695465,17.2914963573399,0
1715024877,13.8511794695465,17.2914963573399,0
1715024887,13.3912280701764,17.2524682136507,0
1715024897,12.878947368423,17.2169021229589,0
1715024907,12.878947368423,17.2169021229589,0
1715024917,12.3719298245615,17.1810008334943,0
1715024927,11.6964912280705,17.1452421285823,0
1715024937,11.6964912280705,17.1452421285823,0
1715024947,11.4298245614031,17.1005431220714,0
1715024957,11.0228070175435,17.0576176672767,0
1715024967,11.0228070175435,17.0576176672767,0
1715024977,10.5634717071173,17.0152475417923,0
1715024987,10.0929824561376,16.9735403094035,0
1715024997,10.0929824561376,16.9735403094035,0
1715025007,9.61929824561244,16.9329612460189,0
1715025017,9.12137150396118,16.8951813425361,0
1715025027,9.12137150396118,16.8951813425361,0
1715025037,8.68070175438973,16.8568886349605,0
1715025047,8.19999999999774,16.8190211795595,0
1715025057,8.19999999999774,16.8190211795595,0
1715025067,7.78739574525005,16.7848909403276,0
1715025077,7.21228070175194,16.7507632025791,0
1715025087,7.21228070175194,16.7507632025791,0
1715025097,6.35614035087968,16.718489064015,0
1715025107,5.34035087719468,16.6867702547611,0
1715025117,5.34035087719468,16.6867702547611,0
1715025127,4.90877192982386,16.6482449092312,0
1715025137,4.94561403508814,16.6031181490624,0
1715025147,4.94561403508814,16.6031181490624,0
1715025157,4.95054368611395,16.5528933657659,0
1715025167,4.85087719298081,16.505024979813,0
1715025177,4.85087719298081,16.505024979813,0
1715025187,4.82664973105201,16.4503450546174,0
1715025197,4.75472015887765,16.3966457109066,0
1715025207,4.75472015887765,16.3966457109066,0
1715025217,4.95438596491193,16.3420283227954,0
1715025227,4.68771929824647,16.2877786527411,0
1715025237,4.68771929824647,16.2877786527411,0
1715025247,4.67368421052367,16.2400553528242,0
1715025257,4.74527980799666,16.1975476457539,0
1715025267,4.74527980799666,16.1975476457539,0
1715025277,4.81052631578982,16.1572162292239,0
1715025287,4.80877192982263,16.1166396673227,0
1715025297,4.80877192982263,16.1166396673227,0
1715025307,4.88387678553134,16.0723383966692,0
1715025317,4.85121104838126,16.030193404689,0
1715025327,4.85121104838126,16.030193404689,0
1715025337,4.92456140351,15.9878332851381,0
1715025347,4.82982456140204,15.9460410023143,0
1715025357,4.82982456140204,15.9460410023143,0
1715025367,4.83508771929657,15.9029129273659,0
1715025377,4.80877192982582,15.8599574547707,0
1715025387,4.80877192982582,15.8599574547707,0
1715025397,4.85087719298145,15.847967844932,0
1715025407,4.81578947368371,14.3022737483328,0
1715025417,4.81578947368371,14.3022737483328,0
1715025427,4.72982456140272,14.3120845661477,0
1715025437,4.65964912280726,14.3231411226858,0
1715025447,4.65964912280726,14.3231411226858,0
1715025457,4.9319125196072,14.3223581583879,0
1715025467,4.91896462794814,14.3203244524003,0
1715025477,4.91896462794814,14.3203244524003,0
1715025487,4.95054368611841,14.3235538674434,0
1715025497,4.77894736842007,14.3251047871388,0
1715025507,4.77894736842007,14.3251047871388,0
1715025517,4.80000000000203,14.3284993000849,0
1715025527,4.75964912281103,14.3339200145687,0
1715025537,4.75964912281103,14.3339200145687,0
1715025547,4.6789473684214,14.3458996184738,0
1715025557,4.64736842105037,14.3556078754702,0
1715025567,4.64736842105037,14.3556078754702,0
1715025577,4.8052631578972,14.365266102799,0
1715025587,4.7421052631577,14.3682353635706,0
1715025597,4.7421052631577,14.3682353635706,0
1715025607,4.76633251344712,14.3729981879254,0
1715025617,4.72105263157957,14.3761200391832,0
1715025627,4.72105263157957,14.3761200391832,0
1715025637,4.80175438596602,14.3809278902389,0
1715025647,4.81228070175509,14.3863310943389,0
1715025657,4.81228070175509,14.3863310943389,0
1715025667,4.85263157894735,14.3897080969015,0
1715025677,4.843859649121,14.393210173633,0
1715025687,4.843859649121,14.393210173633,0
1715025697,4.88771929824637,14.3943708619211,0
1715025707,4.86842105263095,14.3954690131248,0
1715025717,4.86842105263095,14.3954690131248,0
1715025727,4.92982456140454,14.3913090462644,0
1715025737,4.68212169165548,14.3936554376745,0
1715025747,4.68212169165548,14.3936554376745,0
1715025757,4.81754385964898,14.4005520273522,0
1715025767,4.80526315789464,14.4056125282292,0
1715025777,4.80526315789464,14.4056125282292,0
1715025787,4.83157894737114,14.4105879786713,0
1715025797,4.76491228069919,14.4148279929998,0
1715025807,4.76491228069919,14.4148279929998,0
1715025817,4.79122807017248,14.4206939715251,0
1715025827,4.72982456140528,14.4265699559839,0
1715025837,4.72982456140528,14.4265699559839,0
1715025847,4.71929824561622,14.427908249592,0
1715025857,4.51578947368067,14.423710760481,0
1715025867,4.51578947368067,14.423710760481,0
1715025877,4.58070175438608,14.4177072003698,0
1715025887,4.61754385965036,14.4115635571894,0
1715025897,4.61754385965036,14.4115635571894,0
1715025907,4.63191357223396,14.405149753804,0
1715025917,4.5771929824549,14.3966872355307,0
1715025927,4.5771929824549,14.3966872355307,0
1715025937,4.55789473684459,14.3878770110675,0
1715025947,4.52280701754302,14.3785339706446,0
1715025957,4.52280701754302,14.3785339706446,0
1715025967,4.53684210526263,14.3702190398907,0
1715025977,4.49298245613664,14.36189910617,0
1715025987,4.49298245613664,14.36189910617,0
1715025997,4.58947368420987,14.3496593479934,0
1715026007,4.54068582215454,14.3396759278252,0
1715026017,4.54068582215454,14.3396759278252,0
1715026027,4.54736842105297,14.3291897094977,0
1715026037,4.41403508771673,14.3182031944943,0
1715026047,4.41403508771673,14.3182031944943,0
1715026057,4.59298245613913,14.3158067734166,0
1715026067,4.58245614035135,14.3120770616976,0
1715026077,4.58245614035135,14.3120770616976,0
1715026087,4.63157894736805,14.3083723648123,0
1715026097,4.58421052631534,14.3040998311999,0
1715026107,4.58421052631534,14.3040998311999,0
1715026117,4.61929824561116,14.2996371848506,0
1715026127,4.6105263157912,14.296055060651,0
1715026137,4.6105263157912,14.296055060651,0
1715026147,4.68421052631593,14.2920576902103,0
1715026157,4.65614035088183,14.2887357202821,0
1715026167,4.65614035088183,14.2887357202821,0
1715026177,4.6248960529964,14.2853412073359,0
1715026187,4.70701754386188,14.2925930076535,0
1715026197,4.70701754386188,14.2925930076535,0
1715026207,4.73859649122588,14.2977060396816,0
1715026217,4.71929824561558,14.3023137720668,0
1715026227,4.71929824561558,14.3023137720668,0
1715026237,4.75087719298213,14.305075409718,0
1715026247,4.72807017544001,14.3074818367292,0
1715026257,4.72807017544001,14.3074818367292,0
1715026267,4.79298245614031,14.3082197743262,0
1715026277,4.72456140350819,14.3083473499785,0
1715026287,4.72456140350819,14.3083473499785,0
1715026297,4.76808690556815,14.3096656317196,0
1715026307,4.73859649122908,14.3109864149441,0
1715026317,4.73859649122908,14.3109864149441,0
1715026327,4.77928147620562,14.3177654349029,0
1715026337,4.6210526315809,14.3247295646318,0
1715026347,4.6210526315809,14.3247295646318,0
1715026357,4.63684210526322,14.3263505258618,0
1715026367,4.71228070175577,14.3276663061195,0
1715026377,4.71228070175577,14.3276663061195,0
1715026387,4.75087719298213,14.3302228221335,0
1715026397,4.7070175438638,14.331511086074,0
1715026407,4.7070175438638,14.331511086074,0
1715026417,4.72456140350755,14.3325817209605,0
1715026427,4.65438596491273,14.3363189371297,0
1715026437,4.65438596491273,14.3363189371297,0
1715026447,4.64912280701309,14.3387228626575,0
1715026457,4.58387573289558,14.3421198770871,0
1715026467,4.58387573289558,14.3421198770871,0
1715026477,4.51194565594733,14.3456369627189,0
1715026487,4.47928252883366,14.3492240898853,0
1715026497,4.47928252883366,14.3492240898853,0
1715026507,4.60877192982018,14.3552176440629,0
1715026517,4.57928217795956,14.3605783229455,0
1715026527,4.57928217795956,14.3605783229455,0
1715026537,4.60526315789347,14.3668795595788,0
1715026547,4.57894736842272,14.3735034875681,0
1715026557,4.57894736842272,14.3735034875681,0
1715026567,4.59682597605252,14.3792543978579,0
1715026577,4.58070175438544,14.3855181122406,0
1715026587,4.58070175438544,14.3855181122406,0
1715026597,4.62807017543687,14.3957366718464,0
1715026607,4.59089330138226,14.4036713771267,0
1715026617,4.59089330138226,14.4036713771267,0
1715026627,4.60350877192693,14.4117111447088,0
1715026637,4.59999999999958,14.4207915293769,0
1715026647,4.59999999999958,14.4207915293769,0
1715026657,4.51578947368386,14.4320281927183,0
1715026667,4.47192982456233,14.4436225681829,0
1715026677,4.47192982456233,14.4436225681829,0
1715026687,4.64770299051227,14.4431072626067,0
1715026697,4.60877192982528,14.4440503218409,0
1715026707,4.60877192982528,14.4440503218409,0
1715026717,4.65789473684518,14.4451259596941,0
1715026727,4.62807017544198,14.4433624139114,0
1715026737,4.62807017544198,14.4433624139114,0
1715026747,4.67543859649086,14.441626384446,0
1715026757,4.61929824561307,14.4402480671038,0
1715026767,4.61929824561307,14.4402480671038,0
1715026777,4.63508771930178,14.439412571655,0
1715026787,4.50000000000027,14.4345947146658,0
1715026797,4.50000000000027,14.4345947146658,0
1715026807,4.52456140350702,14.4295142019217,0
1715026817,4.59298245614042,14.4251691252913,0
1715026827,4.59298245614042,14.4251691252913,0
1715026837,4.60526315789602,14.4212893245695,0
1715026847,4.58738451713701,14.4166991025678,0
1715026857,4.58738451713701,14.4166991025678,0
1715026867,4.64035087719631,14.4099851211769,0
1715026877,4.64035087719248,14.4037189053108,0
1715026887,4.64035087719248,14.4037189053108,0
1715026897,4.7284044617363,14.396544650978,0
1715026907,4.73859649122844,14.38944794263,0
1715026917,4.73859649122844,14.38944794263,0
1715026927,4.78103585601389,14.3822861957141,0
1715026937,4.79122807017823,14.3751844843992,0
1715026947,4.79122807017823,14.3751844843992,0
1715026957,4.82631578947597,14.3691383990707,0
1715026967,4.65756020196487,14.3644356103169,0
1715026977,4.65756020196487,14.3644356103169,0
1715026987,4.86315789473323,14.3645356696521,0
1715026997,4.82456140350496,14.3685755653102,0
1715027007,4.82456140350496,14.3685755653102,0
1715027017,4.87543859649139,14.3749143241943,0
1715027027,4.83191287048194,14.3769030034811,0
1715027037,4.83191287048194,14.3769030034811,0
1715027047,4.88245614035247,14.3803200297776,0
1715027057,4.84528015887695,14.3826188930036,0
1715027067,4.84528015887695,14.3826188930036,0
1715027077,4.93015813979574,14.3847201390425,0
1715027087,4.88212239341222,14.3870665304526,0
1715027097,4.88212239341222,14.3870665304526,0
1715027107,4.80877192982838,14.38710905567,0
1715027117,4.84035087719302,14.3844374714206,0
1715027127,4.84035087719302,14.3844374714206,0
1715027137,4.86491228069977,14.3852729668694,0
1715027147,4.7824561403487,14.3861584919857,0
1715027157,4.7824561403487,14.3861584919857,0
1715027167,4.78596491228243,14.3867413376132,0
1715027177,4.71578947368695,14.3868313910149,0
1715027187,4.71578947368695,14.3868313910149,0
1715027197,4.67894736842522,14.3868564058487,0
1715027207,4.63299871227744,14.3878595006839,0
1715027217,4.63299871227744,14.3878595006839,0
1715027227,4.60877192982146,14.3888826073862,0
1715027237,4.60526315789539,14.3888525895856,0
1715027247,4.60526315789539,14.3888525895856,0
1715027257,4.61228070175647,14.3886924946493,0
1715027267,4.42665113455925,14.3884348418612,0
1715027277,4.42665113455925,14.3884348418612,0
1715027287,4.42807017544144,14.4016301666888,0
1715027297,4.54244020196409,14.4018628046432,0
1715027307,4.54244020196409,14.4018628046432,0
1715027317,4.56282302744831,14.4034787629064,0
1715027327,4.57543859649219,14.4047720298137,0
1715027337,4.57543859649219,14.4047720298137,0
1715027347,4.56842105263238,14.4058926943678,0
1715027357,4.52773518503662,14.4008622112913,0
1715027367,4.52773518503662,14.4008622112913,0
1715027377,4.52982456140155,14.3977403600335,0
1715027387,4.53157894736746,14.3945534702078,0
1715027397,4.53157894736746,14.3945534702078,0
1715027407,4.4494580720764,14.3922821232991,0
1715027417,4.419298245617,14.3891952928086,0
1715027427,4.419298245617,14.3891952928086,0
1715027437,4.57192982456037,14.3864086403237,0
1715027447,4.57928217795445,14.3842123379164,0
1715027457,4.57928217795445,14.3842123379164,0
1715027467,4.56106863532856,14.3840497414967,0
1715027477,4.58245614035007,14.3846475960245,0
1715027487,4.58245614035007,14.3846475960245,0
1715027497,4.56140350876811,14.3868764177157,0
1715027507,4.57368421052564,14.3890752216064,0
1715027517,4.57368421052564,14.3890752216064,0
1715027527,4.58245614034816,14.3912315002797,0
1715027537,4.64561403508574,14.3934253012036,0
1715027547,4.64561403508574,14.3934253012036,0
1715027557,4.65756020196614,14.3946635354765,0
1715027567,4.69298245614228,14.3948236304128,0
1715027577,4.69298245614228,14.3948236304128,0
1715027587,4.56282302744767,14.3890977349568,0
1715027597,4.75263157894996,14.3797997212347,0
1715027607,4.75263157894996,14.3797997212347,0
1715027617,4.72105263157765,14.3682028442867,0
1715027627,4.75263157894358,14.3573839286697,0
1715027637,4.75263157894358,14.3573839286697,0
1715027647,4.70175438596416,14.3466175442037,0
1715027657,4.75472015887574,14.3358186404538,0
1715027667,4.75472015887574,14.3358186404538,0
1715027677,4.72105263157765,14.3250972826886,0
1715027687,4.75229737648397,14.3156566844139,0
1715027697,4.75229737648397,14.3156566844139,0
1715027707,4.75964912280466,14.306103519387,0
1715027717,4.68421052631848,14.3001725022939,0
1715027727,4.68421052631848,14.3001725022939,0
1715027737,4.6733497310516,14.2903816963459,0
1715027747,4.86666666666632,14.2856413853415,0
1715027757,4.86666666666632,14.2856413853415,0
1715027767,4.82807017543932,14.2807609912678,0
1715027777,4.89473684210808,14.274990069111,0
1715027787,4.89473684210808,14.274990069111,0
1715027797,4.87017543859813,14.2691566098697,0
1715027807,4.87192982456404,14.2621049282224,0
1715027817,4.87192982456404,14.2621049282224,0
1715027827,4.78421052631843,14.2548055997206,0
1715027837,4.78771929824642,14.2473611851828,0
1715027847,4.78771929824642,14.2473611851828,0
1715027857,4.74561403508441,14.2399392839954,0
1715027867,4.75087719298086,14.2322297122193,0
1715027877,4.75087719298086,14.2322297122193,0
1715027887,4.54035087718934,14.2230917934335,0
1715027897,4.55472086062904,14.2249604015181,0
1715027907,4.55472086062904,14.2249604015181,0
1715027917,4.72807017544256,14.2219436125622,0
1715027927,4.76842105263483,14.2205402803862,0
1715027937,4.76842105263483,14.2205402803862,0
1715027947,4.72982456140656,14.2194146128654,0
1715027957,4.75789473684066,14.2251355053547,0
1715027967,4.75789473684066,14.2251355053547,0
1715027977,4.72280701754356,14.2285000005003,0
1715027987,4.70701754386252,14.2319745609146,0
1715027997,4.70701754386252,14.2319745609146,0
1715028007,4.64561403508511,14.2352490026586,0
1715028017,4.65263157894937,14.2386935452723,0
1715028027,4.65263157894937,14.2386935452723,0
1715028037,4.4582299711216,14.241570251159,0
1715028047,4.48947368420993,14.2444819778129,0
1715028057,4.48947368420993,14.2444819778129,0
1715028067,4.55822962024878,14.2492347962342,0
1715028077,4.5789473684189,14.2518913715833,0
1715028087,4.5789473684189,14.2518913715833,0
1715028097,4.54561403508643,14.2527693922496,0
1715028107,4.58947368421179,14.2538300212026,0
1715028117,4.58947368421179,14.2538300212026,0
1715028127,4.53859649122918,14.2547480656029,0
1715028137,4.59649122807222,14.255526026934,0
1715028147,4.59649122807222,14.255526026934,0
1715028157,4.57368421052691,14.2564490743011,0
1715028167,4.61929824561754,14.2574071424355,0
1715028177,4.61929824561754,14.2574071424355,0
1715028187,4.58387573289622,14.2582101186003,0
1715028197,4.41086171627521,14.2604439432584,0
1715028207,4.41086171627521,14.2604439432584,0
1715028217,4.54736842105233,14.2650516756437,0
1715028227,4.60175438596357,14.2709351645526,0
1715028237,4.60175438596357,14.2709351645526,0
1715028247,4.61052631579247,14.2787548015973,0
1715028257,4.69858000498223,14.2866144623762,0
1715028267,4.69858000498223,14.2866144623762,0
1715028277,4.67894736841629,14.2943990786536,0
1715028287,4.71228070175641,14.3009004339573,0
1715028297,4.71228070175641,14.3009004339573,0
1715028307,4.6508771929841,14.3076044094148,0
1715028317,4.6821216916542,14.3143208922891,0
1715028327,4.6821216916542,14.3143208922891,0
1715028337,4.64035087719248,14.3209673336289,0
1715028347,4.52982456140155,14.3227583957287,0
1715028357,4.52982456140155,14.3227583957287,0
1715028367,4.500335086547,14.3248371284171,0
1715028377,4.66491228069987,14.3291421813135,0
1715028387,4.66491228069987,14.3291421813135,0
1715028397,4.65964912280534,14.3334597416268,0
1715028407,4.70701754385741,14.3329044123165,0
1715028417,4.70701754385741,14.3329044123165,0
1715028427,4.65121175013392,14.3340125694537,0
1715028437,4.66491228070115,14.3357711122696,0
1715028447,4.66491228070115,14.3357711122696,0
1715028457,4.64419423089508,14.3376897500218,0
1715028467,4.67368421052877,14.3410617496175,0
1715028477,4.67368421052877,14.3410617496175,0
1715028487,4.64703384923931,14.3456919953533,0
1715028497,4.51929824561249,14.3504398108078,0
1715028507,4.51929824561249,14.3504398108078,0
1715028517,4.56106863532983,14.3598478897987,0
1715028527,4.54736842105298,14.3681778294529,0
1715028537,4.54736842105298,14.3681778294529,0
1715028547,4.461068284447,14.3766678640434,0
1715028557,4.47543859649606,14.3839071569441,0
1715028567,4.47543859649606,14.3839071569441,0
1715028577,4.4245614035109,14.3911664617118,0
1715028587,4.46666666666653,14.3985633480654,0
1715028597,4.46666666666653,14.3985633480654,0
1715028607,9.17404450000258,14.4019095631402,0
1715028617,12.4033418300667,14.4053792319899,0
