time_unix,CPU usage [%],terraform-worker-1:9100_memory_percentage,terraform-worker-1:8080_network
1715002717,4.88421052631583,14.1405061796583,0
1715002727,4.88421052631583,14.1405061796583,0
1715002737,4.79473684210267,14.1063559627299,0
1715002747,4.68421052631333,14.0738292068905,0
1715002757,4.68421052631333,14.0738292068905,0
1715002767,4.59824561403247,14.0489119558779,0
1715002777,4.6403508771946,14.0089157781407,0
1715002787,4.6403508771946,14.0089157781407,0
1715002797,4.48947368420997,13.9694023862126,0
1715002807,4.51403508771764,13.9344166746714,0
1715002817,4.51403508771764,13.9344166746714,0
1715002827,4.60175438596656,13.8961665305861,0
1715002837,4.68771929824723,13.8600126274755,0
1715002847,4.68771929824723,13.8600126274755,0
1715002857,4.65296612994423,13.823225849703,0
1715002867,4.72138694250196,13.7856110817604,0
1715002877,4.72138694250196,13.7856110817604,0
1715002887,4.67401868765433,13.7477936938668,0
1715002897,4.73015884154792,13.714016197589,0
1715002907,4.73015884154792,13.714016197589,0
1715002917,4.67928182708231,13.6960955885885,0
1715002927,4.7210526315826,13.6959905263917,0
1715002937,4.7210526315826,13.6959905263917,0
1715002947,4.68245614034699,13.6953926724621,0
1715002957,4.72489570212362,13.6956328146263,0
1715002967,4.72489570212362,13.6956328146263,0
1715002977,4.68245614034846,13.6959054760418,0
1715002987,4.69298245614423,13.6937016713895,0
1715002997,4.69298245614423,13.6937016713895,0
1715003007,4.63333333333476,13.6913602852889,0
1715003017,4.72105263158053,13.6885936474393,0
1715003027,4.72105263158053,13.6885936474393,0
1715003037,4.66315789474011,13.6785376943151,0
1715003047,4.69649122807138,13.6705279525479,0
1715003057,4.69649122807138,13.6705279525479,0
1715003067,4.68212169165388,13.6717336663305,0
1715003077,4.74736842105503,13.6748530129837,0
1715003087,4.74736842105503,13.6748530129837,0
1715003097,4.81578947368363,13.6766540792149,0
1715003107,4.71787818288155,13.6804538286666,0
1715003117,4.71787818288155,13.6804538286666,0
1715003127,4.65614035087433,13.6815144565583,0
1715003137,4.76315789473423,13.6782475225333,0
1715003147,4.76315789473423,13.6782475225333,0
1715003157,4.75964912280745,13.6769242391496,0
1715003167,4.74736842105287,13.6755834453997,0
1715003177,4.74736842105287,13.6755834453997,0
1715003187,4.72456140350915,13.6742126338793,0
1715003197,4.7350877192999,13.6728043001457,0
1715003207,4.7350877192999,13.6728043001457,0
1715003217,4.72631578947044,13.673467192578,0
1715003227,4.70668318134529,13.6731645133919,0
1715003237,4.70668318134529,13.6731645133919,0
1715003247,4.70317439710419,13.6734221659222,0
1715003257,4.70526315789557,13.6739699902342,0
1715003267,4.70526315789557,13.6739699902342,0
1715003277,4.63299871227313,13.6732995933593,0
1715003287,4.68738486801298,13.672514128364,0
1715003297,4.68738486801298,13.672514128364,0
1715003307,4.6189635753131,13.6729493860365,0
1715003317,4.67159533892841,13.6751081640331,0
1715003327,4.67159533892841,13.6751081640331,0
1715003337,4.62982456140677,13.6768441917615,0
1715003347,4.64770299051785,13.6788378720202,0
1715003357,4.64770299051785,13.6788378720202,0
1715003367,4.57719298245785,13.6793256607912,0
1715003377,4.51754385965041,13.684218557386,0
1715003387,4.51754385965041,13.684218557386,0
1715003397,4.48596491228234,13.6872878744216,0
1715003407,4.48630004807186,13.688578638554,0
1715003417,4.48630004807186,13.688578638554,0
1715003427,4.37334867841783,13.6918530770216,0
1715003437,4.4754385964912,13.6951450258553,0
1715003447,4.4754385964912,13.6951450258553,0
1715003457,4.94703490187851,13.7445517746506,0
1715003467,7.00844564366755,13.7666998863327,0
1715003477,7.00844564366755,13.7666998863327,0
1715003487,10.0470527966727,14.8520173942974,0
1715003497,12.3333333333346,14.8591341073916,0
1715003507,12.3333333333346,14.8591341073916,0
1715003517,12.4052631578954,14.8674590357492,0
1715003527,12.6599555791018,14.876104153659,0
1715003537,12.6599555791018,14.876104153659,0
1715003547,12.7666666666683,14.8855497454493,0
1715003557,12.8438596491236,14.8931617517571,0
1715003567,12.8438596491236,14.8931617517571,0
1715003577,12.8599548773532,14.9006611914253,0
1715003587,12.8827618148675,14.9119903983158,0
1715003597,12.8827618148675,14.9119903983158,0
1715003607,12.8599548773519,14.9216060908058,0
1715003617,12.9084663454958,14.9268291828763,0
1715003627,12.9084663454958,14.9268291828763,0
1715003637,12.8561403508764,14.932027260138,0
1715003647,12.8856592479276,14.937382930695,0
1715003657,12.8856592479276,14.937382930695,0
1715003667,12.8245614035088,14.9402371203753,0
1715003677,12.843859649124,14.9453151265549,0
1715003687,12.843859649124,14.9453151265549,0
1715003697,12.8315789473702,14.9508283904071,0
1715003707,12.8669723965876,14.9576549317196,0
1715003717,12.8669723965876,14.9576549317196,0
1715003727,12.7175438596493,14.9671430486848,0
1715003737,12.2932901989797,14.979938123369,0
1715003747,12.2932901989797,14.979938123369,0
1715003757,10.6950501928061,14.9871874149497,0
1715003767,7.69506071908513,14.9947393857164,0
1715003777,7.69506071908513,14.9947393857164,0
1715003787,5.37686097144451,14.9959651113459,0
1715003797,5.3582268132378,14.9993546179338,0
1715003807,5.3582268132378,14.9993546179338,0
1715003817,5.05087719298414,15.0002901717817,0
1715003827,4.9807017543842,15.0029467444727,0
1715003837,4.9807017543842,15.0029467444727,0
1715003847,4.93542127922216,15.0066014080336,0
1715003857,4.91754385964853,15.0106813233434,0
1715003867,4.91754385964853,15.0106813233434,0
1715003877,4.87894736842233,15.0153715999872,0
1715003887,4.91545584370536,15.0206972527737,0
1715003897,4.91545584370536,15.0206972527737,0
1715003907,4.85789473684045,15.0261079559099,0
1715003917,4.9189646279467,15.0313360509422,0
1715003927,4.9189646279467,15.0313360509422,0
1715003937,4.89857930322988,15.0364991074716,0
1715003947,4.98771929824296,15.0414595440501,0
1715003957,4.98771929824296,15.0414595440501,0
1715003967,4.97017543859593,15.0479533884059,0
1715003977,4.99791227337342,15.0548974993196,0
1715003987,4.99791227337342,15.0548974993196,0
1715003997,4.94528050975763,15.0613988481181,0
1715004007,4.99791227337701,15.0687181811633,0
1715004017,4.99791227337701,15.0687181811633,0
1715004027,4.94703490187827,15.0752795655028,0
1715004037,4.47610893958723,15.0796796703648,0
1715004047,4.47610893958723,15.0796796703648,0
1715004057,4.60175438596516,15.0425351808271,0
1715004067,4.66173802898875,15.0335673718841,0
1715004077,4.66173802898875,15.0335673718841,0
1715004087,4.62247235955381,13.9620580383587,0
1715004097,4.69966561285973,13.9754734803003,0
1715004107,4.69966561285973,13.9754734803003,0
1715004117,4.65263157894738,13.9870378263932,0
1715004127,4.67334973105479,13.9978292148952,0
1715004137,4.67334973105479,13.9978292148952,0
1715004147,4.63333333333539,14.0083354345773,0
1715004157,4.66666666666443,14.0193844756096,0
1715004167,4.66666666666443,14.0193844756096,0
1715004177,4.63542233185004,14.0307462017514,0
1715004187,4.69156248574466,14.0408321726462,0
1715004197,4.69156248574466,14.0408321726462,0
1715004207,4.642439851088,14.0508606094808,0
1715004217,4.68563047589499,14.0652441245217,0
1715004227,4.68563047589499,14.0652441245217,0
1715004237,4.61545479107271,14.0796551558522,0
1715004247,4.66315789473397,14.0914521396667,0
1715004257,4.66315789473397,14.0914521396667,0
1715004267,4.62982456140286,14.1032216071915,0
1715004277,4.67050992803084,14.1155689167988,0
1715004287,4.67050992803084,14.1155689167988,0
1715004297,4.6350877192946,14.1279087219634,0
1715004307,4.6722643078439,14.1407288114564,0
1715004317,4.6722643078439,14.1407288114564,0
1715004327,4.62531184538823,14.15103991563,0
1715004337,4.49791051898777,14.1627393416903,0
1715004347,4.49791051898777,14.1627393416903,0
1715004357,4.41052631578738,14.1781359564862,0
1715004367,4.53684210526583,14.1970871756079,0
1715004377,4.53684210526583,14.1970871756079,0
1715004387,4.46349311054826,14.2242732697757,0
1715004397,4.58947368421051,14.2477846885356,0
1715004407,4.58947368421051,14.2477846885356,0
1715004417,4.57051027890837,14.2720065278645,0
1715004427,4.58036694865471,14.2951952555913,0
1715004437,4.58036694865471,14.2951952555913,0
1715004447,4.55614035087836,14.3168780918303,0
1715004457,4.56140350877091,14.3378455045387,0
1715004467,4.56140350877091,14.3378455045387,0
1715004477,4.51052631579092,14.3581475233338,0
1715004487,4.55580545896514,14.3783519843747,0
1715004497,4.55580545896514,14.3783519843747,0
1715004507,4.48103690864409,14.3989716912412,0
1715004517,4.54068582215438,14.4194763299874,0
1715004527,4.54068582215438,14.4194763299874,0
1715004537,4.5228070175455,14.4400810279686,0
1715004547,4.54385964912283,14.4610209243872,0
1715004557,4.54385964912283,14.4610209243872,0
1715004567,4.53299836140107,14.4818432512047,0
1715004577,4.55438596491166,14.5027256135632,0
1715004587,4.55438596491166,14.5027256135632,0
1715004597,4.52105263158079,14.5236204833261,0
1715004607,4.56842105263421,14.5444252997775,0
1715004617,4.56842105263421,14.5444252997775,0
1715004627,4.51787888463341,14.5652826473272,0
1715004637,4.55438596491437,14.5861249859917,0
1715004647,4.55438596491437,14.5861249859917,0
1715004657,4.44594931245729,14.6025472079471,0
1715004667,4.57368421052963,14.6147269183357,0
1715004677,4.57368421052963,14.6147269183357,0
1715004687,4.46633146081296,14.6263362910843,0
1715004697,4.48913855837974,14.63291518579,0
1715004707,4.48913855837974,14.63291518579,0
1715004717,4.46491228070078,14.6398042641243,0
1715004727,4.50317369534632,14.6409149216336,0
1715004737,4.50317369534632,14.6409149216336,0
1715004747,4.45789473684433,14.6433738773354,0
1715004757,4.49649122806853,14.6464882210269,0
1715004767,4.49649122806853,14.6464882210269,0
1715004777,4.44912280701893,14.6523041640651,0
1715004787,4.52631578947245,14.6586579254919,0
1715004797,4.52631578947245,14.6586579254919,0
1715004807,4.44736842105079,14.6659472407666,0
1715004817,4.44561403508751,14.6734766982053,0
1715004827,4.44561403508751,14.6734766982053,0
1715004837,4.41754385964894,14.6810311704529,0
1715004847,4.46491228070253,14.6888858204057,0
1715004857,4.46491228070253,14.6888858204057,0
1715004867,4.42138799512988,14.6967529777628,0
1715004877,4.4385964912258,14.7039047115893,0
1715004887,4.4385964912258,14.7039047115893,0
1715004897,4.41261609608021,14.7111540031699,0
1715004907,4.45614035087953,14.717297640203,0
1715004917,4.45614035087953,14.717297640203,0
1715004927,4.44176997112203,14.7233387165202,0
1715004937,4.44561403508504,14.7282741382899,0
1715004947,4.44561403508504,14.7282741382899,0
1715004957,4.31754385964868,14.7331470230377,0
1715004967,4.32489710562212,14.733179542289,0
1715004977,4.32489710562212,14.733179542289,0
1715004987,4.40384419704211,14.7308106398988,0
1715004997,4.43191427398703,14.7301452459856,0
1715005007,4.43191427398703,14.7301452459856,0
1715005017,4.40735295665547,14.728676876711,0
1715005027,4.47368421052816,14.7271109496822,0
1715005037,4.47368421052816,14.7271109496822,0
1715005047,4.45438596491251,14.7254974945167,0
1715005057,4.49507194711555,14.7234362742744,0
1715005067,4.49507194711555,14.7234362742744,0
1715005077,4.45087719298293,14.721415077726,0
1715005087,4.51578947368737,14.7188985879641,0
1715005097,4.51578947368737,14.7188985879641,0
1715005107,4.49122807017384,14.7163320685846,0
1715005117,4.50735260578025,14.7140232017354,0
1715005127,4.50735260578025,14.7140232017354,0
1715005137,4.43893179321981,14.7114841986456,0
1715005147,4.47861220565914,14.7087050533916,0
1715005157,4.47861220565914,14.7087050533916,0
1715005167,4.47334902929373,14.7045500936554,0
1715005177,4.49791051898459,14.7003075820886,0
1715005187,4.49791051898459,14.7003075820886,0
1715005197,4.46282267656802,14.6949544130125,0
1715005207,4.49999999999803,14.6917925411844,0
1715005217,4.49999999999803,14.6917925411844,0
1715005227,4.47719298246022,14.688433052367,0
1715005237,4.4894736842112,14.6851160887245,0
1715005247,4.4894736842112,14.6851160887245,0
1715005257,4.50350877193352,14.6832875062037,0
1715005267,4.38771929824199,14.6847233562269,0
1715005277,4.38771929824199,14.6847233562269,0
1715005287,4.53684210526375,14.6823694627219,0
1715005297,4.5733493801745,14.6575497694635,0
1715005307,4.5733493801745,14.6575497694635,0
1715005317,4.55614035087358,14.6362346509133,0
1715005327,4.54352471412367,14.6208955701776,0
1715005337,4.54352471412367,14.6208955701776,0
1715005347,4.5522966747234,14.6056990738517,0
1715005357,4.53826153775754,14.5898646999024,0
1715005367,4.53826153775754,14.5898646999024,0
1715005377,4.53475275351915,14.5722742863775,0
1715005387,4.54001592988432,14.554313653683,0
1715005397,4.54001592988432,14.554313653683,0
1715005407,4.57017543859637,14.5358927485071,0
1715005417,4.56842105263302,14.5193154347374,0
1715005427,4.56842105263302,14.5193154347374,0
1715005437,4.55121210101025,14.5030232897876,0
1715005447,4.53684210526742,14.4867136344716,0
1715005457,4.53684210526742,14.4867136344716,0
1715005467,4.53859649123205,14.470113807374,0
1715005477,4.55296648081837,14.453358888462,0
1715005487,4.55296648081837,14.453358888462,0
1715005497,4.55789473684523,14.4367540584026,0
1715005507,4.56457741956583,14.4206445215568,0
1715005517,4.56457741956583,14.4206445215568,0
1715005527,4.59649122807079,14.4052879304548,0
1715005537,4.56491228070121,14.3909719553976,0
1715005547,4.56491228070121,14.3909719553976,0
1715005557,4.59791086986702,14.3768961225045,0
1715005567,4.43475240264045,14.3638934249075,0
1715005577,4.43475240264045,14.3638934249075,0
1715005587,4.41261609608667,14.351511094568,0
1715005597,4.51052631578933,14.3430335758769,0
1715005607,4.51052631578933,14.3430335758769,0
1715005617,4.59824561403287,14.3331627323375,0
1715005627,4.5757734183387,14.3238472175528,0
1715005637,4.5757734183387,14.3238472175528,0
1715005647,4.5933172164307,14.3155122832717,0
1715005657,4.53684210525928,14.3071523341818,0
1715005667,4.53684210525928,14.3071523341818,0
1715005677,4.55438596491006,14.2987973880537,0
1715005687,4.51545444019115,14.2904699582152,0
1715005697,4.51545444019115,14.2904699582152,0
1715005707,4.5666666666644,14.2816672470102,0
1715005717,4.52422640079614,14.2728245121112,0
1715005727,4.52422640079614,14.2728245121112,0
1715005737,4.58103655776512,14.2642744504747,0
1715005747,4.53157894736683,14.2557719169749,0
1715005757,4.53157894736683,14.2557719169749,0
1715005767,4.57368421052723,14.2473969589997,0
1715005777,4.55121210100579,14.2397574364023,0
1715005787,4.55121210100579,14.2397574364023,0
1715005797,4.59331721643437,14.233456206074,0
1715005807,4.55438596491246,14.2250062036726,0
1715005817,4.55438596491246,14.2250062036726,0
1715005827,4.5929824561393,14.2168263612058,0
1715005837,4.57401903852644,14.2087540824168,0
1715005847,4.57401903852644,14.2087540824168,0
1715005857,4.62840481261342,14.1995386268671,0
1715005867,4.61228070174992,14.1898729047596,0
1715005877,4.61228070174992,14.1898729047596,0
1715005887,4.51720883231394,14.1820382666539,0
1715005897,4.55087719298304,14.1920066679474,0
1715005907,4.55087719298304,14.1920066679474,0
1715005917,4.60843722258955,14.198282883467,0
1715005927,4.59122807017673,14.2052119854954,0
1715005937,4.59122807017673,14.2052119854954,0
1715005947,4.64594861070702,14.2109028544899,0
1715005957,4.60559787509804,14.2166262427357,0
1715005967,4.60559787509804,14.2166262427357,0
1715005977,4.65121175013488,14.223292689272,0
1715005987,4.62422675167212,14.2314400124874,0
1715005997,4.62422675167212,14.2314400124874,0
1715006007,4.68421052631592,14.2392646446696,0
1715006017,4.65964912280614,14.2454207891072,0
1715006027,4.65964912280614,14.2454207891072,0
1715006037,4.8105263157895,14.2521297608184,0
1715006047,4.79791157161962,14.2603921521541,0
1715006057,4.79791157161962,14.2603921521541,0
1715006067,4.84385964912435,14.2696201151081,0
1715006077,4.8333333333313,14.2816747514529,0
1715006087,4.8333333333313,14.2816747514529,0
1715006097,4.88070175438449,14.2935918063494,0
1715006107,4.84210526315765,14.305161155404,0
1715006117,4.84210526315765,14.305161155404,0
1715006127,4.87510482493001,14.3160050750044,0
1715006137,4.81370110070253,14.3255932512047,0
1715006147,4.81370110070253,14.3255932512047,0
1715006157,4.86457847220845,14.3349037630277,0
1715006167,4.80735155315142,14.3441042096921,0
1715006177,4.80735155315142,14.3441042096921,0
1715006187,4.73717636078262,14.3532070986024,0
1715006197,4.65296612993948,14.3581925499896,0
1715006207,4.65296612993948,14.3581925499896,0
1715006217,4.83684210526296,14.3648865128156,0
1715006227,4.79615717950242,14.3713253245922,0
1715006237,4.79615717950242,14.3713253245922,0
1715006247,4.84210526315382,14.3770111906249,0
1715006257,4.79649122807181,14.3828521484719,0
1715006267,4.79649122807181,14.3828521484719,0
1715006277,4.80735155315237,14.3886205633735,0
1715006287,4.78947368420594,14.3945090493572,0
1715006297,4.78947368420594,14.3945090493572,0
1715006307,4.79791157161787,14.4003950338601,0
1715006317,4.64210526315695,14.4064110953685,0
1715006327,4.64210526315695,14.4064110953685,0
1715006337,4.63717671166358,14.4122770680243,0
1715006347,4.58070175438592,14.4181155243905,0
1715006357,4.58070175438592,14.4181155243905,0
1715006367,4.61370039894785,14.4238314081936,0
1715006377,4.55789473684092,14.428976954357,0
1715006387,4.55789473684092,14.428976954357,0
1715006397,4.58070175438433,14.4340749723837,0
1715006407,4.5301595433009,14.4390529193282,0
1715006417,4.5301595433009,14.4390529193282,0
1715006427,4.55822962024734,14.4440358692346,0
1715006437,4.52665078368005,14.448956282119,0
1715006447,4.52665078368005,14.448956282119,0
1715006457,4.58245614035167,14.4535515024895,0
1715006467,4.540350877197,14.4597251572931,0
1715006477,4.540350877197,14.4597251572931,0
1715006487,4.57017543859988,14.4670920184749,0
1715006497,4.39440138386598,14.4768778116645,0
1715006507,4.39440138386598,14.4768778116645,0
1715006517,4.55121210100913,14.4879668763908,0
1715006527,4.53333333333736,14.4980928709796,0
1715006537,4.53333333333736,14.4980928709796,0
1715006547,4.55789473684045,14.5082288714919,0
1715006557,4.51403508772162,14.5183323527528,0
1715006567,4.51403508772162,14.5183323527528,0
1715006577,4.55472086062967,14.5264496581977,0
1715006587,4.52314202406669,14.5329785232858,0
1715006597,4.52314202406669,14.5329785232858,0
1715006607,4.57894736842209,14.5395549165106,0
1715006617,4.52948957715526,14.5458936690521,0
1715006627,4.52948957715526,14.5458936690521,0
1715006637,4.54385964912307,14.5515069921393,0
1715006647,4.46842105263164,14.555469337848,0
1715006657,4.46842105263164,14.555469337848,0
1715006667,4.51720883231282,14.5587312689112,0
1715006677,4.47510342141588,14.5592515769336,0
1715006687,4.47510342141588,14.5592515769336,0
1715006697,4.51403508771875,14.5596893360869,0
1715006707,4.48947368421088,14.5600270360053,0
1715006717,4.48947368421088,14.5600270360053,0
1715006727,4.51578947368626,14.5603847477707,0
1715006737,4.46140350877008,14.5607699758257,0
1715006747,4.46140350877008,14.5607699758257,0
1715006757,4.48913855837695,14.561432868258,0
1715006767,4.4561403508741,14.5621582977122,0
1715006777,4.4561403508741,14.5621582977122,0
1715006787,4.4968263269263,14.5631814033908,0
1715006797,4.37719298245436,14.5652025999392,0
1715006807,4.37719298245436,14.5652025999392,0
1715006817,4.60526315789442,14.5690498775275,0
1715006827,4.61754385964828,14.5727445647823,0
1715006837,4.61754385964828,14.5727445647823,0
1715006847,4.7350877192987,14.5763491987257,0
1715006857,4.67192982456127,14.5798287586251,0
1715006867,4.67192982456127,14.5798287586251,0
1715006877,4.72280701754452,14.5835084369947,0
1715006887,4.69858000498159,14.5871255783424,0
1715006897,4.69858000498159,14.5871255783424,0
1715006907,4.74243950021175,14.5907677344988,0
1715006917,4.70668318134657,14.5946250180107,0
1715006927,4.70668318134657,14.5946250180107,0
1715006937,4.77050957715867,14.5988850399437,0
1715006947,4.75647453868529,14.6029624537726,0
1715006957,4.75647453868529,14.6029624537726,0
1715006967,4.79857965410845,14.6071149120279,0
1715006977,4.76491228070286,14.6112723732449,0
1715006987,4.76491228070286,14.6112723732449,0
1715006997,4.82105263158223,14.6152647367241,0
1715007007,4.77861325829099,14.6193196372252,0
1715007017,4.77861325829099,14.6193196372252,0
1715007027,4.85087719298448,14.6233069977427,0
1715007037,4.80559717334394,14.6075901933945,0
1715007047,4.80559717334394,14.6075901933945,0
1715007057,4.87685921705216,14.5920760089973,0
1715007067,4.83684210526264,14.5769570585787,0
1715007077,4.83684210526264,14.5769570585787,0
1715007087,4.84177137463536,14.5622458495429,0
1715007097,4.62807017543448,14.5496984214655,0
1715007107,4.62807017543448,14.5496984214655,0
1715007117,4.61194600682953,14.5357926892721,0
1715007127,4.63475310439768,14.5282807421994,0
1715007137,4.63475310439768,14.5282807421994,0
1715007147,4.71228070175402,14.520581184061,0
1715007157,4.64561403508654,14.5129241510974,0
1715007167,4.64561403508654,14.5129241510974,0
1715007177,4.69966561286292,14.5053971951395,0
1715007187,4.65964912280917,14.4979077613947,0
1715007197,4.65964912280917,14.4979077613947,0
1715007207,4.71086066364605,14.4905058794807,0
1715007217,4.67368421052638,14.4830914901622,0
1715007227,4.67368421052638,14.4830914901622,0
1715007237,4.68070175438762,14.4755945519748,0
1715007247,4.65054263348186,14.4680675960168,0
1715007257,4.65054263348186,14.4680675960168,0
1715007267,4.68596491228024,14.4606106815235,0
1715007277,4.60877192982226,14.4531362566639,0
1715007287,4.60877192982226,14.4531362566639,0
1715007297,4.65472050974967,14.4458044162144,0
1715007307,4.62456140351048,14.4384825816884,0
1715007317,4.62456140351048,14.4384825816884,0
1715007327,4.68421052631641,14.4311407353153,0
1715007337,4.60735225490487,14.4237738741335,0
1715007347,4.60735225490487,14.4237738741335,0
1715007357,4.63124432015227,14.4162719329843,0
1715007367,4.59507159623961,14.4087149592559,0
1715007377,4.59507159623961,14.4087149592559,0
1715007387,4.62456140351144,14.4009703744617,0
1715007397,4.58596491227902,14.3923277580328,0
1715007407,4.58596491227902,14.3923277580328,0
1715007417,4.4898088076849,14.3817489954053,0
1715007427,4.44561403509174,14.3713253245922,0
1715007437,4.44561403509174,14.3713253245922,0
1715007447,4.57543859648931,14.3637483390167,0
1715007457,4.54244020196329,14.3561663504795,0
1715007467,4.54244020196329,14.3561663504795,0
1715007477,4.55087719298096,14.3485018130734,0
1715007487,4.55789473684012,14.3409648511919,0
1715007497,4.55789473684012,14.3409648511919,0
1715007507,4.52456140350925,14.3335079366985,0
1715007517,4.52456140350607,14.3257458415382,0
1715007527,4.52456140350607,14.3257458415382,0
1715007537,4.53191392310758,14.3176985775579,0
1715007547,4.54736842105345,14.3099064646271,0
1715007557,4.54736842105345,14.3099064646271,0
1715007567,4.56491228070232,14.3018291828763,0
1715007577,4.54001592988288,14.2896594784112,0
1715007587,4.54001592988288,14.2896594784112,0
1715007597,4.51754385964642,14.2775322991211,0
1715007607,4.51052631579205,14.2657778404816,0
1715007617,4.51052631579205,14.2657778404816,0
1715007627,4.56808620380965,14.254085918864,0
1715007637,4.64594861071006,14.2620631413797,0
1715007647,4.64594861071006,14.2620631413797,0
1715007657,4.71228070175594,14.269845248387,0
1715007667,4.74703420012056,14.276316579415,0
1715007677,4.74703420012056,14.276316579415,0
1715007687,4.8003340339172,14.282482729776,0
1715007697,4.8245614035115,14.2880185069561,0
1715007707,4.8245614035115,14.2880185069561,0
1715007717,4.84210526315701,14.293356667147,0
1715007727,4.77192982456394,14.2925211725341,0
1715007737,4.77192982456394,14.2925211725341,0
1715007747,4.89298245613914,14.2940095536558,0
1715007757,4.93157894736678,14.2984847029441,0
1715007767,4.93157894736678,14.2984847029441,0
1715007777,4.91052631578913,14.303132454413,0
1715007787,4.97368421052782,14.3077877103245,0
1715007797,4.97368421052782,14.3077877103245,0
1715007807,4.95964912280646,14.3138387925652,0
1715007817,4.98563152853234,14.3200074444071,0
1715007827,4.98563152853234,14.3200074444071,0
1715007837,4.9315789473679,14.3255582304724,0
1715007847,4.95931564672389,14.3168880977539,0
1715007857,4.95931564672389,14.3168880977539,0
1715007867,4.93191251960625,14.3082354754014,0
1715007877,4.98596491227945,14.299582853049,0
1715007887,4.98596491227945,14.299582853049,0
1715007897,4.96666666666595,14.2909127203304,0
1715007907,4.96491228070084,14.2824151897924,0
1715007917,4.96491228070084,14.2824151897924,0
1715007927,4.85580651159819,14.2746005635336,0
1715007937,4.82982456140555,14.2672537141988,0
1715007947,4.82982456140555,14.2672537141988,0
1715007957,4.74068512040172,14.2600619566784,0
1715007967,4.71754385964983,14.2529427421033,0
1715007977,4.71754385964983,14.2529427421033,0
1715007987,4.68245614035049,14.2457785008725,0
1715007997,4.6610689862031,14.2392321254182,0
1715008007,4.6610689862031,14.2392321254182,0
1715008017,4.63157894736725,14.2349220738677,0
1715008027,4.55263157895086,14.2306270312025,0
1715008037,4.55263157895086,14.2306270312025,0
1715008047,4.6631578947386,14.2406379576709,0
1715008057,4.7137007498275,14.2506964122761,0
1715008067,4.7137007498275,14.2506964122761,0
1715008077,4.7035087719323,14.2608274098266,0
1715008087,4.69615682862341,14.2708583481421,0
1715008097,4.69615682862341,14.2708583481421,0
1715008107,4.68596491228231,14.281084401966,0
1715008117,4.71228070175243,14.2913204617133,0
1715008127,4.71228070175243,14.2913204617133,0
1715008137,4.70033438479146,14.3015490170181,0
1715008147,4.72598149466962,14.3117800738037,0
1715008157,4.72598149466962,14.3117800738037,0
1715008167,4.66106898621044,14.3218335254471,0
1715008177,4.6754385964891,14.3360969694059,0
1715008187,4.6754385964891,14.3360969694059,0
1715008197,4.64770299051817,14.3505155051791,0
1715008207,4.68947368421333,14.3646188543618,0
1715008217,4.68947368421333,14.3646188543618,0
1715008227,4.6505426334801,14.3788597849927,0
1715008237,4.68771929824727,14.3929556297328,0
1715008247,4.68771929824727,14.3929556297328,0
1715008257,4.70350877192767,14.407048972992,0
1715008267,4.77861325829402,14.4208396370652,0
1715008277,4.77861325829402,14.4208396370652,0
1715008287,4.75614035088129,14.4346553159471,0
1715008297,4.77894736842246,14.4467449730241,0
1715008307,4.77894736842246,14.4467449730241,0
1715008317,4.71228070175306,14.4590247426477,0
1715008327,4.61720918319007,14.4711018923203,0
1715008337,4.61720918319007,14.4711018923203,0
1715008347,4.67226430784726,14.481350459472,0
1715008357,4.68212169165133,14.4887248250965,0
1715008367,4.68212169165133,14.4887248250965,0
1715008377,4.70384314440753,14.4957489833982,0
1715008387,4.71403508771849,14.5027931535469,0
1715008397,4.71403508771849,14.5027931535469,0
1715008407,4.70877192982412,14.5083664529401,0
1715008417,4.74527980799825,14.5140773337816,0
1715008427,4.74527980799825,14.5140773337816,0
1715008437,4.70350877193118,14.5204235907657,0
1715008447,4.75296577906603,14.541025787266,0
1715008457,4.75296577906603,14.541025787266,0
1715008467,4.74385964912361,14.5616179778429,0
1715008477,4.7842105263154,14.5827404823656,0
1715008487,4.7842105263154,14.5827404823656,0
1715008497,4.76173767811043,14.6039430342763,0
1715008507,4.79507089448743,14.6250155091814,0
1715008517,4.79507089448743,14.6250155091814,0
1715008527,4.76315789473822,14.6440042505163,0
1715008537,4.79440278737915,14.6624726838288,0
1715008547,4.79440278737915,14.6624726838288,0
1715008557,4.72138694250064,14.6808585682724,0
1715008567,4.75472015887286,14.6991268831148,0
1715008577,4.75472015887286,14.6991268831148,0
1715008587,4.71019196558305,14.7173676816675,0
1715008597,4.7329990631547,14.7350106262908,0
1715008607,4.7329990631547,14.7350106262908,0
1715008617,4.6898081059375,14.7502546507532,0
1715008627,4.63333333333284,14.7654811648496,0
1715008637,4.63333333333284,14.7654811648496,0
1715008647,4.5933172164323,14.7629246513936,0
1715008657,4.72456140350963,14.7648557946304,0
1715008667,4.72456140350963,14.7648557946304,0
1715008677,4.70033438479449,14.7657963514401,0
1715008687,4.72280701754532,14.7667068904792,0
1715008697,4.72280701754532,14.7667068904792,0
1715008707,4.69682562516996,14.7663942053696,0
1715008717,4.75472015887733,14.7470852744825,0
1715008727,4.75472015887733,14.7470852744825,0
1715008737,4.71720953406909,14.7293447721051,0
1715008747,4.72807017544017,14.7116142756512,0
1715008757,4.72807017544017,14.7116142756512,0
1715008767,4.67894736842171,14.6943415501977,0
1715008777,4.72280701754404,14.6786722739862,0
1715008787,4.72280701754404,14.6786722739862,0
1715008797,4.66457777045122,14.6628679178074,0
1715008807,4.69089365225585,14.6470485527432,0
1715008817,4.69089365225585,14.6470485527432,0
1715008827,4.6210526315809,14.6310941077118,0
1715008837,4.68070175438714,14.6154023181723,0
1715008847,4.68070175438714,14.6154023181723,0
1715008857,4.66140350877397,14.5998656204473,0
1715008867,4.72138694250112,14.5878985359333,0
1715008877,4.72138694250112,14.5878985359333,0
1715008887,4.68279058669658,14.5802590133359,0
1715008897,4.73684210526253,14.5728346180939,0
1715008907,4.73684210526253,14.5728346180939,0
1715008917,4.66315789473492,14.5653226710212,0
1715008927,4.7070175438571,14.5579608128012,0
1715008937,4.7070175438571,14.5579608128012,0
1715008947,4.53508771929864,14.5503413020508,0
1715008957,4.68212169165452,14.54471797304,0
1715008967,4.68212169165452,14.54471797304,0
1715008977,4.65614035087433,14.5390821366249,0
1715008987,4.6873848680189,14.5334162824392,0
1715008997,4.6873848680189,14.5334162824392,0
1715009007,4.62280701754537,14.5277904519476,0
1715009017,4.66700116841701,14.5218669452316,0
1715009027,4.66700116841701,14.5218669452316,0
1715009037,4.61754385965004,14.5159334325921,0
1715009047,4.6400162807595,14.5100299377231,0
1715009057,4.6400162807595,14.5100299377231,0
1715009067,4.56984059593196,14.50417146951,0
1715009077,4.65121175013281,14.4978952539904,0
1715009087,4.65121175013281,14.4978952539904,0
1715009097,4.64419423089604,14.4916990858588,0
1715009107,4.69473684210611,14.4854954132846,0
1715009117,4.69473684210611,14.4854954132846,0
1715009127,4.60492843834222,14.4808901869907,0
1715009137,4.6259811437914,14.47652260138,0
1715009147,4.6259811437914,14.47652260138,0
1715009157,4.55438596491469,14.472262579447,0
1715009167,4.6294899280373,14.4687655091814,0
1715009177,4.6294899280373,14.4687655091814,0
1715009187,4.55964912280588,14.4653509877848,0
1715009197,4.60175438596772,14.4622166322463,0
1715009207,4.60175438596772,14.4622166322463,0
1715009217,4.58387573290213,14.4595575580744,0
1715009227,4.62598114379268,14.4379447632999,0
1715009237,4.62598114379268,14.4379447632999,0
1715009247,4.47051062978718,14.421044758497,0
1715009257,4.6017543859658,14.3998096873349,0
1715009267,4.6017543859658,14.3998096873349,0
1715009277,4.5354226827278,14.3794701463266,0
1715009287,4.60526315789076,14.3592356675152,0
1715009297,4.60526315789076,14.3592356675152,0
1715009307,4.56984059592877,14.3401668787922,0
1715009317,4.61545479106553,14.3419879568705,0
1715009327,4.61545479106553,14.3419879568705,0
1715009337,4.5950715962369,14.3423706834446,0
1715009347,4.64068547128013,14.3429034988713,0
1715009357,4.64068547128013,14.3429034988713,0
1715009367,4.5715949880549,14.3436039135168,0
1715009377,4.60843722258683,14.3428609736964,0
1715009387,4.60843722258683,14.3428609736964,0
1715009397,4.55964912280348,14.3421005235099,0
1715009407,4.61929824561531,14.3415026695804,0
1715009417,4.61929824561531,14.3415026695804,0
1715009427,4.55789473684299,14.3408522845524,0
1715009437,4.60701754386145,14.3400893328851,0
1715009447,4.60701754386145,14.3400893328851,0
1715009457,4.58279093757611,14.3391913012503,0
1715009467,4.65789473684438,14.3348762467381,0
1715009477,4.65789473684438,14.3348762467381,0
1715009487,4.6368421052605,14.3262286273474,0
1715009497,4.67928182707749,14.3173533731969,0
1715009507,4.67928182707749,14.3173533731969,0
1715009517,4.68947368421173,14.3084380953524,0
1715009527,4.73859649122844,14.2995353249124,0
1715009537,4.73859649122844,14.2995353249124,0
1715009547,4.59649122807127,14.2905224893137,0
1715009557,4.61228070175551,14.2794309231065,0
1715009567,4.61228070175551,14.2794309231065,0
1715009577,4.74210526316121,14.2700328594528,0
1715009587,4.73191322135923,14.260962489794,0
1715009597,4.73191322135923,14.260962489794,0
1715009607,4.73542198097769,14.2522248170917,0
1715009617,4.73650784739629,14.2449605166259,0
1715009627,4.73650784739629,14.2449605166259,0
1715009637,4.74035087719147,14.2383065774939,0
1715009647,4.73859649122716,14.232280510062,0
1715009657,4.73859649122716,14.232280510062,0
1715009667,4.71963256269397,14.2261844011655,0
1715009677,4.70526315789916,14.2199932359957,0
1715009687,4.70526315789916,14.2199932359957,0
1715009697,4.71261504345767,14.2154305348766,0
1715009707,4.75087719298501,14.2108403174679,0
1715009717,4.75087719298501,14.2108403174679,0
1715009727,4.75263157894645,14.2078185285689,0
1715009737,4.69473684210436,14.2059199045835,0
1715009747,4.69473684210436,14.2059199045835,0
1715009757,4.6417706728759,14.1841820357652,0
1715009767,4.6280701754375,14.1652708403375,0
1715009777,4.6280701754375,14.1652708403375,0
1715009787,4.58771929824556,14.1468849558939,0
1715009797,4.53717706253416,14.1282139026304,0
1715009807,4.53717706253416,14.1282139026304,0
1715009817,4.55438596490799,14.1095903775035,0
1715009827,4.55614035087677,14.1099605966733,0
1715009837,4.55614035087677,14.1099605966733,0
1715009847,4.58738451713956,14.1089975265357,0
1715009857,4.41052631578715,14.1079193882778,0
1715009867,4.41052631578715,14.1079193882778,0
1715009877,4.55755985108681,14.1125846501129,0
1715009887,4.53684210526136,14.1179153058611,0
1715009897,4.53684210526136,14.1179153058611,0
1715009907,4.56700151929174,14.1232384571666,0
1715009917,4.52598079291813,14.1266379696781,0
1715009927,4.52598079291813,14.1266379696781,0
1715009937,4.59824561403143,14.1299699422058,0
1715009947,4.54703349836413,14.1332768999248,0
1715009957,4.54703349836413,14.1332768999248,0
1715009967,4.58070175438161,14.136578854682,0
1715009977,4.52071761655313,14.139763239838,0
1715009987,4.52071761655313,14.139763239838,0
1715009997,4.52982456140187,14.143130233098,0
1715010007,4.50526315789512,14.1465197396859,0
1715010017,4.50526315789512,14.1465197396859,0
1715010027,4.57543859648994,14.1502019195364,0
1715010037,4.53542268273068,14.1543593807534,0
1715010047,4.53542268273068,14.1543593807534,0
1715010057,4.58070175438831,14.1610358332133,0
1715010067,4.53684210526263,14.1683451603349,0
1715010077,4.53684210526263,14.1683451603349,0
1715010087,4.60141965410367,14.1757120215168,0
1715010097,4.55438596491661,14.1838518402895,0
1715010107,4.55438596491661,14.1838518402895,0
1715010117,4.58771929824524,14.1930798032435,0
1715010127,4.54210526315461,14.2023502913725,0
1715010137,4.54210526315461,14.2023502913725,0
1715010147,4.56140350877322,14.2117533579879,0
1715010157,4.40033543742205,14.2211514216416,0
1715010167,4.40033543742205,14.2211514216416,0
1715010177,4.44210526315977,14.2290886204633,0
1715010187,4.54527910624183,14.2357850847702,0
1715010197,4.54527910624183,14.2357850847702,0
1715010207,4.60350877192788,14.2421938787762,0
1715010217,4.54594896158543,14.2472068464531,0
1715010227,4.54594896158543,14.2472068464531,0
1715010237,4.60910663471299,14.2517595416487,0
1715010247,4.59122807017515,14.2556968725486,0
1715010257,4.59122807017515,14.2556968725486,0
1715010267,4.65822926936989,14.2596792301042,0
1715010277,4.62138729337889,14.263659086179,0
1715010287,4.62138729337889,14.263659086179,0
1715010297,4.67192982455776,14.2659729559899,0
1715010307,4.62631578947575,14.2683068376479,0
1715010317,4.62631578947575,14.2683068376479,0
1715010327,4.69298245614037,14.2689046915774,0
1715010337,4.64385964912206,14.268244300626,0
1715010347,4.64385964912206,14.268244300626,0
1715010357,4.70317439710658,14.2874106471031,0
1715010367,4.63015919242569,14.303052407025,0
1715010377,4.63015919242569,14.303052407025,0
1715010387,4.63859649122753,14.3181713574436,0
1715010397,4.58212134077742,14.3333028152666,0
1715010407,4.58212134077742,14.3333028152666,0
1715010417,4.64770299051673,14.3479014576629,0
1715010427,4.63508771929923,14.362565138562,0
1715010437,4.63508771929923,14.362565138562,0
1715010447,4.70701754385614,14.3744796919776,0
1715010457,4.64527945712052,14.3863542216992,0
1715010467,4.64527945712052,14.3863542216992,0
1715010477,4.5354226827278,14.3926804668364,0
1715010487,4.47192982456297,14.3982637721531,0
1715010497,4.47192982456297,14.3982637721531,0
1715010507,4.62982456140342,14.4038871011639,0
1715010517,4.59298245613978,14.4095554568304,0
1715010527,4.59298245613978,14.4095554568304,0
1715010537,4.65472050975239,14.4151662784368,0
1715010547,4.60526315789411,14.4206670348847,0
1715010557,4.60526315789411,14.4206670348847,0
1715010567,4.65229702560082,14.4260277084034,0
1715010577,4.58947368421434,14.4312357915886,0
1715010587,4.58947368421434,14.4312357915886,0
1715010597,4.63124432015386,14.4364238629269,0
1715010607,4.58596491228061,14.4435080567696,0
1715010617,4.58596491228061,14.4435080567696,0
1715010627,4.6070175438613,14.4502945743881,0
1715010637,4.56700151929175,14.4567684068969,0
1715010647,4.56700151929175,14.4567684068969,0
1715010657,4.6315789473706,14.4607582688952,0
1715010667,4.59824561403303,14.4642403302755,0
1715010677,4.59824561403303,14.4642403302755,0
1715010687,4.65647488956225,14.4676698605575,0
1715010697,4.61370039895184,14.4703139258441,0
1715010707,4.61370039895184,14.4703139258441,0
1715010717,4.6122807017504,14.4723401253542,0
1715010727,4.57334938017322,14.4678774834702,0
1715010737,4.57334938017322,14.4678774834702,0
1715010747,4.61436977414356,14.4642053095432,0
1715010757,4.56457741957254,14.4616237812785,0
1715010767,4.56457741957254,14.4616237812785,0
1715010777,4.62456140350729,14.4589922233963,0
1715010787,4.44385964912153,14.4573112282471,0
1715010797,4.44385964912153,14.4573112282471,0
1715010807,4.59122807017642,14.4583418383683,0
1715010817,4.50701754386071,14.4593549381234,0
1715010827,4.50701754386071,14.4593549381234,0
1715010837,4.55580545896482,14.4602279549493,0
1715010847,4.51261574521034,14.4610659510431,0
1715010857,4.51261574521034,14.4610659510431,0
1715010867,4.54703349836126,14.4573837711925,0
1715010877,4.48245614035172,14.4540267838561,0
1715010887,4.48245614035172,14.4540267838561,0
1715010897,4.5382615377577,14.4510225053232,0
1715010907,4.52071761655089,14.4481633126811,0
1715010917,4.52071761655089,14.4481633126811,0
1715010927,4.58070175438799,14.4454492059299,0
1715010937,4.51929824561058,14.4428751821078,0
1715010947,4.51929824561058,14.4428751821078,0
1715010957,4.57159498805315,14.4403211701327,0
1715010967,4.51194565594956,14.4379522677425,0
1715010977,4.51194565594956,14.4379522677425,0
1715010987,4.54770334138924,14.4358084986312,0
1715010997,4.53299836140131,14.4336597265581,0
1715011007,4.53299836140131,14.4336597265581,0
1715011017,4.57051027891053,14.4317911203433,0
1715011027,4.54912280701377,14.4298574756256,0
1715011037,4.54912280701377,14.4298574756256,0
1715011047,4.59507159623818,14.4282215071322,0
1715011057,4.55438596491278,14.4266255623329,0
1715011067,4.55438596491278,14.4266255623329,0
1715011077,4.59649122807127,14.4250571338232,0
1715011087,4.42948922627863,14.423926464467,0
1715011097,4.42948922627863,14.423926464467,0
1715011107,4.63124432015546,14.4189235027136,0
1715011117,4.58245614035007,14.4140531194467,0
1715011127,4.58245614035007,14.4140531194467,0
1715011137,4.63157894736996,14.4093428309559,0
1715011147,4.60208911547766,14.4048701831484,0
1715011157,4.60208911547766,14.4048701831484,0
1715011167,4.68629934631633,14.4003475057234,0
1715011177,4.61578947368604,14.3959849230745,0
1715011187,4.61578947368604,14.3959849230745,0
1715011197,4.66700116841605,14.3916273433873,0
1715011207,4.59966526198359,14.3853536293486,0
1715011217,4.59966526198359,14.3853536293486,0
1715011227,4.67719298245644,14.3792174967581,0
1715011237,4.63366795204192,14.3729612930855,0
1715011247,4.63366795204192,14.3729612930855,0
1715011257,4.73015884154744,14.3668626827082,0
1715011267,4.7052631578931,14.3606314938444,0
1715011277,4.7052631578931,14.3606314938444,0
1715011287,4.76349205792285,14.3546504530682,0
1715011297,4.72280701754675,14.348711937467,0
1715011307,4.72280701754675,14.348711937467,0
1715011317,4.75263157894772,14.3425883122809,0
1715011327,4.72456140350787,14.3428109440789,0
1715011337,4.72456140350787,14.3428109440789,0
1715011347,4.74736842105127,14.3421105294334,0
1715011357,4.72631578947123,14.3403244720875,0
1715011367,4.72631578947123,14.3403244720875,0
1715011377,4.80208841372468,14.3386809991515,0
1715011387,4.63015919242537,14.3370200158494,0
1715011397,4.63015919242537,14.3370200158494,0
1715011407,4.7561403508773,14.3287601259946,0
1715011417,4.75054298436007,14.3204777228119,0
1715011427,4.75054298436007,14.3204777228119,0
1715011437,4.789473684212,14.3123253966348,0
1715011447,4.72807017544033,14.3048334614092,0
1715011457,4.72807017544033,14.3048334614092,0
1715011467,4.76875519735054,14.3038778957142,0
1715011477,4.72071831831402,14.3026121463907,0
1715011487,4.72071831831402,14.3026121463907,0
1715011497,4.78070175438565,14.3009136408754,0
1715011507,4.72631578947442,14.2998830307542,0
1715011517,4.72631578947442,14.2998830307542,0
1715011527,4.74878859224063,14.2987073347421,0
1715011537,4.68913926013896,14.2973990602437,0
1715011547,4.68913926013896,14.2973990602437,0
1715011557,4.68947368421365,14.2960857827834,0
1715011567,4.63299871227585,14.2946274194323,0
1715011577,4.63299871227585,14.2946274194323,0
1715011587,4.6473684210542,14.2928838872613,0
1715011597,4.61052631579151,14.291935826009,0
1715011607,4.61052631579151,14.291935826009,0
1715011617,4.66633216257034,14.290677581128,0
1715011627,4.65121175013392,14.2892817547988,0
1715011637,4.65121175013392,14.2892817547988,0
1715011647,4.64210526316062,14.2876232729776,0
1715011657,4.60000000000149,14.2859948089269,0
1715011667,4.60000000000149,14.2859948089269,0
1715011677,4.57543859649314,14.2842087515809,0
1715011687,4.49682632692917,14.2828154267326,0
1715011697,4.49682632692917,14.2828154267326,0
1715011707,4.44068617303056,14.2850967772921,0
1715011717,4.53299836139397,14.3000806477435,0
1715011727,4.53299836139397,14.3000806477435,0
1715011737,4.54210526315589,14.3149094263804,0
1715011747,4.56315789473689,14.3296206354162,0
1715011757,4.56315789473689,14.3296206354162,0
1715011767,4.56700151928823,14.3443668651842,0
1715011777,4.5438596491202,14.3589504986952,0
1715011787,4.5438596491202,14.3589504986952,0
1715011797,4.52982456140315,14.3733890463154,0
1715011807,4.55472086062776,14.3878150865312,0
1715011817,4.55472086062776,14.3878150865312,0
1715011827,4.53542268272685,14.4023136696925,0
1715011837,4.53859649122886,14.4168072498919,0
1715011847,4.53859649122886,14.4168072498919,0
1715011857,4.55998400005737,14.4310731953316,0
1715011867,4.57861255653217,14.4442484951091,0
1715011877,4.57861255653217,14.4442484951091,0
1715011887,4.56491228070057,14.4560729952132,0
1715011897,4.56666666666871,14.4679125042025,0
1715011907,4.56666666666871,14.4679125042025,0
1715011917,4.56140350877577,14.4796169332245,0
1715011927,4.6066828304642,14.4722800898132,0
1715011937,4.6066828304642,14.4722800898132,0
1715011947,4.56633181168973,14.4677724212734,0
1715011957,4.60526315789506,14.464210312505,0
1715011967,4.60526315789506,14.464210312505,0
1715011977,4.58947368420605,14.4604330763812,0
1715011987,4.64561403508893,14.4566633447001,0
1715011997,4.64561403508893,14.4566633447001,0
1715012007,4.51578947368418,14.4568759705746,0
1715012017,4.53299836139907,14.457131121624,0
1715012027,4.53299836139907,14.457131121624,0
1715012037,4.61720918318976,14.4605406400589,0
1715012047,4.65229702560592,14.4639326481277,0
1715012057,4.65229702560592,14.4639326481277,0
1715012067,4.61612415394992,14.4663665890207,0
1715012077,4.65614035087831,14.4687780165858,0
1715012087,4.65614035087831,14.4687780165858,0
1715012097,4.63508771929986,14.4713120167139,0
1715012107,4.70701754385837,14.4730655548085,0
1715012117,4.70701754385837,14.4730655548085,0
1715012127,4.69473684210468,14.4749991995261,0
1715012137,4.71929824561175,14.4769203368394,0
1715012147,4.71929824561175,14.4769203368394,0
1715012157,4.68596491228279,14.4788314682292,0
1715012167,4.72280701754196,14.4813679698382,0
1715012177,4.72280701754196,14.4813679698382,0
1715012187,4.67928182708036,14.4839094744089,0
1715012197,4.708771929823,14.4856655139843,0
1715012207,4.708771929823,14.4856655139843,0
1715012217,4.69156248574785,14.4874340609641,0
1715012227,4.75614035087603,14.4895077886109,0
1715012237,4.75614035087603,14.4895077886109,0
1715012247,4.73826223951572,14.4915239821975,0
1715012257,4.72807017544288,14.4936427365,0
1715012267,4.72807017544288,14.4936427365,0
1715012277,4.69089365225681,14.4959115796552,0
1715012287,4.73893074059392,14.4973474296784,0
1715012297,4.73893074059392,14.4973474296784,0
1715012307,4.6933168655574,14.4988458167235,0
1715012317,4.59682597604805,14.4875141083521,0
1715012327,4.59682597604805,14.4875141083521,0
1715012337,4.64561403508765,14.4626468869571,0
1715012347,4.7628237292057,14.4400059835422,0
1715012357,4.7628237292057,14.4400059835422,0
1715012367,4.7315789473664,14.4174326201111,0
1715012377,4.74736842105159,14.3963726526103,0
1715012387,4.74736842105159,14.3963726526103,0
1715012397,4.65756020196806,14.3756178657765,0
1715012407,4.71052631578732,14.3548855922706,0
1715012417,4.71052631578732,14.3548855922706,0
1715012427,4.71228070175546,14.3341558202456,0
1715012437,4.72138694250096,14.3135761370732,0
1715012447,4.72138694250096,14.3135761370732,0
1715012457,4.72807017544097,14.2935067559996,0
1715012467,4.78421052631332,14.2779325360613,0
1715012477,4.78421052631332,14.2779325360613,0
1715012487,4.74912280701783,14.2649073251365,0
1715012497,4.78421052631747,14.2543010462194,0
1715012507,4.78421052631747,14.2543010462194,0
1715012517,4.74068512040092,14.2438448561549,0
1715012527,4.79473684210558,14.2528451843492,0
1715012537,4.79473684210558,14.2528451843492,0
1715012547,4.7877192982429,14.2590113347102,0
1715012557,4.81963221181508,14.2643319845348,0
1715012567,4.81963221181508,14.2643319845348,0
1715012577,4.7666666666702,14.2689497182332,0
1715012587,4.8350877192988,14.2737225437459,0
1715012597,4.8350877192988,14.2737225437459,0
1715012607,4.80526315789241,14.2783953100235,0
1715012617,4.73191322135923,14.2833532451211,0
1715012627,4.73191322135923,14.2833532451211,0
1715012637,4.62807017544102,14.2849541928822,0
1715012647,4.78771929825024,14.2889690696893,0
1715012657,4.78771929825024,14.2889690696893,0
1715012667,4.74035087719211,14.2920433896867,0
1715012677,4.78629899544191,14.2952703000176,0
1715012687,4.78629899544191,14.2952703000176,0
1715012697,4.72105263157957,14.298569753294,0
1715012707,4.72071831831051,14.3036102372605,0
1715012717,4.72071831831051,14.3036102372605,0
1715012727,4.72982456140592,14.3084030746202,0
1715012737,4.73859649122716,14.314551714615,0
1715012747,4.73859649122716,14.314551714615,0
1715012757,4.67017543859728,14.321996121704,0
1715012767,4.71578947368281,14.3289702503882,0
1715012777,4.71578947368281,14.3289702503882,0
1715012787,4.65789473683976,14.3358593287226,0
1715012797,4.68947368421238,14.3430610921666,0
1715012807,4.68947368421238,14.3430610921666,0
1715012817,4.63859649122594,14.3506630925508,0
1715012827,4.65789473684103,14.3581049981589,0
1715012837,4.65789473684103,14.3581049981589,0
1715012847,4.62456140350857,14.3655644141331,0
1715012857,4.65580580984447,14.3729938123369,0
1715012867,4.65580580984447,14.3729938123369,0
1715012877,4.60701754385842,14.380233097994,0
1715012887,4.63859649123168,14.3876149680611,0
1715012897,4.63859649123168,14.3876149680611,0
1715012907,4.61403508771854,14.3950018410899,0
1715012917,4.63366795203904,14.4025237940861,0
1715012927,4.63366795203904,14.4025237940861,0
1715012937,4.49473684210318,14.4235162216032,0
1715012947,4.65263157894809,14.4285642100123,0
1715012957,4.65263157894809,14.4285642100123,0
1715012967,4.64736842105197,14.4335571658422,0
1715012977,4.6666666666677,14.4375295174744,0
1715012987,4.6666666666677,14.4375295174744,0
1715012997,4.61787853376011,14.4412116973248,0
1715013007,4.6140350877195,14.4455117429518,0
1715013017,4.6140350877195,14.4455117429518,0
1715013027,4.578612556536,14.4496416878792,0
1715013037,4.62105263158186,14.4561330307542,0
1715013047,4.62105263158186,14.4561330307542,0
1715013057,4.58245614035103,14.462181611514,0
1715013067,4.63157894736932,14.4649957775003,0
1715013077,4.63157894736932,14.4649957775003,0
1715013087,4.60526315789315,14.4663365712502,0
1715013097,4.65472050975494,14.465245925588,0
1715013107,4.65472050975494,14.465245925588,0
1715013117,4.60877192982465,14.4639501584938,0
1715013127,4.65229702560432,14.4623492107328,0
1715013137,4.65229702560432,14.4623492107328,0
1715013147,4.61052631578704,14.4602079431023,0
1715013157,4.65263157894586,14.4582767998655,0
1715013167,4.65263157894586,14.4582767998655,0
1715013177,4.63650749651409,14.457048572755,0
1715013187,4.66457777044612,14.4556802627155,0
1715013197,4.66457777044612,14.4556802627155,0
1715013207,4.64177067287941,14.454331964523,0
1715013217,4.64177067288037,14.4526959960296,0
1715013227,4.64177067288037,14.4526959960296,0
1715013237,4.48036659777738,14.4511400749243,0
1715013247,4.47719298245591,14.4475179306149,0
1715013257,4.47719298245591,14.4475179306149,0
1715013267,4.57368421052627,14.4434355138242,0
1715013277,4.61929824561307,14.442850167299,0
1715013287,4.61929824561307,14.442850167299,0
1715013297,4.5964912280668,14.4420647023038,0
1715013307,4.61787853375724,14.440173582761,0
1715013317,4.61787853375724,14.440173582761,0
1715013327,4.58421052631598,14.4384175431856,0
1715013337,4.62807017543943,14.4368591205994,0
1715013347,4.62807017543943,14.4368591205994,0
1715013357,4.61929824561531,14.4352881906088,0
1715013367,4.68212169165835,14.4337272665418,0
1715013377,4.68212169165835,14.4337272665418,0
1715013387,4.66842105263169,14.4321763483983,0
1715013397,4.74385964912616,14.430152650369,0
1715013407,4.74385964912616,14.430152650369,0
1715013417,4.71787818288601,14.4278237716728,0
1715013427,4.75121139925855,14.4253548100476,0
1715013437,4.75121139925855,14.4253548100476,0
1715013447,4.68947368421365,14.4228783439796,0
1715013457,4.6845449665122,14.420274302387,0
1715013467,4.6845449665122,14.420274302387,0
1715013477,4.65121175013424,14.4177252933737,0
1715013487,4.65296612994698,14.4153188687703,0
1715013497,4.65296612994698,14.4153188687703,0
1715013507,4.64770299051673,14.4129099426861,0
1715013517,4.66349240879727,14.4103684381154,0
1715013527,4.66349240879727,14.4103684381154,0
1715013537,4.65263157894969,14.4082221675232,0
1715013547,4.57719298245426,14.4197940180587,0
1715013557,4.57719298245426,14.4197940180587,0
1715013567,4.65756020196551,14.4207120615404,0
1715013577,4.67894736842044,14.4257125218129,0
1715013587,4.67894736842044,14.4257125218129,0
1715013597,4.64035087719695,14.4316510374142,0
1715013607,4.65614035087417,14.4368291028289,0
1715013617,4.65614035087417,14.4368291028289,0
1715013627,4.59824561403495,14.4420546963802,0
1715013637,4.58596491227742,14.4447813105358,0
1715013647,4.58596491227742,14.4447813105358,0
1715013657,4.53015954329596,14.4474428861886,0
1715013667,4.51720883230819,14.4499518715079,0
1715013677,4.51720883230819,14.4499518715079,0
1715013687,4.47017543859611,14.4526259545651,0
1715013697,4.49824561403213,14.455487648688,0
1715013707,4.49824561403213,14.455487648688,0
1715013717,4.45964912280863,14.4584268887181,0
1715013727,4.49649122806973,14.4613486183821,0
1715013737,4.49649122806973,14.4613486183821,0
1715013747,4.48036659777706,14.4648231753198,0
1715013757,4.48421052631571,14.4679925515906,0
1715013767,4.48421052631571,14.4679925515906,0
1715013777,4.51578947368386,14.4713120167139,0
1715013787,4.48070175438613,14.4746314818372,0
1715013797,4.48070175438613,14.4746314818372,0
1715013807,4.49440173474308,14.4778809054961,0
1715013817,4.47894736841958,14.4811403350783,0
1715013827,4.47894736841958,14.4811403350783,0
1715013837,4.51194565594925,14.4843847557754,0
1715013847,4.41787923550894,14.4866661063349,0
1715013857,4.41787923550894,14.4866661063349,0
1715013867,4.58245614035167,14.4917941421321,0
1715013877,4.61929824561052,14.4932950306581,0
1715013887,4.61929824561052,14.4932950306581,0
1715013897,4.66984094681273,14.4948009221459,0
1715013907,4.64385964912207,14.4956038975073,0
1715013917,4.64385964912207,14.4956038975073,0
1715013927,4.66315789473907,14.4965294454317,0
1715013937,4.62105263158345,14.4959090781743,0
1715013947,4.62105263158345,14.4959090781743,0
1715013957,4.62314167318621,14.4945807918288,0
1715013967,4.59122807017514,14.4931074195924,0
1715013977,4.59122807017514,14.4931074195924,0
1715013987,4.58771929824683,14.4925045627011,0
1715013997,4.56984059592988,14.4926921737669,0
1715014007,4.56984059592988,14.4926921737669,0
1715014017,4.60175438596421,14.4928747818709,0
1715014027,4.60559787509485,14.4927397019035,0
1715014037,4.60559787509485,14.4927397019035,0
1715014047,4.63333333333523,14.4929398203737,0
1715014057,4.55931424320944,14.4930398796087,0
1715014067,4.55931424320944,14.4930398796087,0
1715014077,4.59298245613626,14.493277520292,0
1715014087,4.5670015192927,14.4955888886221,0
1715014097,4.5670015192927,14.4955888886221,0
1715014107,4.62105263157802,14.4985581464227,0
1715014117,4.53333333333369,14.5010796391464,0
1715014127,4.53333333333369,14.5010796391464,0
1715014137,4.55263157894782,14.5056473432272,0
1715014147,4.33124326752002,14.5118034876647,0
1715014157,4.33124326752002,14.5118034876647,0
1715014167,4.33859649123088,14.5287460176424,0
1715014177,4.37928287970967,14.5275127875702,0
1715014187,4.37928287970967,14.5275127875702,0
1715014197,4.45438596491347,14.524861217841,0
1715014207,4.40175438596399,14.52268993244,0
1715014217,4.40175438596399,14.52268993244,0
1715014227,4.44912280701574,14.5211114980068,0
1715014237,4.43157894736879,14.5198582560876,0
1715014247,4.43157894736879,14.5198582560876,0
1715014257,4.49122807017583,14.523420364856,0
1715014267,4.43333333333342,14.5269849751053,0
1715014277,4.43333333333342,14.5269849751053,0
1715014287,4.51963326444344,14.5304270127916,0
1715014297,4.45580510808901,14.5336964482974,0
1715014307,4.45580510808901,14.5336964482974,0
1715014317,4.48212098989745,14.5369383675136,0
1715014327,4.45614035087554,14.5400752245329,0
1715014337,4.45614035087554,14.5400752245329,0
1715014347,4.50033508654284,14.5431445415686,0
1715014357,4.49298245614302,14.5466891399709,0
1715014367,4.49298245614302,14.5466891399709,0
1715014377,4.53333333333528,14.551026707811,0
1715014387,4.47334902929421,14.5558320525751,0
1715014397,4.47334902929421,14.5558320525751,0
1715014407,4.52665078368388,14.5632239285657,0
1715014417,4.47685781353596,14.5703956742391,0
1715014427,4.47685781353596,14.5703956742391,0
1715014437,4.52840516349247,14.5776524702624,0
1715014447,4.49264734262205,14.5850643581,0
1715014457,4.49264734262205,14.5850643581,0
1715014467,4.4157894736836,14.5900322991211,0
1715014477,4.46315789473663,14.5952253734211,0
1715014487,4.46315789473663,14.5952253734211,0
1715014497,4.54385964912243,14.6004109432784,0
1715014507,4.51370004807027,14.6056840649665,0
1715014517,4.51370004807027,14.6056840649665,0
1715014527,4.53333333333433,14.6136087563838,0
1715014537,4.46140350877103,14.6215184389158,0
1715014547,4.46140350877103,14.6215184389158,0
1715014557,4.50492808747022,14.6287477186494,0
1715014567,4.44703314748671,14.6359794998639,0
1715014577,4.44703314748671,14.6359794998639,0
1715014587,4.4898088076865,14.6423457686951,0
1715014597,4.45822997112256,14.64806665546,0
1715014607,4.45822997112256,14.64806665546,0
1715014617,4.51720883231074,14.6537900437059,0
1715014627,4.48947368420801,14.6598261170613,0
1715014637,4.48947368420801,14.6598261170613,0
1715014647,4.50526315789352,14.665694591198,0
1715014657,4.45580510808932,14.6716531186462,0
1715014667,4.45580510808932,14.6716531186462,0
1715014677,4.5196332644428,14.6774515513184,0
1715014687,4.47894736841799,14.6808985919664,0
1715014697,4.47894736841799,14.6808985919664,0
1715014707,4.53859649123077,14.6836752357396,0
1715014717,4.51578947368578,14.6868696268191,0
1715014727,4.51578947368578,14.6868696268191,0
1715014737,4.55472086062584,14.6876175696012,0
1715014747,4.51228070175396,14.6866519979828,0
1715014757,4.51228070175396,14.6866519979828,0
1715014767,4.43859649122731,14.6855563493588,0
1715014777,4.35229597296888,14.6999798880937,0
1715014787,4.35229597296888,14.6999798880937,0
1715014797,4.52489640387178,14.7049978587324,0
1715014807,4.50141930322561,14.7096781294526,0
1715014817,4.50141930322561,14.7096781294526,0
1715014827,4.56315789473561,14.7139031306534,0
1715014837,4.54210526315748,14.7177103845476,0
1715014847,4.54210526315748,14.7177103845476,0
1715014857,4.60910663471171,14.7169274210333,0
1715014867,4.59122807017706,14.7158092590814,0
1715014877,4.59122807017706,14.7158092590814,0
1715014887,4.60843722258619,14.7141983053968,0
1715014897,4.56491228070535,14.7127249331605,0
1715014907,4.56491228070535,14.7127249331605,0
1715014917,4.64210526315871,14.7114366705089,0
1715014927,4.68596491227896,14.7106011758961,0
1715014937,4.68596491227896,14.7106011758961,0
1715014947,4.81403508771685,14.7106011758961,0
1715014957,4.82280701754639,14.6914798560748,0
1715014967,4.82280701754639,14.6914798560748,0
1715014977,4.91754385964988,14.672488613259,0
1715014987,4.86349170704684,14.6530270920385,0
1715014997,4.86349170704684,14.6530270920385,0
1715015007,4.87861360916889,14.6312091758321,0
1715015017,4.82807017544124,14.6096138914237,0
1715015027,4.82807017544124,14.6096138914237,0
1715015037,4.86282408008311,14.5882562476986,0
1715015047,4.84561403508819,14.5676490482366,0
1715015057,4.84561403508819,14.5676490482366,0
1715015067,4.89999999999943,14.5483000936554,0
1715015077,4.76633251344903,14.529181275315,0
1715015087,4.76633251344903,14.529181275315,0
1715015097,4.8617373272392,14.5099899140291,0
1715015107,4.99473684210803,14.4951086042938,0
1715015117,4.99473684210803,14.4951086042938,0
1715015127,5.04945596681713,14.4775607159438,0
1715015137,4.97719298245948,14.460010326113,0
1715015147,4.97719298245948,14.460010326113,0
1715015157,4.99999999999586,14.4425800073643,0
1715015167,4.98771929824535,14.4254323559547,0
1715015177,4.98771929824535,14.4254323559547,0
1715015187,5.01612275044523,14.4084948289387,0
1715015197,4.93684210526307,14.3931407393177,0
1715015207,4.93684210526307,14.3931407393177,0
1715015217,4.91578947368781,14.3778466852377,0
1715015227,4.79507089448743,14.3626902126059,0
1715015237,4.79507089448743,14.3626902126059,0
1715015247,4.76282372920442,14.3475112266462,0
1715015257,4.69264804438039,14.3324773265773,0
1715015267,4.69264804438039,14.3324773265773,0
1715015277,4.71929824561143,14.3175910138802,0
1715015287,4.71052631579083,14.3027021997022,0
1715015297,4.71052631579083,14.3027021997022,0
1715015307,4.7754385964908,14.2881060587868,0
1715015317,4.73157894736895,14.2735349326802,0
1715015327,4.73157894736895,14.2735349326802,0
1715015337,4.76984129769046,14.2593440316668,0
1715015347,4.74945701944963,14.2452932135824,0
1715015357,4.74945701944963,14.2452932135824,0
1715015367,4.73366760116559,14.2311523421866,0
1715015377,4.61896357531079,14.2153905111826,0
1715015387,4.61896357531079,14.2153905111826,0
1715015397,4.51019126382949,14.2099297784288,0
1715015407,4.57719298245777,14.1887247250373,0
1715015417,4.57719298245777,14.1887247250373,0
1715015427,4.66106898620629,14.1695833933689,0
1715015437,5.4035087719313,14.1568658645919,0
1715015447,5.4035087719313,14.1568658645919,0
1715015457,5.80000000000248,14.1498367033284,0
1715015467,6.10000000000009,14.1524707626915,0
1715015477,6.10000000000009,14.1524707626915,0
1715015487,6.72247972799773,14.1539691497366,0
1715015497,7.07335815213255,14.1584893256808,0
1715015507,7.07335815213255,14.1584893256808,0
1715015517,7.42599096839319,14.1531161447577,0
1715015527,7.88628811828934,14.1584317916206,0
1715015537,7.88628811828934,14.1584317916206,0
1715015547,8.25295349840861,14.1601928341578,0
1715015557,8.56985463107119,14.181102712806,0
1715015567,8.56985463107119,14.181102712806,0
1715015577,9.03014375388177,14.2015423130493,0
1715015587,8.98739995578734,14.2221219962217,0
1715015597,8.98739995578734,14.2221219962217,0
1715015607,9.52137010045522,14.2436172213951,0
1715015617,9.66522924480617,14.2652400220931,0
1715015627,9.66522924480617,14.2652400220931,0
1715015637,10.3385964912304,14.272321714455,0
1715015647,10.4842105263152,14.2822325816883,0
1715015657,10.4842105263152,14.2822325816883,0
1715015667,11.0596491228088,14.2927988369115,0
1715015677,11.3511882414439,14.3065244624818,0
1715015687,11.3511882414439,14.3065244624818,0
1715015697,11.6523215870936,14.3075000400237,0
1715015707,12.0845190016872,14.3172658213663,0
1715015717,12.0845190016872,14.3172658213663,0
1715015727,11.6681111161784,14.3279871684037,0
1715015737,11.6055733137765,14.3399342410707,0
1715015747,11.6055733137765,14.3399342410707,0
1715015757,11.6421052631596,14.3556185261675,0
1715015767,11.2915393279316,14.3733415181788,0
1715015777,11.2915393279316,14.3733415181788,0
1715015787,11.5582050589276,14.3925103661367,0
1715015797,11.6968010638562,14.4056756599907,0
1715015807,11.6968010638562,14.4056756599907,0
1715015817,11.6877192982445,14.4195888966268,0
1715015827,11.4859649122819,14.4165771136513,0
1715015837,11.4859649122819,14.4165771136513,0
1715015847,11.6757485061448,14.4271583777597,0
1715015857,11.6456140350876,14.4391729904103,0
1715015867,11.6456140350876,14.4391729904103,0
1715015877,12.3143427566944,14.4499318596609,0
1715015887,12.3614035087718,14.4606882274307,0
1715015897,12.3614035087718,14.4606882274307,0
1715015907,12.8157894736857,14.4713445359653,0
1715015917,13.3052631578903,14.478571314218,0
1715015927,13.3052631578903,14.478571314218,0
1715015937,13.2385964912273,14.4854904103229,0
1715015947,12.7403508771883,14.4922719249796,0
1715015957,12.7403508771883,14.4922719249796,0
1715015967,12.4052631578949,14.4987007308326,0
1715015977,12.0564489247386,14.5048718841554,0
1715015987,12.0564489247386,14.5048718841554,0
1715015997,11.5859649122818,14.510540239822,0
1715016007,11.3947368421079,14.531940408722,0
1715016017,11.3947368421079,14.531940408722,0
1715016027,11.1087719298242,14.5511367729696,0
1715016037,10.7593359976695,14.5641369690857,0
1715016047,10.7593359976695,14.5641369690857,0
1715016057,10.5035087719293,14.5714512991691,0
1715016067,9.8771929824573,14.5694301026208,0
1715016077,9.8771929824573,14.5694301026208,0
1715016087,9.39122807017556,14.569182456014,0
1715016097,8.95614035087899,14.5659030145846,0
1715016107,8.95614035087899,14.5659030145846,0
1715016117,8.7473684210537,14.5723668411699,0
1715016127,8.25406404934774,14.5678491667067,0
1715016137,8.25406404934774,14.5678491667067,0
1715016147,7.80143088221033,14.5660430975137,0
1715016157,7.13859649122721,14.5638768150745,0
1715016167,7.13859649122721,14.5638768150745,0
1715016177,6.5680932213811,14.5612552631158,0
1715016187,5.94912280701593,14.5587888029714,0
1715016197,5.94912280701593,14.5587888029714,0
1715016207,4.7543859649165,14.55524670605,0
1715016217,4.69791122074253,14.551717116533,0
1715016227,4.69791122074253,14.551717116533,0
1715016237,4.61612415395152,14.5625660390951,0
1715016247,4.61754385964526,14.5698253365993,0
1715016257,4.61754385964526,14.5698253365993,0
1715016267,4.52982456140474,14.5751609953092,0
1715016277,4.53508771929609,14.5572153714999,0
1715016287,4.53508771929609,14.5572153714999,0
1715016297,4.36349346142403,14.5529678569713,0
1715016307,4.46315789473758,14.5427968357267,0
1715016317,4.46315789473758,14.5427968357267,0
1715016327,4.45296683169295,14.532465719706,0
1715016337,4.48771929824753,14.5207412788371,0
1715016347,4.48771929824753,14.5207412788371,0
1715016357,4.45405071596861,14.5064077934137,0
1715016367,4.50701754385624,14.4899080255512,0
1715016377,4.50701754385624,14.4899080255512,0
1715016387,4.48771929824401,14.4725577541905,0
1715016397,4.52807017543628,14.4596901365608,0
1715016407,4.52807017543628,14.4596901365608,0
1715016417,4.49858070673584,14.4459394961817,0
1715016427,4.54770334139274,14.4491263828186,0
1715016437,4.54770334139274,14.4491263828186,0
1715016447,4.54736842105202,14.4385000920545,0
1715016457,4.5827909375777,14.4266105534477,0
1715016467,4.5827909375777,14.4266105534477,0
1715016477,4.55054228260492,14.4158391767926,0
1715016487,4.58596491228029,14.4052203904711,0
1715016497,4.58596491228029,14.4052203904711,0
1715016507,4.53157894736682,14.3944239990074,0
1715016517,4.57894736842017,14.3870596393065,0
1715016527,4.57894736842017,14.3870596393065,0
1715016537,4.59089330138258,14.3797027840482,0
1715016547,4.64912280701692,14.3724735043145,0
1715016557,4.64912280701692,14.3724735043145,0
1715016567,4.60526315789698,14.3656844852152,0
1715016577,4.61194600683145,14.3588779557498,0
1715016587,4.61194600683145,14.3588779557498,0
1715016597,4.47192982456265,14.3542802338985,0
1715016607,4.48212098990065,14.3498726245938,0
1715016617,4.48212098990065,14.3498726245938,0
1715016627,4.58947368421115,14.348366733106,0
1715016637,4.60208911547543,14.34686584458,0
1715016647,4.60208911547543,14.34686584458,0
1715016657,4.55263157894687,14.345222371644,0
1715016667,4.57543859649154,14.3437139786754,0
1715016677,4.57543859649154,14.3437139786754,0
1715016687,4.56842105263366,14.3421930783024,0
1715016697,4.59649122806872,14.3405496053664,0
1715016707,4.59649122806872,14.3405496053664,0
1715016717,4.57543859648931,14.3389861798184,0
1715016727,4.57017543859797,14.3413550822087,0
1715016737,4.57017543859797,14.3413550822087,0
1715016747,4.53859649122727,14.3438040319869,0
1715016757,4.56349275967839,14.3460553647759,0
1715016767,4.56349275967839,14.3460553647759,0
1715016777,4.52773518503374,14.3471134911868,0
1715016787,4.56700151929398,14.347881445816,0
1715016797,4.56700151929398,14.347881445816,0
1715016807,4.51578947368673,14.3485793589805,0
1715016817,4.5126157452081,14.349137189216,0
1715016827,4.5126157452081,14.349137189216,0
1715016837,4.44210526316168,14.3298982997935,0
1715016847,4.48771929824497,14.3123203936731,0
1715016857,4.48771929824497,14.3123203936731,0
1715016867,4.48279128844989,14.2947449890335,0
1715016877,4.49122807017328,14.2990400316988,0
1715016887,4.49122807017328,14.2990400316988,0
1715016897,4.46140350877071,14.3027021997022,0
1715016907,4.34561403508525,14.299177613147,0
1715016917,4.34561403508525,14.299177613147,0
1715016927,4.45087719298324,14.3002082232682,0
1715016937,4.48421052631986,14.3014264444551,0
1715016947,4.48421052631986,14.3014264444551,0
1715016957,4.44001557900355,14.3013839192802,0
1715016967,4.45789473684177,14.3011787978483,0
1715016977,4.45789473684177,14.3011787978483,0
1715016987,4.43508771929486,14.3001681995741,0
1715016997,4.45931389233266,14.2991125746442,0
1715017007,4.45931389233266,14.2991125746442,0
1715017017,4.44736842105302,14.2981344956214,0
1715017027,4.48421052631316,14.2970163336695,0
1715017037,4.48421052631316,14.2970163336695,0
1715017047,4.46140350877007,14.295993227991,0
1715017057,4.52665078368324,14.2946399268367,0
1715017067,4.52665078368324,14.2946399268367,0
1715017077,4.49966491110203,14.2932791212398,0
1715017087,4.54736842105361,14.2919133126811,0
1715017097,4.54736842105361,14.2919133126811,0
1715017107,4.49649122806909,14.2905450026416,0
1715017117,4.55229667472148,14.2891841970446,0
1715017127,4.55229667472148,14.2891841970446,0
1715017137,4.5347527535166,14.2879559699342,0
1715017147,4.56140350877258,14.2866051702608,0
1715017157,4.56140350877258,14.2866051702608,0
1715017167,4.53684210526454,14.2852318572595,0
1715017177,4.57401903853186,14.2838135176024,0
1715017187,4.57401903853186,14.2838135176024,0
1715017197,4.54352471412622,14.2802589132767,0
1715017207,4.45229632384567,14.2767068104318,0
1715017217,4.45229632384567,14.2767068104318,0
1715017227,4.51929824560994,14.2718114123561,0
1715017237,4.55614035087741,14.2669160142805,0
1715017247,4.55614035087741,14.2669160142805,0
1715017257,4.53475275351723,14.2619405688167,0
1715017267,4.55614035088059,14.2570126514897,0
1715017277,4.55614035088059,14.2570126514897,0
1715017287,4.51228070175524,14.252867697677,0
1715017297,4.5491228070192,14.2509265485167,0
1715017307,4.5491228070192,14.2509265485167,0
1715017317,4.50526315789735,14.2488903430831,0
1715017327,4.54177032200264,14.2429193082305,0
1715017337,4.54177032200264,14.2429193082305,0
1715017347,4.48947368420993,14.2389769743688,0
1715017357,4.51754385965296,14.2353673374638,0
1715017367,4.51754385965296,14.2353673374638,0
1715017377,4.4786122056538,14.2328008180843,0
1715017387,4.53124396927517,14.2303718801531,0
1715017397,4.53124396927517,14.2303718801531,0
1715017407,4.47577376921871,14.2280530073804,0
1715017417,4.4687562499789,14.226031810832,0
1715017427,4.4687562499789,14.226031810832,0
1715017437,4.45087719298388,14.2437948265373,0
1715017447,4.49298245614078,14.2597717848966,0
1715017457,4.49298245614078,14.2597717848966,0
1715017467,4.44878753960137,14.2768493948417,0
1715017477,4.49331756730496,14.293904491459,0
1715017487,4.49331756730496,14.293904491459,0
1715017497,4.44594931245825,14.3118476137874,0
1715017507,4.37894736842315,14.3300984182636,0
1715017517,4.37894736842315,14.3300984182636,0
1715017527,4.33366900467028,14.3428484662921,0
1715017537,4.45822997112224,14.3556360365336,0
1715017547,4.45822997112224,14.3556360365336,0
1715017557,4.41545408930911,14.3684186038135,0
1715017567,4.45647559131141,14.3816839569025,0
1715017577,4.45647559131141,14.3816839569025,0
1715017587,4.41545408930942,14.3925103661368,0
1715017597,4.4894736842112,14.4066387301282,0
1715017607,4.4894736842112,14.4066387301282,0
1715017617,4.47368421052409,14.4209121800106,0
1715017627,4.5137000480674,14.4348729447833,0
1715017637,4.5137000480674,14.4348729447833,0
1715017647,4.48279128845244,14.448833709556,0
1715017657,4.52489640387432,14.4629570705858,0
1715017667,4.52489640387432,14.4629570705858,0
1715017677,4.48454566826358,14.4770028857083,0
1715017687,4.54385964912276,14.471939888414,0
1715017697,4.54385964912276,14.471939888414,0
1715017707,4.54703349836126,14.4703414421337,0
1715017717,4.55789473683948,14.4695134519636,0
1715017727,4.55789473683948,14.4695134519636,0
1715017737,4.52948957715413,14.4685603877495,0
1715017747,4.55964912280954,14.4685478803452,0
1715017757,4.55964912280954,14.4685478803452,0
1715017767,4.50141930322593,14.468550381826,0
1715017777,4.56666666666871,14.4686154203288,0
1715017787,4.56666666666871,14.4686154203288,0
1715017797,4.51052631579124,14.4699437066743,0
1715017807,4.54210526315525,14.4720624609769,0
1715017817,4.54210526315525,14.4720624609769,0
1715017827,4.39473684210387,14.4725202319773,0
1715017837,4.42489675475097,14.4734507828635,0
1715017847,4.42489675475097,14.4734507828635,0
1715017857,4.54177032200168,14.4755445223572,0
1715017867,4.58279093757515,14.4774656596705,0
1715017877,4.58279093757515,14.4774656596705,0
1715017887,4.5175438596485,14.4792392096121,0
1715017897,4.53366830292081,14.4794343251205,0
1715017907,4.53366830292081,14.4794343251205,0
1715017917,4.47017543860025,14.4795343843555,0
1715017927,4.50843687170559,14.4796219361862,0
1715017937,4.50843687170559,14.4796219361862,0
1715017947,4.47719298245782,14.4776882914685,0
1715017957,4.54912280701952,14.4752268342859,0
1715017967,4.54912280701952,14.4752268342859,0
1715017977,4.51403508771827,14.4727478667371,0
1715017987,4.51612450483008,14.4701638369915,0
1715017997,4.51612450483008,14.4701638369915,0
1715018007,4.47017543859483,14.4675798072459,0
1715018017,4.48630004807378,14.4648356827242,0
1715018027,4.48630004807378,14.4648356827242,0
1715018037,4.456475591313,14.4618914397323,0
1715018047,4.46700187016807,14.4589296863743,0
1715018057,4.46700187016807,14.4589296863743,0
1715018067,4.44385964912216,14.4548722843924,0
1715018077,4.46140350876912,14.4505297135904,0
1715018087,4.46140350876912,14.4505297135904,0
1715018097,4.48421052631827,14.445204060804,0
1715018107,4.48421052631795,14.4395707258697,0
1715018117,4.48421052631795,14.4395707258697,0
1715018127,4.50350877193017,14.4339423938972,0
1715018137,4.34594966333586,14.4282790411924,0
1715018147,4.34594966333586,14.4282790411924,0
1715018157,4.4014189523466,14.4238914437347,0
1715018167,4.47510342141524,14.4192161759762,0
1715018177,4.47510342141524,14.4192161759762,0
1715018187,4.51403508771795,14.4170598994605,0
1715018197,4.57577341833599,14.4115991667067,0
1715018207,4.57577341833599,14.4115991667067,0
1715018217,4.61086101452318,14.4059958495429,0
1715018227,4.60350877193012,14.4007027160079,0
1715018237,4.60350877193012,14.4007027160079,0
1715018247,4.57017543859382,14.3954020780302,0
1715018257,4.54385964911924,14.3899638586043,0
1715018267,4.54385964911924,14.3899638586043,0
1715018277,4.55614035087549,14.3846807309927,0
1715018287,4.56633181169165,14.3985239261643,0
1715018297,4.56633181169165,14.3985239261643,0
1715018307,4.57719298245617,14.4089050718025,0
1715018317,4.60175438596485,14.4180654947729,0
1715018327,4.60175438596485,14.4180654947729,0
1715018337,4.8733504328077,14.4157641323664,0
1715018347,4.83333333333322,14.4125197116693,0
1715018357,4.83333333333322,14.4125197116693,0
1715018367,4.83299941403355,14.4092877983766,0
1715018377,4.77861325829179,14.4060458791605,0
1715018387,4.77861325829179,14.4060458791605,0
1715018397,4.79473684210686,14.4016908009541,0
1715018407,4.71228070175642,14.3963701511295,0
1715018417,4.71228070175642,14.3963701511295,0
1715018427,4.71720953406909,14.3912346108896,0
1715018437,4.59156283662578,14.3873498110882,0
1715018447,4.59156283662578,14.3873498110882,0
1715018457,4.51612450482338,14.3825244544771,0
1715018467,4.53508771929736,14.3835075364616,0
1715018477,4.53508771929736,14.3835075364616,0
1715018487,4.50350877193016,14.3841829362983,0
1715018497,4.40317334447082,14.3861065750925,0
1715018507,4.40317334447082,14.3861065750925,0
1715018517,4.41929824560999,14.3880552286954,0
1715018527,4.35054158084817,14.3900163897027,0
1715018537,4.35054158084817,14.3900163897027,0
1715018547,4.38596491228327,14.3921026247539,0
1715018557,4.31369934631226,14.3945840937835,0
1715018567,4.31369934631226,14.3945840937835,0
1715018577,4.34945842295432,14.3971356042777,0
1715018587,4.28421052631549,14.3996495925588,0
1715018597,4.28421052631549,14.3996495925588,0
1715018607,4.26842105262998,14.4022811504411,0
1715018617,3.96875800435961,14.4047751268751,0
1715018627,3.96875800435961,14.4047751268751,0
1715018637,3.97368421052466,14.4074892336263,0
1715018647,3.93367040817305,14.4103434233066,0
1715018657,3.93367040817305,14.4103434233066,0
1715018667,3.95121420626346,14.4133076781454,0
1715018677,3.88596491228096,14.4143808134416,0
1715018687,3.88596491228096,14.4143808134416,0
1715018697,3.92280701754206,14.4155164857596,0
1715018707,3.88630215332603,14.4166396506732,0
1715018717,3.88630215332603,14.4166396506732,0
1715018727,3.92631578947196,14.4179079014777,0
1715018737,3.88771929824624,14.419301226326,0
1715018747,3.88771929824624,14.419301226326,0
1715018757,3.78070175438521,14.4195588788563,0
1715018767,3.85263157894914,14.4211598266174,0
1715018777,3.85263157894914,14.4211598266174,0
1715018787,3.88103901389801,14.4228333173239,0
1715018797,3.82807017544238,14.4246493924403,0
1715018807,3.82807017544238,14.4246493924403,0
1715018817,3.8915652927534,14.4266080519668,0
1715018827,3.85087719298387,14.4285692129741,0
1715018837,3.85087719298387,14.4285692129741,0
1715018847,3.89507405237378,14.430680462834,0
1715018857,3.83508771929708,14.432789211213,0
1715018867,3.83508771929708,14.432789211213,0
1715018877,3.84912280701605,14.4348304196084,0
1715018887,3.80492563131715,14.4367115332277,0
1715018897,3.80492563131715,14.4367115332277,0
1715018907,3.85263157894595,14.4385901453661,0
1715018917,4.04736842105706,15.0351958359349,0
1715018927,4.04736842105706,15.0351958359349,0
1715018937,4.61545479106968,15.0370644421498,0
1715018947,4.62807017543879,15.039350795671,0
1715018957,4.62807017543879,15.039350795671,0
1715018967,4.74385964911978,15.0468152146071,0
1715018977,4.72247271043026,15.0537343107119,0
1715018987,4.72247271043026,15.0537343107119,0
1715018997,4.7824561403487,15.060873537134,0
1715019007,4.71052631578859,15.0678076421242,0
1715019017,4.71052631578859,15.0678076421242,0
1715019027,4.7333333333371,15.0745191153163,0
1715019037,4.71896392618948,15.079251917135,0
1715019047,4.71896392618948,15.079251917135,0
1715019057,4.64912280701691,15.0670722067464,0
1715019067,4.70350877192496,15.0486437971279,0
1715019077,4.70350877192496,15.0486437971279,0
1715019087,5.67543859649098,15.0307406984935,0
1715019097,5.62807017543828,15.0136981092807,0
1715019107,5.62807017543828,15.0136981092807,0
1715019117,5.65438596491158,14.9966280037782,0
1715019127,5.60526315789551,14.9793552783248,0
1715019137,5.60526315789551,14.9793552783248,0
1715019147,5.64035087719452,14.9620000040024,0
1715019157,5.60701754385887,14.9444170949202,0
1715019167,5.60701754385887,14.9444170949202,0
1715019177,5.66348890004384,14.9268617021276,0
1715019187,5.62631578947364,14.9091987456574,0
1715019197,5.62631578947364,14.9091987456574,0
1715019207,5.42982456140365,14.8914857595697,0
1715019217,4.8915617839971,14.8737827794054,0
1715019227,4.8915617839971,14.8737827794054,0
1715019237,4.9228070175441,14.856752697597,0
1715019247,4.88771929824445,14.8430295735075,0
1715019257,4.88771929824445,14.8430295735075,0
1715019267,4.89682492341874,14.8291313457567,0
1715019277,4.85087719298081,14.8154082216672,0
1715019287,4.85087719298081,14.8154082216672,0
1715019297,4.9101926673449,14.8032685349727,0
1715019307,4.87894736841874,14.791193886781,0
1715019317,4.87894736841874,14.791193886781,0
1715019327,4.89473684210616,14.7790592030482,0
1715019337,4.84210526315637,14.7666268430911,0
1715019347,4.84210526315637,14.7666268430911,0
1715019357,4.79473684210749,14.7553201495285,0
1715019367,3.81896076828029,14.7427176888718,0
1715019377,3.81896076828029,14.7427176888718,0
1715019387,3.9192982456128,14.7337348710437,0
1715019397,3.89649122806812,14.7246344836143,0
1715019407,3.89649122806812,14.7246344836143,0
1715019417,3.94736842105136,14.7155866272833,0
1715019427,3.92982456140313,14.7076694403087,0
1715019437,3.92982456140313,14.7076694403087,0
1715019447,3.97543859649249,14.6998272977603,0
1715019457,3.90701754385718,14.6920652026,0
1715019467,3.90701754385718,14.6920652026,0
1715019477,3.91754385965008,14.6843731489042,0
1715019487,3.87017543859609,14.6776716816355,0
1715019497,3.87017543859609,14.6776716816355,0
1715019507,3.87894736841861,14.6709351936346,0
1715019517,3.78738171011257,14.0703446440293,0
1715019527,3.78738171011257,14.0703446440293,0
1715019537,3.76106582830157,14.0757078190289,0
1715019547,3.73684210526559,14.0810584866241,0
1715019557,3.73684210526559,14.0810584866241,0
1715019567,3.76140350877363,14.0841002873701,0
1715019577,3.71261855221429,14.0877449450074,0
1715019587,3.71261855221429,14.0877449450074,0
1715019597,3.74912280701929,14.0927429037991,0
1715019607,3.73016235030598,14.0978784440388,0
1715019617,3.73016235030598,14.0978784440388,0
1715019627,3.75614035088037,14.1032541264429,0
1715019637,3.68947368421033,14.1086373132895,0
1715019647,3.68947368421033,14.1086373132895,0
1715019657,3.7441973887843,14.1312957270704,0
1715019667,3.61720567440634,14.155422510126,0
1715019677,3.61720567440634,14.155422510126,0
1715019687,3.63333333333319,14.1785962289676,0
1715019697,3.70701754386175,14.1886671909771,0
1715019707,3.70701754386175,14.1886671909771,0
1715019717,3.79790806283366,14.1997962793974,0
1715019727,3.77334657314432,14.2108728367193,0
1715019737,3.77334657314432,14.2108728367193,0
1715019747,3.83333333333181,14.2220469517955,0
1715019757,3.79122807017427,14.2331610313305,0
1715019767,3.79122807017427,14.2331610313305,0
1715019777,3.85263157894659,14.2441275234939,0
1715019787,3.80877192982697,14.2551240334278,0
1715019797,3.80877192982697,14.2551240334278,0
1715019807,3.85296893694902,14.2658253686182,0
1715019817,3.80384630229372,14.2764316475354,0
1715019827,3.80384630229372,14.2764316475354,0
1715019837,3.85087719298004,14.2860998711237,0
1715019847,3.81018880768024,14.2922635200038,0
1715019857,3.81018880768024,14.2922635200038,0
1715019867,3.84912280701605,14.2986998302995,0
1715019877,3.81403508771767,14.3048809895458,0
1715019887,3.81403508771767,14.3048809895458,0
1715019897,3.86140350877421,14.3092035485007,0
1715019907,3.82982456140319,14.3133935289692,0
1715019917,3.82982456140319,14.3133935289692,0
1715019927,3.88245614035234,14.3174484294702,0
1715019937,3.84352225796836,14.3222137505403,0
1715019947,3.84352225796836,14.3222137505403,0
1715019957,3.90033719180243,14.3257883667131,0
1715019967,3.88070175438644,14.329055300738,0
1715019977,3.88070175438644,14.329055300738,0
1715019987,3.81403508771895,14.3292203984759,0
1715019997,3.88454777351519,14.337007508445,0
1715020007,3.88454777351519,14.337007508445,0
1715020017,4.01437187939581,14.3449722235564,0
1715020027,3.97368421052658,14.3517637441365,0
1715020037,3.97368421052658,14.3517637441365,0
1715020047,4.03684210526608,14.3587253654163,0
1715020057,3.99473684210407,14.3655544082097,0
1715020067,3.99473684210407,14.3655544082097,0
1715020077,4.0456140350854,14.3722533739974,0
1715020087,4.01929824561593,14.3778641956038,0
1715020097,4.01929824561593,14.3778641956038,0
1715020107,4.07368421052908,14.3836251060628,0
1715020117,4.02456140351111,14.3889182395978,0
1715020127,4.02456140351111,14.3889182395978,0
1715020137,4.07928393233579,14.3943289427341,0
1715020147,4.05438596491303,14.399279373389,0
1715020157,4.05438596491303,14.399279373389,0
1715020167,4.09999999999728,14.401188003298,0
1715020177,4.02948782276131,14.4029765621248,0
1715020187,4.02948782276131,14.4029765621248,0
1715020197,4.06457566517429,14.4030215887806,0
1715020207,4.03859649122879,14.4029065206603,0
1715020217,4.03859649122879,14.4029065206603,0
1715020227,4.05647699481993,14.4028014584634,0
1715020237,3.99824561403334,14.402708903671,0
1715020247,3.99824561403334,14.402708903671,0
1715020257,4.02773343064602,14.4020535156813,0
1715020267,3.96457531429719,14.4003274938764,0
1715020277,3.96457531429719,14.4003274938764,0
1715020287,3.84736842105589,14.3986765164978,0
1715020297,3.71403508771964,14.4071740470358,0
1715020307,3.71403508771964,14.4071740470358,0
1715020317,3.9403508771922,14.4039821574372,0
1715020327,3.89298245613885,14.4008678137457,0
1715020337,3.89298245613885,14.4008678137457,0
1715020347,3.89966280583306,14.3975533515841,0
1715020357,3.8684210526321,14.3944415093735,0
1715020367,3.8684210526321,14.3944415093735,0
1715020377,3.835087719299,14.3915948241359,0
1715020387,3.80350877192606,14.3887456374173,0
1715020397,3.80350877192606,14.3887456374173,0
1715020407,3.78070175438712,14.3860240262235,0
1715020417,3.7259779858886,14.3833599490899,0
1715020427,3.7259779858886,14.3833599490899,0
1715020437,3.70701754386047,14.3807459015737,0
1715020447,3.67894736842573,14.3784195243585,0
1715020457,3.67894736842573,14.3784195243585,0
1715020467,3.67928533584048,14.3759555656949,0
1715020477,3.67192982456402,14.3739843987641,0
1715020487,3.67192982456402,14.3739843987641,0
1715020497,3.67543859648817,14.3722183532651,0
1715020507,3.6684210526322,14.3706174055041,0
1715020517,3.6684210526322,14.3706174055041,0
1715020527,3.66140350876921,14.369016457743,0
1715020537,3.64595211946604,14.3677557113812,0
1715020547,3.64595211946604,14.3677557113812,0
1715020557,3.64946087908641,14.3665274842707,0
1715020567,3.60877192982516,14.365344283816,0
1715020577,3.60877192982516,14.365344283816,0
1715020587,3.59439857683995,14.3635357131422,0
1715020597,3.37368421052816,14.3544803523686,0
1715020607,3.37368421052816,14.3544803523686,0
1715020617,3.47719298245738,14.3483217064502,0
1715020627,3.49507545587656,14.3425883122809,0
1715020637,3.49507545587656,14.3425883122809,0
1715020647,3.45789473684388,14.338468373277,0
1715020657,3.46491228070176,14.3343059090982,0
1715020667,3.46491228070176,14.3343059090982,0
1715020677,3.43859649122846,14.3301059227063,0
1715020687,3.47685430474872,14.3276694803324,0
1715020697,3.47685430474872,14.3276694803324,0
1715020707,3.46875975873967,14.3265988465172,0
1715020717,3.49999999999822,14.3256707971119,0
1715020727,3.49999999999822,14.3256707971119,0
1715020737,3.4964912280696,14.3250004002369,0
1715020747,3.51929824561555,14.3244951010999,0
1715020757,3.51929824561555,14.3244951010999,0
1715020767,3.46525099911802,14.3241048700831,0
1715020777,3.47509991263407,14.3237121375854,0
1715020787,3.47509991263407,14.3237121375854,0
1715020797,3.442105263159,14.3233219065687,0
1715020807,3.47509991263343,14.3234269687655,0
1715020817,3.47509991263343,14.3234269687655,0
1715020827,3.44702963869756,14.3233244080496,0
1715020837,3.46491228069857,14.3177736219842,0
1715020847,3.46491228069857,14.3177736219842,0
1715020857,3.43333333333457,14.3178811856619,0
1715020867,3.45964912280787,14.3187391936026,0
1715020877,3.45964912280787,14.3187391936026,0
1715020887,3.44352085445869,14.3194396082481,0
1715020897,3.36666666666708,14.320172542145,0
1715020907,3.36666666666708,14.320172542145,0
1715020917,3.40350877193073,14.3304686374334,0
1715020927,3.50701754385739,14.3412800377824,0
1715020937,3.50701754385739,14.3412800377824,0
1715020947,3.49298245614034,14.3520514144373,0
1715020957,3.51754385965092,14.363640775339,0
1715020967,3.51754385965092,14.363640775339,0
1715020977,3.48279479721352,14.3751175696012,0
1715020987,3.50175438596221,14.3854561900645,0
1715020997,3.50175438596221,14.3854561900645,0
1715021007,3.45614035087861,14.3960824808287,0
1715021017,3.44035087719182,14.4071490322271,0
1715021027,3.44035087719182,14.4071490322271,0
1715021037,3.40701754385999,14.4185332716968,0
1715021047,3.44210526315837,14.4320112506604,0
1715021057,3.44210526315837,14.4320112506604,0
1715021067,3.40384770579649,14.4453391407713,0
1715021077,3.42071375688847,14.4583218265213,0
1715021087,3.42071375688847,14.4583218265213,0
1715021097,3.38454952789717,14.4712544826537,0
1715021107,3.38245614035133,14.4851502089237,0
1715021117,3.38245614035133,14.4851502089237,0
1715021127,3.33859649122787,14.4987382530458,0
1715021137,3.35789473683818,14.511473292189,0
1715021147,3.35789473683818,14.511473292189,0
1715021157,3.30911119609733,14.5240682484031,0
1715021167,3.31612871533873,14.5366356883275,0
1715021177,3.31612871533873,14.5366356883275,0
1715021187,3.26281846602691,14.5497759673727,0
1715021197,3.20877192982154,14.563278961145,0
1715021207,3.20877192982154,14.563278961145,0
1715021217,3.11403508772122,14.5733924483294,0
1715021227,3.24912280701571,14.5892568400493,0
1715021237,3.24912280701571,14.5892568400493,0
1715021247,3.22105263158034,14.60309753374,0
1715021257,3.23859649122601,14.617641143557,0
1715021267,3.23859649122601,14.617641143557,0
1715021277,3.21403508772053,14.6322372844724,0
1715021287,3.26140350877388,14.6455476642172,0
1715021297,3.26140350877388,14.6455476642172,0
1715021307,3.34035087719314,14.6582676944751,0
1715021317,3.38070175438605,14.6656820837936,0
1715021327,3.38070175438605,14.6656820837936,0
1715021337,3.35964912280856,14.6729288738933,0
1715021347,3.3824561403494,14.6815915021693,0
1715021357,3.3824561403494,14.6815915021693,0
1715021367,3.34770755190171,14.6902766437731,0
1715021377,3.36666666666454,14.6994820933993,0
1715021387,3.36666666666454,14.6994820933993,0
1715021397,3.34595317209471,14.7115592430719,0
1715021407,3.37368421052944,14.7233162031923,0
1715021417,3.37368421052944,14.7233162031923,0
1715021427,3.32456140350763,14.7351457062581,0
1715021437,3.36491228070054,14.7474429862479,0
1715021447,3.36491228070054,14.7474429862479,0
1715021457,3.34385964912369,14.7559305108624,0
1715021467,3.37226886923478,14.7641478755423,0
1715021477,3.37226886923478,14.7641478755423,0
1715021487,3.34210526315969,14.7725103261131,0
1715021497,3.36842105262725,14.781335550646,0
1715021507,3.36842105262725,14.781335550646,0
1715021517,3.22456140351152,14.791436530426,0
1715021527,3.25614035087424,14.8013398932168,0
1715021537,3.25614035087424,14.8013398932168,0
1715021547,3.51720532352733,14.8110206242095,0
1715021557,3.54702998957976,14.8199058842835,0
1715021567,3.54702998957976,14.8199058842835,0
1715021577,3.5140350877191,14.8281957919088,0
1715021587,3.4561403508767,14.838314282055,0
1715021597,3.4561403508767,14.838314282055,0
1715021607,3.41754385964842,14.8483127011191,0
1715021617,3.43508771929409,14.857868358068,0
1715021627,3.43508771929409,14.857868358068,0
1715021637,3.39473684210502,14.8670663032515,0
1715021647,3.42597693325348,14.8736101772249,0
1715021657,3.42597693325348,14.8736101772249,0
1715021667,3.40141544356223,14.8801965763732,0
1715021677,3.43157894737058,14.8866754118438,0
1715021687,3.43157894737058,14.8866754118438,0
1715021697,3.4175438596465,14.8926689600243,0
1715021707,3.46491228070496,14.8925013608056,0
1715021717,3.46491228070496,14.8925013608056,0
1715021727,3.42105263158087,14.8926589541008,0
1715021737,3.44385964912108,14.8975018210781,0
1715021747,3.44385964912108,14.8975018210781,0
1715021757,3.40526315789536,14.9009238469174,0
1715021767,3.43508771929665,14.900443562589,0
1715021777,3.43508771929665,14.900443562589,0
1715021787,3.39122807017703,14.8994879968942,0
1715021797,3.4280701754394,14.9013415942238,0
1715021807,3.4280701754394,14.9013415942238,0
1715021817,3.37719298245934,14.9032827433841,0
1715021827,3.14244511422763,14.8990827569921,0
1715021837,3.14244511422763,14.8990827569921,0
1715021847,3.21929824561443,14.8953205297536,0
1715021857,3.24912280701571,14.8921786697725,0
1715021867,3.24912280701571,14.8921786697725,0
1715021877,3.20526315789547,14.8889917831356,0
1715021887,3.23157894737068,14.8853796447497,0
1715021897,3.23157894737068,14.8853796447497,0
1715021907,3.19473684210831,14.8808419584394,0
1715021917,3.23157894736876,14.8814648271777,0
1715021927,3.23157894736876,14.8814648271777,0
1715021937,3.20033964793006,14.8820626811072,0
1715021947,3.23893600373571,14.8810946080079,0
1715021957,3.23893600373571,14.8810946080079,0
1715021967,3.19824561403119,14.8801115260234,0
1715021977,3.22280701754625,14.8787707322735,0
1715021987,3.22280701754625,14.8787707322735,0
1715021997,3.18737960484234,14.8745282207066,0
1715022007,3.22105263158225,14.8698279381394,0
1715022017,3.22105263158225,14.8698279381394,0
1715022027,3.1789473684196,14.8649000208123,0
1715022037,3.21403508771543,14.8657955509662,0
1715022047,3.21403508771543,14.8657955509662,0
1715022057,3.17192982456172,14.86486500008,0
1715022067,3.22948501573561,14.8635817403903,0
1715022077,3.22948501573561,14.8635817403903,0
1715022087,3.18421052631223,14.8620833533452,0
1715022097,3.23299379997703,14.8604248715239,0
1715022107,3.23299379997703,14.8604248715239,0
1715022117,3.17894736842216,14.8585687727135,0
1715022127,3.09332247956978,14.8563574636185,0
1715022137,3.09332247956978,14.8563574636185,0
1715022147,3.15438596491477,14.8312526015401,0
1715022157,3.18421052631414,14.8067555993148,0
1715022167,3.18421052631414,14.8067555993148,0
1715022177,3.16140350877138,14.7827363799369,0
1715022187,3.220713055133,14.7607383571074,0
1715022197,3.220713055133,14.7607383571074,0
1715022207,3.18771929824404,14.7390505179066,0
1715022217,3.21228070175399,14.7174327201703,0
1715022227,3.21228070175399,14.7174327201703,0
1715022237,3.17192982456363,14.6993420104702,0
1715022247,3.20316913392971,14.6816740510382,0
1715022257,3.20316913392971,14.6816740510382,0
1715022267,3.14912280701513,14.6639935842018,0
1715022277,3.17051519117343,14.6462881025567,0
1715022287,3.17051519117343,14.6462881025567,0
1715022297,3.14385964911996,14.628127351392,0
1715022307,3.19824561403885,14.6153622944783,0
1715022317,3.19824561403885,14.6153622944783,0
1715022327,3.16666666666719,14.6031000352208,0
1715022337,3.19649122806975,14.5860849622977,0
1715022347,3.19649122806975,14.5860849622977,0
1715022357,3.15614035088131,14.5704857275507,0
1715022367,3.21754385965235,14.558938891824,0
1715022377,3.21754385965235,14.558938891824,0
1715022387,3.18455022964729,14.548167515169,0
1715022397,3.24385964912565,14.5359727958952,0
1715022407,3.24385964912565,14.5359727958952,0
1715022417,3.20701754385627,14.5239256639931,0
1715022427,3.17017543859326,14.5119660839217,0
1715022437,3.17017543859326,14.5119660839217,0
1715022447,3.13859649122734,14.5028081624321,0
1715022457,3.24702893694273,14.4927822270784,0
1715022467,3.24702893694273,14.4927822270784,0
1715022477,3.19332212869504,14.4828638554024,0
1715022487,3.23157894736812,14.4729204689176,0
1715022497,3.23157894736812,14.4729204689176,0
1715022507,3.21228070175526,14.4631271712854,0
1715022517,3.23684210526265,14.4552349991195,0
1715022527,3.23684210526265,14.4552349991195,0
1715022537,3.20209402774089,14.4473878536094,0
1715022547,3.26140350877452,14.4404662560236,0
1715022557,3.26140350877452,14.4404662560236,0
1715022567,3.22773062361585,14.4335796791701,0
1715022577,3.26491228070059,14.4268281822839,0
1715022587,3.26491228070059,14.4268281822839,0
1715022597,3.21754385964916,14.4201217120535,0
1715022607,3.25438596491471,14.4137729535885,0
1715022617,3.25438596491471,14.4137729535885,0
1715022627,3.22773062361968,14.4075842898996,0
1715022637,3.25998856143948,14.4005876478875,0
1715022647,3.25998856143948,14.4005876478875,0
1715022657,3.21754385964724,14.3934434185037,0
1715022667,3.26491228070442,14.3847657813425,0
1715022677,3.26491228070442,14.3847657813425,0
1715022687,3.20316913392588,14.3761932063782,0
1715022697,3.24001136846243,14.3690664873605,0
1715022707,3.24001136846243,14.3690664873605,0
1715022717,3.18421052631478,14.3619922994413,0
1715022727,3.23123940785728,14.3549856515057,0
1715022737,3.23123940785728,14.3549856515057,0
1715022747,3.13016445556589,14.3711402150073,0
1715022757,3.24527454481979,14.3785921265389,0
1715022767,3.24527454481979,14.3785921265389,0
1715022777,3.25614035088126,14.3814638265853,0
1715022787,3.33333333333653,14.3761907048973,0
1715022797,3.33333333333653,14.3761907048973,0
1715022807,3.31754385964847,14.3692666058306,0
1715022817,3.37894736842078,14.3644787714327,0
1715022827,3.37894736842078,14.3644787714327,0
1715022837,3.3522924641842,14.3579649152298,0
1715022847,3.40735646541496,14.3511758961305,0
1715022857,3.40735646541496,14.3511758961305,0
1715022867,3.38947368421367,14.3443993844356,0
1715022877,3.43825767809496,14.3407772401262,0
1715022887,3.43825767809496,14.3407772401262,0
1715022897,3.42246814901142,14.3380055993148,0
1715022907,3.47894736842009,14.3350738637273,0
1715022917,3.47894736842009,14.3350738637273,0
1715022927,3.46666666667086,14.3317669060084,0
1715022937,3.47894736842201,14.3286250460273,0
1715022947,3.47894736842201,14.3286250460273,0
1715022957,3.47894736841882,14.3254756816035,0
1715022967,3.49332107606509,14.3223663408738,0
1715022977,3.49332107606509,14.3223663408738,0
1715022987,3.50911049434978,14.3185440780942,0
1715022997,3.50843336292856,14.3125705417607,0
1715023007,3.50843336292856,14.3125705417607,0
1715023017,3.51403508772166,14.3064569224981,0
1715023027,3.53684210526187,14.3002132262299,0
1715023037,3.53684210526187,14.3002132262299,0
1715023047,3.4775316577887,14.2907451211117,0
1715023057,3.45229281506257,14.2816197188736,0
1715023067,3.45229281506257,14.2816197188736,0
1715023077,3.58245614034994,14.2771245577382,0
1715023087,3.58421052631266,14.2726869306629,0
1715023097,3.58421052631266,14.2726869306629,0
1715023107,3.58771929824256,14.2686620479324,0
1715023117,3.57543859648886,14.2621306813634,0
1715023127,3.57543859648886,14.2621306813634,0
1715023137,3.58738100835583,14.2554167066904,0
1715023147,3.58771929824128,14.2477846885356,0
1715023157,3.58771929824128,14.2477846885356,0
1715023167,3.59156634537953,14.2406004354578,0
1715023177,3.5754385964895,14.2334662119975,0
1715023187,3.5754385964895,14.2334662119975,0
1715023197,3.54946122996115,14.2260243063894,0
1715023207,3.52105263157699,14.2187199822295,0
1715023217,3.52105263157699,14.2187199822295,0
1715023227,3.52246849989043,14.2114957054576,0
1715023237,3.49088944171505,14.2044665441942,0
1715023247,3.49088944171505,14.2044665441942,0
1715023257,3.50175438596477,14.1975649584554,0
1715023267,3.4733455205124,14.1919566383299,0
1715023277,3.4733455205124,14.1919566383299,0
1715023287,3.50735611453895,14.1863483182044,0
1715023297,3.4775316577836,14.1791465547604,0
1715023307,3.4775316577836,14.1791465547604,0
1715023317,3.49649122807151,14.1719723076061,0
1715023327,3.46842105262975,14.1647680426813,0
1715023337,3.46842105262975,14.1647680426813,0
1715023347,3.50384735492111,14.1574036829803,0
1715023357,3.29439752420228,14.1577363799369,0
1715023367,3.29439752420228,14.1577363799369,0
1715023377,3.37509956175761,14.1567082712966,0
1715023387,3.39439787508321,14.1629994957015,0
1715023397,3.39439787508321,14.1629994957015,0
1715023407,3.44068968179387,14.1709767182172,0
1715023417,3.40560208560349,14.1784886652898,0
1715023427,3.40560208560349,14.1784886652898,0
1715023437,3.44561403508891,14.1842895994429,0
1715023447,3.41052631579244,14.1902656372573,0
1715023457,3.41052631579244,14.1902656372573,0
1715023467,3.46174223949828,14.1962641883995,0
1715023477,3.43333333333138,14.1991508973312,0
1715023487,3.43333333333138,14.1991508973312,0
1715023497,3.47368421052683,14.2033383763188,0
1715023507,3.47226851835303,14.2073832708964,0
1715023517,3.47226851835303,14.2073832708964,0
1715023527,3.50911049435105,14.2114506788019,0
1715023537,3.50877192982649,14.2153654963738,0
1715023547,3.50877192982649,14.2153654963738,0
1715023557,3.53893495110129,14.2193053287546,0
1715023567,3.5052631578934,14.2231000752446,0
1715023577,3.5052631578934,14.2231000752446,0
1715023587,3.54210526315576,14.2268748098874,0
1715023597,3.48596491227606,14.2307446008037,0
1715023607,3.48596491227606,14.2307446008037,0
1715023617,3.50175438596158,14.2347669820534,0
1715023627,3.45789473684133,14.2388143781119,0
1715023637,3.45789473684133,14.2388143781119,0
1715023647,3.5140350877191,14.2429868482141,0
1715023657,3.43191778274037,14.2463463370315,0
1715023667,3.43191778274037,14.2463463370315,0
1715023677,3.40911084522387,14.2450355610521,0
1715023687,3.58387222411313,14.2505538278661,0
1715023697,3.58387222411313,14.2505538278661,0
1715023707,3.59298245614283,14.2553041400509,0
1715023717,3.56666666667018,14.2606673150505,0
1715023727,3.56666666667018,14.2606673150505,0
1715023737,3.6087719298226,14.2662130981541,0
1715023747,3.58562661623543,14.2717788931047,0
1715023757,3.58562661623543,14.2717788931047,0
1715023767,3.64912280701806,14.2768694066888,0
1715023777,3.61403508771905,14.2817898195732,0
1715023787,3.61403508771905,14.2817898195732,0
1715023797,3.63333333333319,14.2870154131246,0
1715023807,3.5859649122824,14.2921059267086,0
1715023817,3.5859649122824,14.2921059267086,0
1715023827,3.59649122806699,14.2972039447353,0
1715023837,3.56491228070682,14.3021268591006,0
1715023847,3.56491228070682,14.3021268591006,0
1715023857,3.60701754385798,14.3069972423675,0
1715023867,3.57510026351052,14.3119952011591,0
1715023877,3.57510026351052,14.3119952011591,0
1715023887,3.62422324288983,14.316988156989,0
1715023897,3.60350877192999,14.321976109857,0
1715023907,3.60350877192999,14.321976109857,0
1715023917,3.64035087719363,14.326946552359,0
1715023927,3.58596491227793,14.3318969830139,0
1715023937,3.58596491227793,14.3318969830139,0
1715023947,3.62631578947339,14.3372226358004,0
1715023957,3.57543859649397,14.3428634751773,0
1715023967,3.57543859649397,14.3428634751773,0
1715023977,3.40560208560668,14.3550757048173,0
1715023987,3.48070175438472,14.3700770856347,0
1715023997,3.48070175438472,14.3700770856347,0
1715024007,3.517543859649,14.3845906776812,0
1715024017,3.47017543860013,14.3973757464419,0
1715024027,3.47017543860013,14.3973757464419,0
1715024037,3.49824561403423,14.4101708211261,0
1715024047,3.44210526315773,14.4229633943294,0
1715024057,3.44210526315773,14.4229633943294,0
1715024067,3.48211748111181,14.4358510238061,0
1715024077,3.46842105263294,14.4488387125178,0
1715024087,3.46842105263294,14.4488387125178,0
1715024097,3.51403508771974,14.4635199037831,0
1715024107,3.5017543859686,14.4782361157806,0
1715024117,3.5017543859686,14.4782361157806,0
1715024127,3.53508771929532,14.4943906792821,0
1715024137,3.51578947368565,14.510540239822,0
1715024147,3.51578947368565,14.510540239822,0
1715024157,3.54736842105157,14.5258793205578,0
1715024167,3.51788239339689,14.5411908850039,0
1715024177,3.51788239339689,14.5411908850039,0
1715024187,3.54912280702259,14.5565199598162,0
1715024197,3.52807017543871,14.5717464739126,0
1715024207,3.52807017543871,14.5717464739126,0
1715024217,3.56140350877436,14.5868379080416,0
1715024227,3.55789473684383,14.6020869354658,0
1715024237,3.55789473684383,14.6020869354658,0
1715024247,3.61228070175315,14.6170307822231,0
1715024257,3.57894736842068,14.6278396810912,0
1715024267,3.57894736842068,14.6278396810912,0
1715024277,3.52597728413185,14.6386335710741,0
1715024287,3.47894736841754,14.6432387973681,0
1715024297,3.47894736841754,14.6432387973681,0
1715024307,3.69824561403413,14.6392814546211,0
1715024317,3.78981126382178,14.6351189904423,0
1715024327,3.78981126382178,14.6351189904423,0
1715024337,3.85614035087968,14.6311016121544,0
1715024347,3.85823207638023,14.6270592190577,0
1715024357,3.85823207638023,14.6270592190577,0
1715024367,3.90526315789638,14.6240174183117,0
1715024377,3.90701754385846,14.6208405375983,0
1715024387,3.90701754385846,14.6208405375983,0
1715024397,3.96106653005768,14.6172283992123,0
1715024407,3.93508771929958,14.6134561660503,0
1715024417,3.93508771929958,14.6134561660503,0
1715024427,3.97894736842367,14.6100241342875,0
1715024437,3.97577552359526,14.605571498327,0
1715024447,3.97577552359526,14.605571498327,0
1715024457,4.05263157894585,14.6027273145702,0
1715024467,4.06315789473299,14.6001858099995,0
1715024477,4.06315789473299,14.6001858099995,0
1715024487,4.11754385964998,14.597396658822,0
1715024497,4.11612590832935,14.5951428245521,0
1715024507,4.11612590832935,14.5951428245521,0
1715024517,4.12773378151993,14.5924812488993,0
1715024527,4.12071621303964,14.5899947769079,0
1715024537,4.12071621303964,14.5899947769079,0
1715024547,4.18596491227635,14.5873332012551,0
1715024557,4.17368421052584,14.5846466107936,0
1715024567,4.17368421052584,14.5846466107936,0
1715024577,4.22456140350845,14.5767144149336,0
1715024587,4.05087719297994,14.5668585802795,0
1715024597,4.05087719297994,14.5668585802795,0
1715024607,3.9842105263182,14.5570877959752,0
1715024617,4.06106688093542,14.5442426916735,0
1715024627,4.06106688093542,14.5442426916735,0
1715024637,4.09824561403392,14.531817836159,0
1715024647,4.06983884153866,14.5194730280326,0
1715024657,4.06983884153866,14.5194730280326,0
1715024667,4.08421052631368,14.5089142772521,0
1715024677,4.06174013424475,14.4990409322319,0
1715024687,4.06174013424475,14.4990409322319,0
1715024697,4.09824561403201,14.4874140491171,0
1715024707,4.07192982455807,14.4765050910139,0
1715024717,4.07192982455807,14.4765050910139,0
1715024727,4.0982456140352,14.4642453332373,0
1715024737,4.04527735185251,14.4526259545651,0
1715024747,4.04527735185251,14.4526259545651,0
1715024757,4.0558037045736,14.4418295631013,0
1715024767,4.01052631578895,14.4312007708564,0
1715024777,4.01052631578895,14.4312007708564,0
1715024787,4.0350877192957,14.4144383475017,0
1715024797,4.01612625920791,14.4009528640956,0
1715024807,4.01612625920791,14.4009528640956,0
1715024817,4.04419633615435,14.3874673806894,0
1715024827,3.99264558823369,14.3741494965019,0
1715024837,3.99264558823369,14.3741494965019,0
1715024847,4.04068757653397,14.3610117189376,0
1715024857,4.015452685802,14.3514535605078,0
1715024867,4.015452685802,14.3514535605078,0
1715024877,4.05087719298377,14.3449897339225,0
1715024887,4.04385964912014,14.3380156052383,0
1715024897,4.04385964912014,14.3380156052383,0
1715024907,4.0424419563416,14.3389711709332,0
1715024917,4.11228070175864,14.3404270328034,0
1715024927,4.11228070175864,14.3404270328034,0
1715024937,4.17226606222158,14.3416627643565,0
1715024947,4.15614035087825,14.3421380457231,0
1715024957,4.15614035087825,14.3421380457231,0
1715024967,4.1649122806995,14.3419504346573,0
1715024977,4.12247060516003,14.3422105886685,0
1715024987,4.12247060516003,14.3422105886685,0
1715024997,4.11754385964742,14.3429085018331,0
1715025007,4.05054052821178,14.3437715127355,0
1715025017,4.05054052821178,14.3437715127355,0
1715025027,4.05823137462693,14.3428434633303,0
1715025037,4.012617499592,14.342951027008,0
1715025047,4.012617499592,14.342951027008,0
1715025057,4.02631578947255,14.3409173230552,0
1715025067,4.00350877193298,14.3390687286874,0
1715025077,4.00350877193298,14.3390687286874,0
1715025087,4.01403508772204,14.3380231096809,0
1715025097,3.98771929824364,14.3313066335271,0
1715025107,3.98771929824364,14.3313066335271,0
1715025117,3.99858246111112,14.330618726286,0
1715025127,3.93508771929831,14.3298007420393,0
1715025137,3.93508771929831,14.3298007420393,0
1715025147,3.93893354759852,14.3291103333173,0
1715025157,3.8908908452311,14.3282923490707,0
1715025167,3.8908908452311,14.3282923490707,0
1715025177,3.8807017543858,14.3313366512976,0
1715025187,3.80526315789707,14.3321771488722,0
1715025197,3.80526315789707,14.3321771488722,0
1715025207,3.71754385964826,14.3331252101244,0
1715025217,3.66842105263156,14.3376303771833,0
1715025227,3.66842105263156,14.3376303771833,0
1715025237,3.81754385965141,14.3518588004098,0
1715025247,3.79264488647248,14.3660121792101,0
1715025257,3.79264488647248,14.3660121792101,0
1715025267,3.84595141771592,14.3782794414293,0
1715025277,3.82982456140574,14.3897537342107,0
1715025287,3.82982456140574,14.3897537342107,0
1715025297,3.88103901389801,14.3999647791493,0
1715025307,3.87719298245461,14.4094203768631,0
1715025317,3.87719298245461,14.4094203768631,0
1715025327,3.9228070175395,14.4182556073195,0
1715025337,3.90668037431719,14.4264804764421,0
1715025347,3.90668037431719,14.4264804764421,0
1715025357,3.93333333333048,14.4349905143845,0
1715025367,3.91754385964497,14.4432078790644,0
1715025377,3.91754385964497,14.4432078790644,0
1715025387,3.89473684210476,14.4575663792965,0
1715025397,3.91754385964944,14.4686554440229,0
1715025407,3.91754385964944,14.4686554440229,0
1715025417,3.92456140350988,14.4797345028257,0
1715025427,3.95614035087963,14.490660971295,0
1715025437,3.95614035087963,14.490660971295,0
1715025447,3.96700362454878,14.5014223420265,0
1715025457,3.9771929824584,14.5129766821959,0
1715025467,3.9771929824584,14.5129766821959,0
1715025477,3.93508771929958,14.5213616460945,0
1715025487,3.92105263157742,14.529871684037,0
1715025497,3.92105263157742,14.529871684037,0
1715025507,3.89122807017805,14.5392497358436,0
1715025517,3.75438596491255,14.5473945575781,0
1715025527,3.75438596491255,14.5473945575781,0
1715025537,3.75647804744733,14.5556244296624,0
1715025547,3.88771929824688,14.565125054032,0
1715025557,3.88771929824688,14.565125054032,0
1715025567,3.89824561403594,14.5744680851064,0
1715025577,3.89824561403785,14.5832757992732,0
1715025587,3.89824561403785,14.5832757992732,0
1715025597,3.87159253190167,14.5922185934073,0
1715025607,3.87510131614564,14.6014415533996,0
1715025617,3.87510131614564,14.6014415533996,0
1715025627,3.87577587446936,14.612125378224,0
1715025637,3.86666666666747,14.622954288939,0
1715025647,3.86666666666747,14.622954288939,0
1715025657,3.85087719298323,14.6342559795399,0
1715025667,3.91929824561535,14.6450898932168,0
1715025677,3.91929824561535,14.6450898932168,0
1715025687,3.8912280701755,14.6553909914669,0
1715025697,3.92246990340265,14.6711453180283,0
1715025707,3.92246990340265,14.6711453180283,0
1715025717,3.87192982456008,14.6813438555625,0
1715025727,3.88738206098775,14.6916799745449,0
1715025737,3.88738206098775,14.6916799745449,0
1715025747,3.84210526315688,14.7018635031939,0
1715025757,3.88947368420895,14.7113991482958,0
1715025767,3.88947368420895,14.7113991482958,0
1715025777,3.85964912280575,14.7212549829499,0
1715025787,3.91228070175299,14.7303028392809,0
1715025797,3.91228070175299,14.7303028392809,0
1715025807,3.8631578947331,14.7391956037974,0
1715025817,3.91194355067646,14.747540544002,0
1715025827,3.91194355067646,14.747540544002,0
1715025837,3.78245614034857,14.7457519851752,0
1715025847,3.95087719298254,14.7454192882186,0
1715025857,3.95087719298254,14.7454192882186,0
1715025867,3.94527700097286,14.7449415053712,0
1715025877,4.02138939863337,14.7444937402942,0
1715025887,4.02138939863337,14.7444937402942,0
1715025897,3.98630180245257,14.7437558034356,0
1715025907,4.05580370457743,14.7431504450635,0
1715025917,4.05580370457743,14.7431504450635,0
1715025927,4.02807017544101,14.7429603325168,0
1715025937,4.0824561403516,14.742755211085,0
1715025947,4.0824561403516,14.742755211085,0
1715025957,4.02105263157738,14.7422774282375,0
1715025967,4.06808444942146,14.7419597401662,0
1715025977,4.06808444942146,14.7419597401662,0
1715025987,4.0634945140543,14.7414319277012,0
1715025997,4.17192982456185,14.736426464467,0
1715026007,4.17192982456185,14.736426464467,0
1715026017,4.12314342757074,14.7314385115988,0
1715026027,4.17894736841846,14.7280189872404,0
1715026037,4.17894736841846,14.7280189872404,0
1715026047,4.12982456140495,14.7247670621008,0
1715026057,4.19473684210525,14.7216602228519,0
1715026067,4.19473684210525,14.7216602228519,0
1715026077,4.17017543859786,14.7194264004291,0
1715026087,4.24035087719651,14.7169474328803,0
1715026097,4.24035087719651,14.7169474328803,0
1715026107,4.21437117764569,14.7144534564462,0
1715026117,4.25405001421314,14.7129175471879,0
1715026127,4.25405001421314,14.7129175471879,0
1715026137,4.09649122806737,14.7112815786946,0
1715026147,4.16700292279484,14.7091728303156,0
1715026157,4.16700292279484,14.7091728303156,0
1715026167,4.22982456140554,14.6935811000112,0
1715026177,4.26633075905142,14.6780719185758,0
1715026187,4.26633075905142,14.6780719185758,0
1715026197,4.20910803821768,14.6624426660583,0
1715026207,4.29966420934783,14.6470060275683,0
1715026217,4.29966420934783,14.6470060275683,0
1715026227,4.28245614035342,14.6318020267999,0
1715026237,4.31578947368524,14.616788138578,0
1715026247,4.31578947368524,14.616788138578,0
1715026257,4.25296753344753,14.6020819325041,0
1715026267,4.26315789473928,14.58766089525,0
1715026277,4.26315789473928,14.58766089525,0
1715026287,4.17685676089924,14.573257368362,0
1715026297,4.23508771929688,14.5599695019451,0
1715026307,4.23508771929688,14.5599695019451,0
1715026317,4.19649122806988,14.5471218961625,0
1715026327,4.23333333333225,14.5352323575557,0
1715026337,4.23333333333225,14.5352323575557,0
1715026347,4.17192982456376,14.5239957054576,0
1715026357,4.19264628998533,14.5137146190545,0
1715026367,4.19264628998533,14.5137146190545,0
1715026377,4.14561403508408,14.5037962473785,0
1715026387,4.16491228070204,14.4954513071738,0
1715026397,4.16491228070204,14.4954513071738,0
1715026407,4.07928393233515,14.4869537766358,0
1715026417,4.112280701758,14.4785237860814,0
1715026427,4.112280701758,14.4785237860814,0
1715026437,4.00526315789377,14.4700887925652,0
1715026447,3.92631578947196,14.4550548924964,0
1715026457,3.92631578947196,14.4550548924964,0
1715026467,4.12631578947696,14.4457969117718,0
1715026477,4.145614035086,14.4365264236428,0
1715026487,4.145614035086,14.4365264236428,0
1715026497,4.06875765348104,14.4275661191425,0
1715026507,4.10141789970893,14.418610817604,0
1715026517,4.10141789970893,14.418610817604,0
1715026527,4.08562837062667,14.4096480116229,0
1715026537,4.12982456139984,14.4006852056417,0
1715026547,4.12982456139984,14.4006852056417,0
1715026557,4.10877192982235,14.3917123937371,0
1715026567,4.121389047758,14.3827295759089,0
1715026577,4.121389047758,14.3827295759089,0
1715026587,4.07719298245707,14.373741755119,0
1715026597,4.10350877193165,14.3693716680275,0
1715026607,4.10350877193165,14.3693716680275,0
1715026617,4.07192982456254,14.3649040231817,0
1715026627,4.14736842105382,14.3590030297936,0
1715026637,4.14736842105382,14.3590030297936,0
1715026647,4.12665218718538,14.3531645734275,0
1715026657,4.17192982456376,14.347048452684,0
1715026667,4.17192982456376,14.347048452684,0
1715026677,4.14736842105254,14.3402269143333,0
1715026687,4.20701754385958,14.3336705329555,0
1715026697,4.20701754385958,14.3336705329555,0
1715026707,4.16140350876768,14.3285475001201,0
1715026717,4.2035087719316,14.3234319717273,0
1715026727,4.2035087719316,14.3234319717273,0
1715026737,4.16842105263258,14.3184140010886,0
1715026747,3.97226676397743,14.3136661903847,0
1715026757,3.97226676397743,14.3136661903847,0
1715026767,4.0631578947381,14.3271341634247,0
1715026777,4.11228070175544,14.3406221483118,0
1715026787,4.11228070175544,14.3406221483118,0
1715026797,4.08630145157464,14.3540951243136,0
1715026807,4.1245614035085,14.3670177745225,0
1715026817,4.1245614035085,14.3670177745225,0
1715026827,4.09649122807249,14.3796902766438,0
1715026837,4.12948817364224,14.3920350847702,0
1715026847,4.12948817364224,14.3920350847702,0
1715026857,4.09824561403456,14.4042398099675,0
1715026867,4.16666666666413,14.4161543633831,0
1715026877,4.16666666666413,14.4161543633831,0
1715026887,4.13157894737022,14.4280464034709,0
1715026897,4.18245614034772,14.4385251068633,0
1715026907,4.18245614034772,14.4385251068633,0
1715026917,4.12456140350659,14.4485335318508,0
1715026927,4.14210526315673,14.4574413052527,0
1715026937,4.14210526315673,14.4574413052527,0
1715026947,4.10877192982554,14.4654960736756,0
1715026957,4.12456140351233,14.4678174479292,0
1715026967,4.12456140351233,14.4678174479292,0
1715026977,4.7803676504141,14.4729354778029,0
1715026987,5.31370285510237,14.4890825368618,0
1715026997,5.31370285510237,14.4890825368618,0
1715027007,5.71929824561571,14.506300229736,0
1715027017,6.1680918178692,14.5231852256536,0
1715027027,6.1680918178692,14.5231852256536,0
1715027037,6.55614035087767,14.5397150112867,6952.97710359684
1715027047,6.86633988189423,14.5622833717561,9156.64096628197
1715027057,6.86633988189423,14.5622833717561,11394.4436365694
1715027067,7.25263157894868,14.5879735803596,13380.2690983863
1715027077,7.63651802287197,14.6141340673679,13379.8013614552
1715027087,7.63651802287197,14.6141340673679,13379.8013614552
1715027097,7.92137571447079,14.6404346373053,13329.6543711879
1715027107,8.30845020508919,14.6665851183901,13411.313940942
1715027117,8.30845020508919,14.6665851183901,13411.313940942
1715027127,8.57751376310821,14.6928981957319,13464.2889187977
1715027137,8.96315789473943,14.7192012671502,13586.1033762617
1715027147,8.96315789473943,14.7192012671502,13586.1033762617
1715027157,9.26666666666598,14.7500195115509,13673.8239927977
1715027167,9.69649122806771,14.7805400797272,13725.0049801899
1715027177,9.69649122806771,14.7805400797272,13725.0049801899
1715027187,10.1140350877196,14.8116735107183,13706.8218672946
1715027197,10.507017543857,14.8458112202424,13679.9626882246
1715027207,10.507017543857,14.8458112202424,13679.9626882246
1715027217,10.8137221534148,14.8808069377071,13688.0721772589
1715027227,11.1698637539082,14.915494973024,13749.7872731872
1715027237,11.1698637539082,14.915494973024,13749.7872731872
1715027247,11.4751279829014,14.9510910458992,13800.7359060844
1715027257,11.1564520826237,14.9874375630373,13832.5805880269
1715027267,11.1564520826237,14.9874375630373,13832.5805880269
1715027277,10.959961543991,15.0267108128012,13832.3146368329
1715027287,10.9105263157854,15.0655463034116,13868.7526578482
1715027297,10.9105263157854,15.0655463034116,13868.7526578482
1715027307,10.7968042217378,15.102618250004,13896.9395405903
1715027317,10.7052631578935,15.1141650857308,11151.7413987303
1715027327,10.7052631578935,15.1141650857308,8831.24170591849
1715027337,10.2792621780268,15.1257119214575,6455.71870553773
1715027347,9.87017543859686,15.1369710868834,0
1715027357,9.87017543859686,15.1369710868834,0
1715027367,9.45645804751651,15.1433973912556,0
1715027377,9.2824561403515,15.1517648447881,0
1715027387,9.2824561403515,15.1517648447881,0
1715027397,8.91260030666482,15.1600472479708,0
1715027407,8.62073200257025,15.1687223836511,0
1715027417,8.62073200257025,15.1687223836511,0
1715027427,8.21546742269366,15.1773299793478,0
1715027437,7.85087719298183,15.1859525839297,0
1715027447,7.85087719298183,15.1859525839297,0
1715027457,7.39649122807271,15.1945751885116,0
1715027467,6.94353313520558,15.2032002945744,0
1715027477,6.94353313520558,15.2032002945744,0
1715027487,6.53826855533282,15.211970486528,0
1715027497,6.22456140350615,15.2207356755199,0
1715027507,6.22456140350615,15.2207356755199,0
1715027517,5.83892688095938,15.2294858556265,0
1715027527,5.50559471721233,15.2382535460993,0
1715027537,5.50559471721233,15.2382535460993,0
1715027547,5.09649122807006,15.2472463698509,0
1715027557,4.76842105263292,15.2618174959576,0
1715027567,4.76842105263292,15.2618174959576,0
1715027577,4.38245614035273,15.2736119782912,0
1715027587,4.03684210526289,15.2731467028481,0
1715027597,4.03684210526289,15.2731467028481,0
1715027607,3.67543859649264,15.2717808942894,0
1715027617,3.68771929824443,15.2702850087252,0
1715027627,3.68771929824443,15.2702850087252,0
1715027637,3.64385964911906,15.2691468349263,0
1715027647,3.65614035087531,15.2483019947809,0
1715027657,3.65614035087531,15.2483019947809,0
1715027667,3.46140350876995,15.2199652194099,0
1715027677,3.5224684998917,15.1989252637562,0
1715027687,3.5224684998917,15.1989252637562,0
1715027697,3.5178823933937,15.1777402222116,0
1715027707,3.51788239339306,15.1565927028801,0
1715027717,3.51788239339306,15.1565927028801,0
1715027727,3.50877192982393,15.1353000976578,0
1715027737,3.52948606836881,15.114017498359,0
1715027747,3.52948606836881,15.114017498359,0
1715027757,3.52840867224782,15.0882272305205,0
1715027767,3.5213911530128,15.0628747218353,0
1715027777,3.5213911530128,15.0628747218353,0
1715027787,3.51261925397015,15.0369818932808,0
1715027797,3.5228070175429,15.0079472047452,0
1715027807,3.5228070175429,15.0079472047452,0
1715027817,3.52280701754609,14.9781520660231,0
1715027827,3.5207141077694,14.948762167203,0
1715027837,3.5207141077694,14.948762167203,0
1715027847,3.53333333333515,14.9185617885788,0
1715027857,3.52807017543998,14.8876134671726,0
1715027867,3.52807017543998,14.8876134671726,0
1715027877,3.52280701754545,14.8538359708948,0
1715027887,3.53474924473063,14.820363655284,0
1715027897,3.53474924473063,14.820363655284,0
1715027907,3.52982456140589,14.7880345164337,0
1715027917,3.52422289201082,14.7818483542257,0
1715027927,3.52422289201082,14.7818483542257,0
1715027937,3.51929824561109,14.7756646934986,0
1715027947,3.53333333333388,14.7694960416567,0
1715027957,3.53333333333388,14.7694960416567,0
1715027967,3.45121596064608,14.7633073779677,0
1715027977,3.41403508772234,14.7551625562333,0
1715027987,3.41403508772234,14.7551625562333,0
1715027997,3.58211783199529,14.7314385115989,0
1715028007,3.57543859649652,14.7083498431071,0
1715028017,3.57543859649652,14.7083498431071,0
1715028027,3.5863032059547,14.6857939900421,0
1715028037,3.5508771929853,14.6633932287914,0
1715028047,3.5508771929853,14.6633932287914,0
1715028057,3.56315789473325,14.6418629828859,0
1715028067,3.52456140350881,14.6203227310568,0
1715028077,3.52456140350881,14.6203227310568,0
1715028087,3.52807017543871,14.598634891856,0
1715028097,3.51754385964964,14.5780727190497,0
1715028107,3.51754385964964,14.5780727190497,0
1715028117,3.54736842105413,14.5575230536477,0
1715028127,3.50317018655972,14.5369633823223,0
1715028137,3.50317018655972,14.5369633823223,0
1715028147,3.53299485261088,14.5165563013304,0
1715028157,3.53157894736925,14.4961542233002,0
1715028167,3.53157894736925,14.4961542233002,0
1715028177,3.58070175438786,14.4764375510302,0
1715028187,3.57894736842132,14.4567108728367,0
1715028197,3.57894736842132,14.4567108728367,0
1715028207,3.61261890309222,14.4368816339273,0
1715028217,3.59649122807466,14.4175276763844,0
1715028227,3.59649122807466,14.4175276763844,0
1715028237,3.62105263157821,14.3983288106559,0
1715028247,3.61896006652355,14.3979385796392,0
1715028257,3.61896006652355,14.3979385796392,0
1715028267,3.65614035087595,14.3964577029602,0
1715028277,3.48805793663516,14.3898988201015,0
1715028287,3.48805793663516,14.3898988201015,0
1715028297,3.61578947368177,14.3860115188191,0
1715028307,3.61194249804708,14.3826595344444,0
1715028317,3.61194249804708,14.3826595344444,0
1715028327,3.66808304590285,14.3796027248131,0
1715028337,3.6719298245653,14.3765684285097,0
1715028347,3.6719298245653,14.3765684285097,0
1715028357,3.72982456139941,14.3747698637593,0
1715028367,3.71369724104138,14.3737967876983,0
1715028377,3.71369724104138,14.3737967876983,0
1715028387,3.76632900466083,14.3753527088036,0
1715028397,3.75472366763586,14.3772288194611,0
1715028407,3.75472366763586,14.3772288194611,0
1715028417,3.80735506191346,14.3800354810047,0
1715028427,3.82982456140447,14.382464418936,0
1715028437,3.82982456140447,14.382464418936,0
1715028447,3.89649122807003,14.3847357635721,0
1715028457,3.88947368420832,14.3870121111698,0
1715028467,3.88947368420832,14.3870121111698,0
1715028477,3.94385964912083,14.3890508180843,0
1715028487,3.9333333333324,14.3909419376271,0
1715028497,3.9333333333324,14.3909419376271,0
1715028507,3.97368421052467,14.3920450906937,0
1715028517,3.96315789473624,14.3925178705794,0
1715028527,3.96315789473624,14.3925178705794,0
1715028537,4.00175438596707,14.3931257304324,0
1715028547,3.97543859648993,14.3937360917663,0
1715028557,3.97543859648993,14.3937360917663,0
1715028567,4.04385964912524,14.3943214382915,0
1715028577,3.95614035087899,14.3949242951828,0
1715028587,3.95614035087899,14.3949242951828,0
1715028597,3.98596491227964,14.4111914253238,0
1715028607,4.0859649122815,14.4263954260923,0
1715028617,4.0859649122815,14.4263954260923,0
