time_unix,CPU usage [%],terraform-worker-2:9100_memory_percentage,terraform-worker-2:8080_network
1715002717,4.69440243650142,14.1500393232794,0
1715002727,4.63366795204168,14.1624341610233,0
1715002737,4.59615647774185,14.1754618734291,0
1715002747,4.59615647774185,14.1754618734291,47.3924202028256
1715002757,4.26140350877133,14.1880543281623,36.0009085402786
1715002767,4.21403508771787,14.1993660246866,0
1715002777,4.21403508771787,14.1993660246866,0
1715002787,4.16106723181466,14.2116482957911,0
1715002797,4.15964912280987,14.2238930446825,33.3115135646229
1715002807,4.15964912280987,14.2238930446825,43.3127644986642
1715002817,4.12982456140376,14.2415009685734,39.7190182984997
1715002827,4.06140350877335,14.2556493444119,39.7190182984997
1715002837,4.06140350877335,14.2556493444119,0
1715002847,4.00877192982252,14.2673037438164,37.8848977397274
1715002857,4.12105263158016,14.2757937699118,46.4338216657373
1715002867,4.12105263158016,14.2757937699118,35.3367795694777
1715002877,4.09014673580749,14.2876332789011,0
1715002887,4.08771929824601,14.3004433624706,0
1715002897,4.08771929824601,14.3004433624706,0
1715002907,4.09473684210546,14.3128707194659,0
1715002917,4.08947368421113,14.3233644317436,0
1715002927,4.08947368421113,14.3233644317436,0
1715002937,4.07894736842167,14.3341583217265,0
1715002947,4.07017543859547,14.3422731256904,0
1715002957,4.07017543859547,14.3422731256904,0
1715002967,4.0912280701742,14.35037542225,59.2536003198917
1715002977,4.08839236216271,14.3629628740214,61.0666666666667
1715002987,4.08839236216271,14.3629628740214,44.1229157577995
1715002997,4.06909425197056,14.3708725565535,61.4785731064801
1715003007,4.07159323366248,14.3892209187839,42.6627996465206
1715003017,4.07159323366248,14.3892209187839,1.42860058368538
1715003027,4.11929824561197,14.4042848366233,47.1585837548349
1715003037,4.07368421052853,14.4195013447961,35.6680731364276
1715003047,4.07368421052853,14.4195013447961,54.5399175541051
1715003057,4.10877192982785,14.4345727670781,45.8
1715003067,4.07685641002598,14.4388452964155,38.3761364112447
1715003077,4.07685641002598,14.4388452964155,0
1715003087,4.11929824561484,14.4432654131246,0
1715003097,4.20350877193263,14.434555256712,0
1715003107,4.20350877193263,14.434555256712,0
1715003117,4.20593539694238,14.4242966836367,41.4110161343892
1715003127,4.18771929824752,14.4088525407041,1.07740094022834
1715003137,4.18771929824752,14.4088525407041,1.7489926124916
1715003147,4.02105263157658,14.3888532010951,42.9783442902362
1715003157,4.13650574212645,14.3724885131998,54.3856975894814
1715003167,4.13650574212645,14.3724885131998,44.0744137914815
1715003177,4.10559962947156,14.3566316259225,47.2916583582586
1715003187,4.09156459100162,14.3398992203384,0
1715003197,4.09156459100162,14.3398992203384,0
1715003207,4.10526315789093,14.323984799001,0
1715003217,4.11754385964814,14.3082404783632,0
1715003227,4.11754385964814,14.3082404783632,0
1715003237,4.14419598527769,14.292321054064,33.1607718205843
1715003247,4.10701754386235,14.2765517186174,0
1715003257,4.10701754386235,14.2765517186174,0
1715003267,4.09757261454407,14.2606873268975,0
1715003277,4.10634460592649,14.2456784416374,0
1715003287,4.10634460592649,14.2456784416374,35.7728657345935
1715003297,4.09540985677271,14.2306595504539,51.5272543173764
1715003307,4.12280701754594,14.2171990818565,40.6665972886314
1715003317,4.12280701754594,14.2171990818565,1148.9489922668
1715003327,4.30701754386176,14.209256880073,5348.87946680486
1715003337,4.58421052631597,14.2051719618014,5245.75022461815
1715003347,4.58421052631597,14.2051719618014,7116.99806689688
1715003357,4.5655819959166,14.2026679794438,5877.60367919975
1715003367,4.53684210526136,14.2044265205001,5197.9276532237
1715003377,4.53684210526136,14.2044265205001,0
1715003387,4.4248967547446,14.205342062501,0
1715003397,4.44143467673398,14.2075283567872,0
1715003407,4.44143467673398,14.2075283567872,0
1715003417,4.38245614034945,14.2111505010966,0
1715003427,4.43333333333597,14.2143048684821,0
1715003437,4.43333333333597,14.2143048684821,0
1715003447,4.29264664086665,14.2191902606343,52.4920183577771
1715003457,4.41612485570386,14.2299291180379,41.8903392361852
1715003467,4.41612485570386,14.2299291180379,54.9192845459071
1715003477,4.46491228070484,14.2375661391544,40.4808202227329
1715003487,4.52489640387425,14.2446553359589,40.4808202227329
1715003497,4.52489640387425,14.2446553359589,0
1715003507,4.59298245614137,14.2521597785889,0
1715003517,4.98036835216981,14.2609274690617,0
1715003527,4.98036835216981,14.2609274690617,0
1715003537,5.88771929824378,14.2706157044971,0
1715003547,7.15679188216325,14.279520976418,0
1715003557,7.15679188216325,14.279520976418,33267.2016669828
1715003567,8.66491228070237,14.2892317251813,38658.9373906961
1715003577,9.20111720081941,14.2948525527112,48651.9419377405
1715003587,9.20111720081941,14.2948525527112,47668.7413402538
1715003597,9.68245614034866,14.3052462057538,31854.9128049596
1715003607,10.114035087717,14.3137987688712,31854.9128049596
1715003617,10.114035087717,14.3137987688712,23031.4034234155
1715003627,10.3543859649086,14.3231192866177,23261.5356966348
1715003637,10.9870946462772,14.3337630877479,23261.5356966348
1715003647,10.9870946462772,14.3337630877479,23513.0083127387
1715003657,11.5526315789454,14.3438165393913,23721.6754203999
1715003667,12.1803936154188,14.3548880937515,23721.6754203999
1715003677,12.1803936154188,14.3548880937515,24048.7464269349
1715003687,12.7701754385963,14.3654543489746,22347.5537646183
1715003697,12.9427161914687,14.3944565182588,22347.5537646183
1715003707,12.9427161914687,14.3944565182588,15735.4531157853
1715003717,12.9491228070143,14.4236337912044,6425.29207825529
1715003727,12.9350877192968,14.4528010582265,6040.41850545221
1715003737,12.9350877192968,14.4528010582265,0
1715003747,12.848817013392,14.4818307438004,39.1202220798633
1715003757,12.778641328564,14.511755959528,39.1202220798633
1715003767,12.778641328564,14.511755959528,35.0998199026708
1715003777,12.8751328952015,14.543197072667,0
1715003787,12.773684210523,14.5760190032499,0
1715003797,12.773684210523,14.5760190032499,0
1715003807,12.3964912280726,14.6088659486416,0
1715003817,11.4894736842115,14.6373177921329,0
1715003827,11.4894736842115,14.6373177921329,0
1715003837,10.2660369546447,14.6604389798761,33.5273233044179
1715003847,8.73157894736595,14.6850635576261,0
1715003857,8.73157894736595,14.6850635576261,0
1715003867,8.29649122807289,14.7129425619967,1135.18097175141
1715003877,7.92807017543837,14.7443436514417,1426.94314554748
1715003887,7.92807017543837,14.7443436514417,5229.85334057577
1715003897,7.80175438596369,14.7753745217168,11077.4687962366
1715003907,7.92280701754368,14.8041515577222,14138.7553194351
1715003917,7.92280701754368,14.8041515577222,23212.2142228441
1715003927,8.23684210526401,14.82845594592,29724.840363342
1715003937,8.15087719298303,14.8484027544306,29724.840363342
1715003947,8.15087719298303,14.8484027544306,29560.7594936709
1715003957,8.11754385964873,14.8667261018523,25800.3870365015
1715003967,8.06731180834042,14.8807193858764,25800.3870365015
1715003977,8.06731180834042,14.8807193858764,22976.1381475667
1715003987,8.52041066954653,14.8959884251477,23265.3579879064
1715003997,9.10350877193021,14.9093738493188,23265.3579879064
1715004007,9.10350877193021,14.9093738493188,23503.2770074457
1715004017,9.7157894736844,14.920730572499,23726.6885304024
1715004027,10.2736842105291,14.9313543617822,23726.6885304024
1715004037,10.2736842105291,14.9313543617822,24021.1261419536
1715004047,10.8666666666646,14.9416554600324,24265.0607744592
1715004057,11.256140350877,14.9483844435906,24265.0607744592
1715004067,11.256140350877,14.9483844435906,24604.8066140416
1715004077,12.0023719131828,14.9580776819877,24842.6493021561
1715004087,12.5736842105235,14.9668103517282,24842.6493021561
1715004097,12.5736842105235,14.9668103517282,25182.6489144345
1715004107,13.1912280701726,14.9827723012023,25378.1591894503
1715004117,13.7842105263164,14.9968606414998,25378.1591894503
1715004127,13.7842105263164,14.9968606414998,25566.9861138275
1715004137,14.438596491226,15.0090928829867,25652.932027776
1715004147,14.9385964912279,15.0218179162064,25652.932027776
1715004157,14.9385964912279,15.0218179162064,25808.3170747748
1715004167,15.3684210526332,15.0335048348622,25834.2102916258
1715004177,15.4456140350912,15.044038570834,25834.2102916258
1715004187,15.4456140350912,15.044038570834,25957.3640842115
1715004197,15.4105263157899,15.0539544410291,26033.7031002388
1715004207,15.1175438596448,15.0623894345453,26033.7031002388
1715004217,15.1175438596448,15.0623894345453,26214.29217958
1715004227,15.3251556129454,15.0693535573059,26413.4998788359
1715004237,15.3596491228067,15.0742039287258,26413.4998788359
1715004247,15.3596491228067,15.0742039287258,26631.0581768209
1715004257,15.5663704083168,15.0640654267326,26797.6398311639
1715004267,15.5999999999992,15.0568611618078,26797.639831164
1715004277,15.5999999999992,15.0568611618078,26919.7977370128
1715004287,15.7175438596494,15.0505824448073,27059.2976646915
1715004297,15.8210526315792,15.0449866320862,27059.2976646915
1715004307,15.8210526315792,15.0449866320862,27178.356624801
1715004317,15.9768981645524,15.0396234570866,27216.3535911602
1715004327,16.0754385964921,15.0413644877768,27216.3535911602
1715004337,16.0754385964921,15.0413644877768,27200.8136912396
1715004347,16.1859649122809,15.0426527504283,27261.8057846695
1715004357,16.0628633784678,15.0403213702512,27261.8057846695
1715004367,16.0628633784678,15.0403213702512,27327.1770125027
1715004377,16.2251492971984,15.0414520396075,27395.3303439288
1715004387,16.2894736842122,15.0400136881034,27395.3303439288
1715004397,16.2894736842122,15.0400136881034,27454.5821286896
1715004407,16.3543859649115,15.0376097649809,27544.1839596186
1715004417,16.3157894736873,15.0387929654355,27544.1839596186
1715004427,16.3157894736873,15.0387929654355,27578.8795592874
1715004437,16.4385964912275,15.0446614395722,27567.6917244609
1715004447,16.5157894736858,15.0482485631494,27567.6917244609
1715004457,16.5157894736858,15.0482485631494,27544.0137313034
1715004467,16.6719298245571,15.0488314081937,27584.9606786251
1715004477,16.7005845573036,15.0449015817364,27584.9606786251
1715004487,16.7005845573036,15.0449015817364,27589.69407014
1715004497,16.761403508773,15.0406340553608,27616.6890863784
1715004507,16.7467841879569,15.0376898123689,27616.6890863784
1715004517,16.7467841879569,15.0376898123689,27663.1650750341
1715004527,16.8421052631577,15.0337975081248,27807.6958314246
1715004537,16.7997080691513,15.0362864815971,27807.6958314246
1715004547,16.7997080691513,15.0362864815971,27897.7061937294
1715004557,16.8719298245601,15.0388254846869,27974.4914644516
1715004567,16.8385964912286,15.0412394137329,27974.4914644516
1715004577,16.8385964912286,15.0412394137329,28030.6782316979
1715004587,16.8561403508776,15.041644653635,28136.8409562275
1715004597,16.8263157894763,15.0420323831708,28136.8409562275
1715004607,16.8263157894763,15.0420323831708,28261.4695340502
1715004617,16.885964912282,15.0423775875318,28376.1648626513
1715004627,16.9701754385985,15.0427428037398,28376.1648626513
1715004637,16.9701754385985,15.0427428037398,28565.7402458578
1715004647,17.0733932399749,15.0428253526087,28780.1040197461
1715004657,17.029242310473,15.0427653170677,28780.1040197461
1715004667,17.029242310473,15.0427653170677,28963.305429001
1715004677,17.076020519153,15.0391681875671,29057.2470414532
1715004687,17.2140350877189,15.0383502033204,29057.2470414532
1715004697,17.2140350877189,15.0383502033204,29084.0061386535
1715004707,17.3280701754395,15.0292373084866,29177.4511289589
1715004717,17.3508771929837,15.0265006884075,29177.4511289589
1715004727,17.3508771929837,15.0265006884075,29245.6112746971
1715004737,17.3859649122773,15.0237040327874,29310.5916462807
1715004747,17.3842105263189,15.0270209964299,29310.5916462807
1715004757,17.3842105263189,15.0270209964299,29366.275699059
1715004767,17.4508771929827,15.0298276579735,29424.1525238864
1715004777,17.491228070175,15.0325317588012,29424.1525238864
1715004787,17.491228070175,15.0325317588012,29514.2256171814
1715004797,17.5754385964943,15.0350632574484,29602.9830508475
1715004807,17.5912280701746,15.0374821894561,29602.9830508475
1715004817,17.5912280701746,15.0374821894561,29800.825985043
1715004827,17.6298245614052,15.0398811096169,29982.037658671
1715004837,17.6090610208422,15.0422425075645,29982.037658671
1715004847,17.6090610208422,15.0422425075645,30188.8343010272
1715004857,17.6561403508787,15.0601406032371,30301.5511251742
1715004867,17.6476573766437,15.07338844596,30301.5511251742
1715004877,17.6476573766437,15.07338844596,30443.8035230954
1715004887,17.6701754385918,15.0854530882282,30625.8590590679
1715004897,17.6631578947356,15.0962845004243,30625.8590590679
1715004907,17.6631578947356,15.0962845004243,30899.570700892
1715004917,17.7739727229011,15.1059552254935,31163.5473150254
1715004927,17.8421052631585,15.108236576053,31163.5473150254
1715004937,17.8421052631585,15.108236576053,31424.2117760873
1715004947,18.0280701754404,15.1169767502361,31773.8947556828
1715004957,18.1383092572257,15.1256518859165,31773.8947556828
1715004967,18.1383092572257,15.1256518859165,32026.2123793299
1715004977,18.2052631578932,15.1298618782319,32152.798274492
1715004987,18.3774793772637,15.1374213534413,32152.798274492
1715004997,18.3774793772637,15.1374213534413,32137.2752802777
1715005007,18.4421052631571,15.1447682027761,32161.1661288528
1715005017,18.5248472812405,15.1519649632582,32161.1661288528
1715005027,18.5248472812405,15.1519649632582,32180.344164881
1715005037,18.6403508771934,15.1590791748715,32265.4708116978
1715005047,18.7257454438279,15.1661108376159,32265.4708116978
1715005057,18.7257454438279,15.1661108376159,32322.9020979021
1715005067,18.861403508776,15.1720868754303,32497.582321409
1715005077,18.9263157894731,15.1773524926756,32497.582321409
1715005087,18.9263157894731,15.1773524926756,32617.8533380682
1715005097,19.0672346158991,15.1832159638506,32788.9663749833
1715005107,19.1508771929824,15.1885291092327,32788.9663749833
1715005117,19.1508771929824,15.1885291092327,32923.6864616631
1715005127,19.3558573889692,15.200408641916,33151.7623070201
1715005137,19.5105263157862,15.1896897963594,33151.7623070201
1715005147,19.5105263157862,15.1896897963594,33324.1995005856
1715005157,19.6856831076604,15.1845367457535,33497.1035401176
1715005167,19.8233696605666,15.1792586211037,33497.1035401176
1715005177,19.8233696605666,15.1792586211037,33677.9106272126
1715005187,19.9912280701769,15.1752212309687,33992.2527215655
1715005197,20.0035087719305,15.1712839000688,33992.2527215655
1715005207,20.0035087719305,15.1712839000688,34180.549261307
1715005217,20.0964912280685,15.1672490114148,34371.6334799471
1715005227,20.0456140350839,15.1658056569489,34371.6334799471
1715005237,20.0456140350839,15.1658056569489,34479.4195429579
1715005247,20.0348071396737,15.1653278741015,34660.0497360499
1715005257,19.9719298245622,15.1647650409042,34660.0497360499
1715005267,19.9719298245622,15.1647650409042,34813.5844646229
1715005277,19.8663854960889,15.1637444367065,34974.7297149721
1715005287,20.0178244988616,15.1647650409042,34974.7297149721
1715005297,20.0178244988616,15.1647650409042,35112.7682240146
1715005307,20.0599296142832,15.1720743680259,35172.0089285714
1715005317,20.0599296142798,15.1728248122889,35172.0089285714
1715005327,20.0599296142798,15.1728248122889,35261.0592184895
1715005337,20.1426656655053,15.1735552447049,35213.7354863341
1715005347,20.1631578947359,15.169292721291,35213.7354863341
1715005357,20.1631578947359,15.169292721291,35238.6470404009
1715005367,20.1982456140346,15.1659432383971,35241.9440982731
1715005377,20.2292647667691,15.1634142412308,35241.9440982731
1715005387,20.2292647667691,15.1634142412308,35423.3829201102
1715005397,20.3491228070156,15.1606876270752,35680.9359095816
1715005407,20.3543859649156,15.1602723812497,35680.9359095816
1715005417,20.3543859649156,15.1602723812497,36017.9528462098
1715005427,20.391228070179,15.1597120495333,36461.1016215976
1715005437,20.3561403508746,15.1589541008277,36461.1016215976
1715005447,20.3561403508746,15.1589541008277,36708.4767923295
1715005457,20.3959326030376,15.1574231945312,36856.3566318107
1715005467,20.3578947368448,15.16221353041,36856.3566318107
1715005477,20.3578947368448,15.16221353041,36888.0049663164
1715005487,20.3997207007763,15.1670338840594,37008.1642695775
1715005497,20.3807017543865,15.1717441725502,37008.1642695775
1715005507,20.3807017543865,15.1717441725502,37099.0334906721
1715005517,20.4859649122803,15.1829883290908,37242.269485207
1715005527,20.5333333333368,15.1935996109697,37242.269485207
1715005537,20.5333333333368,15.1935996109697,37369.2504545761
1715005547,20.5350877192962,15.197466900405,36650.9959449222
1715005557,20.6403508771958,15.2011515817364,36650.9959449222
1715005567,20.6403508771958,15.2011515817364,36873.4624502393
1715005577,20.67543859649,15.2030101820278,37101.8686766718
1715005587,20.771373834201,15.2018595008245,37101.8686766718
1715005597,20.771373834201,15.2018595008245,38270.3711743
1715005607,21.0178209901029,15.199010314106,38566.9273792812
1715005617,21.0380423722229,15.1968240198197,38566.9273792811
1715005627,21.0380423722229,15.1968240198197,38735.3131196115
1715005637,21.1192982456152,15.201424243152,38785.0279777961
1715005647,21.2175438596471,15.2057918287626,38785.0279777961
1715005657,21.2175438596471,15.2057918287626,38685.4854944416
1715005667,21.3333333333358,15.2100368418103,38670.752912537
1715005677,21.3631578947353,15.2141642852569,38670.7529125369
1715005687,21.3631578947353,15.2141642852569,38667.3887534976
1715005697,21.4157894736811,15.2174637385332,38714.9997748458
1715005707,21.3929824561393,15.2198151305573,38714.9997748458
1715005717,21.3929824561393,15.2198151305573,38743.5366423943
1715005727,21.475438596492,15.215217408706,38817.3553719008
1715005737,21.6070175438595,15.2266316659462,38817.3553719008
1715005747,21.6070175438595,15.2266316659462,38812.64088781
1715005757,21.7122807017539,15.2320798912956,38739.2004233831
1715005767,21.8719298245597,15.2389314474169,38739.2004233831
1715005777,21.8719298245597,15.2389314474169,38604.6301524562
1715005787,21.947368421053,15.2529022181131,38504.5189439473
1715005797,21.9614035087726,15.2657423194531,38504.5189439473
1715005807,21.9614035087726,15.2657423194531,38432.0557491289
1715005817,22.0125543419124,15.2784998719242,38400.1751888755
1715005827,22.1526315789508,15.2740047107888,38400.1751888755
1715005837,22.1526315789508,15.2740047107888,38412.7743450048
1715005847,22.1686941449324,15.2689717312649,38410.4899497487
1715005857,22.1997270165862,15.2703550501897,38410.4899497487
1715005867,22.1997270165862,15.2703550501897,38383.0619181978
1715005877,22.1807017543863,15.2716758320926,38267.6571582467
1715005887,22.0538389743094,15.2695570777901,38267.6571582467
1715005897,22.0538389743094,15.2695570777901,38219.4718379774
1715005907,22.1824561403529,15.2658573875734,38199.9733841991
1715005917,22.1982456140319,15.2630006964123,38199.9733841991
1715005927,22.1982456140319,15.2630006964123,38179.3504604944
1715005937,22.126315789477,15.2599864119559,38072.0300384368
1715005947,22.0649122807015,15.2620001040616,38072.0300384368
1715005957,22.0649122807015,15.2620001040616,37904.0212187282
1715005967,21.9649122807052,15.2629556697565,37837.5775493292
1715005977,21.9596491228094,15.2629306549477,37837.5775493292
1715005987,21.9596491228094,15.2629306549477,37832.6914464846
1715005997,21.9596491228093,15.2629081416198,37883.3457433606
1715006007,21.9912280701739,15.2604742007268,37883.3457433606
1715006017,21.9912280701739,15.2604742007268,37935.9897229175
1715006027,21.8684210526294,15.2580277524294,38088.5758520683
1715006037,21.8689693405636,15.2557514048317,38088.5758520683
1715006047,21.8689693405636,15.2557514048317,38164.9392622311
1715006057,21.7140350877179,15.2539453356387,38237.4372692503
1715006067,21.7333333333335,15.2499004410611,38237.4372692503
1715006077,21.7333333333335,15.2499004410611,38237.1108677677
1715006087,21.6578947368424,15.2456654339369,38313.8600529905
1715006097,21.6616783800764,15.2482094399885,38313.8600529905
1715006107,21.6616783800764,15.2482094399885,38276.9410601088
1715006117,21.5912280701743,15.2442245809519,38127.9379257455
1715006127,21.590952950709,15.2403097633799,38127.9379257455
1715006137,21.590952950709,15.2403097633799,37894.7227788911
1715006147,21.5035087719272,15.2363048924963,37720.0482826731
1715006157,21.5228070175426,15.2323300393833,37720.0482826731
1715006167,21.5228070175426,15.2323300393833,37576.7010355594
1715006177,21.4491228070176,15.2282926492483,37446.7063229786
1715006187,21.3596491228069,15.225278364792,37446.7063229786
1715006197,21.3596491228069,15.225278364792,37357.1738089265
1715006207,21.3140350877199,15.2302162880425,37346.6937367651
1715006217,21.5409014673554,15.2280950322591,37346.6937367651
1715006227,21.5409014673554,15.2280950322591,37310.3417164768
1715006237,21.4824561403508,15.219132226278,37266.6946846867
1715006247,21.5526315789433,15.2108373156909,37266.6946846867
1715006257,21.5526315789433,15.2108373156909,37246.2478184991
1715006267,21.5438596491209,15.2106547075869,37217.3542409763
1715006277,21.6125557454174,15.2104996157725,37217.3542409763
1715006287,21.6125557454174,15.2104996157725,37218.7296964266
1715006297,21.5999999999992,15.2104620935594,37188.9388489209
1715006307,21.6368421052614,15.2104821054064,37188.9388489209
1715006317,21.6368421052614,15.2104821054064,37197.5228307941
1715006327,21.5906778293189,15.2105496453901,37245.0791706762
1715006337,21.6210526315794,15.210632194259,37245.0791706762
1715006347,21.6210526315794,15.210632194259,37203.683737646
1715006357,21.5631578947349,15.2112250452268,37127.5369360217
1715006367,21.6070175438635,15.2142318252405,37127.5369360217
1715006377,21.6070175438635,15.2142318252405,36951.7428621475
1715006387,21.5626074568933,15.2086960480605,36786.6339668915
1715006397,21.5807017543876,15.2040257832637,36786.6339668915
1715006407,21.5807017543876,15.2040257832637,36629.4058846538
1715006417,21.5070175438627,15.1993104918111,36448.6826494751
1715006427,21.4859649122838,15.2156401589741,36448.6826494751
1715006437,21.4859649122838,15.2156401589741,36391.1726333945
1715006447,21.3894736842121,15.2323025230937,36283.7065534035
1715006457,23.4385964912256,15.2399245353249,36283.7065534035
1715006467,23.4385964912256,15.2399245353249,36218.2754759239
1715006477,26.8280701754407,15.2308791804748,36072.0034460087
1715006487,27.035087719298,15.2185944078895,36072.0034460087
1715006497,27.035087719298,15.2185944078895,36084.5503801645
1715006507,26.8082583035687,15.2017244208571,36117.9480393454
1715006517,27.0596491228057,15.1865629452636,36117.9480393454
1715006527,27.0596491228057,15.1865629452636,36097.3532641581
1715006537,27.0070175438605,15.172984907065,35990.3612266703
1715006547,26.9473684210524,15.1537785368938,35990.3612266703
1715006557,26.9473684210524,15.1537785368938,35792.0581457188
1715006567,26.9786911533005,15.1376990178185,35697.1041877225
1715006577,27.0719298245613,15.1236431967725,35697.1041877225
1715006587,27.0719298245613,15.1236431967725,35515.9677990092
1715006597,26.9789473684212,15.1112708723564,35349.9864118127
1715006607,26.9929824561421,15.0997140307062,35349.9864118127
1715006617,26.9929824561421,15.0997140307062,35184.9132467987
1715006627,26.9228070175434,15.0880496253782,35013.8565617455
1715006637,26.9142915288013,15.0785890247026,35013.8565617455
1715006647,26.9142915288013,15.0785890247026,34826.7179576849
1715006657,26.822807017542,15.0706468229192,34612.599469496
1715006667,26.831578947369,15.0598454284937,34612.599469496
1715006677,26.831578947369,15.0598454284937,34449.1404498199
1715006687,26.7649122806991,15.048723844516,34345.260658096
1715006697,26.7824561403485,15.0318188367514,34345.260658096
1715006707,26.7824561403485,15.0318188367514,34271.9967768651
1715006717,26.7017543859658,15.0149413452764,34343.3901826682
1715006727,26.7350877192986,14.9991244816932,34343.3901826682
1715006737,26.7350877192986,14.9991244816932,34456.78904683
1715006747,24.6877192982487,14.9837028520884,34688.2160574848
1715006757,21.2912280701722,14.9760408161632,34688.2160574848
1715006767,21.2912280701722,14.9760408161632,34795.2630380323
1715006777,21.0385964912267,14.968336255063,34792.2546912732
1715006787,21.0228070175407,14.9595710660711,34792.2546912732
1715006797,21.0228070175407,14.9595710660711,34677.2128060264
1715006807,20.7105263157886,14.9443720682644,34629.6705918071
1715006817,20.7807017543855,14.9358520243985,34629.6705918071
1715006827,20.7807017543855,14.9358520243985,34676.135738037
1715006837,20.7403508771954,14.9267266221603,34753.6427415003
1715006847,20.6315789473672,14.9183666730704,34753.6427415003
1715006857,20.6315789473672,14.9183666730704,34898.3583026823
1715006867,20.48947368421,14.8979720994829,35068.38373867
1715006877,20.5719298245627,14.8787532219074,35068.38373867
1715006887,20.5719298245627,14.8787532219074,35200.7865117751
1715006897,20.5614035087687,14.8635091974449,35225.9958630813
1715006907,20.5596491228087,14.8496509933881,35225.9958630813
1715006917,20.5596491228087,14.8496509933881,35096.1038961039
1715006927,20.5558615995178,14.8348797488113,35032.161092814
1715006937,20.6175438596506,14.8271276595745,35032.161092814
1715006947,20.6175438596506,14.8271276595745,34933.9179028191
1715006957,20.557894736843,14.8195806917696,34889.7243107769
1715006967,20.5789473684214,14.8102376606951,34889.7243107769
1715006977,20.5789473684214,14.8102376606951,34731.6555028072
1715006987,20.5473684210531,14.8008871251781,34534.2673312984
1715006997,20.5353665425723,14.7916566607432,34534.2673312984
1715007007,20.5353665425723,14.7916566607432,34255.6606093118
1715007017,20.4684210526319,14.7865336279077,33945.0882510251
1715007027,20.3877192982421,14.7749442670061,33945.0882510251
1715007037,20.3877192982421,14.7749442670061,33638.3104772353
1715007047,20.2192982456156,14.7624343611418,33356.5078236131
1715007057,20.2055431384464,14.7527286153403,33356.5078236131
1715007067,20.2055431384464,14.7527286153403,32993.0073054668
1715007077,20.170175438597,14.7631072594976,32647.3513995762
1715007087,20.1877192982443,14.7750968573395,32647.3513995762
1715007097,20.1877192982443,14.7750968573395,32277.0657932338
1715007107,20.0087719298283,14.792186974689,31879.5986622074
1715007117,19.9929824561391,14.8061602468661,31879.5986622074
1715007127,19.9929824561391,14.8061602468661,31483.1713462923
1715007137,19.9596491228101,14.8103652362198,30995.0301504208
1715007147,19.8666666666701,14.8198683620703,30995.0301504208
1715007157,19.8666666666701,14.8198683620703,30649.7609104875
1715007167,19.6666666666658,14.8263396930983,30229.4691319889
1715007177,19.5982456140343,14.8306597505723,30229.4691319889
1715007187,19.5982456140343,14.8306597505723,29876.3952322602
1715007197,19.4333333333309,14.8335739757937,29520.5198358413
1715007207,19.3023206854691,14.8329160863231,29520.5198358413
1715007217,19.3023206854691,14.8329160863231,29202.0501392758
1715007227,19.0859649122802,14.835249967981,28901.1568180803
1715007237,18.9774772720075,14.8369409690537,28901.1568180803
1715007247,18.9774772720075,14.8369409690537,28681.8151822441
1715007257,18.8017543859662,14.838131673951,28577.0684212866
1715007267,18.7075880169243,14.8394924795479,28577.0684212866
1715007277,18.7075880169243,14.8394924795479,28568.7044802472
1715007287,18.5751528952746,14.8432797215952,28583.9036530086
1715007297,18.505263157894,14.8529429422218,28583.9036530086
1715007307,18.505263157894,14.8529429422218,28592.2687116014
1715007317,18.3666666666676,14.8622684629301,28535.3714735304
1715007327,18.3055498050871,14.8706084001729,28535.3714735304
1715007337,18.3055498050871,14.8706084001729,28547.5904297539
1715007347,18.0769055330025,14.8787357115412,28625.0633748485
1715007357,17.9353756653518,14.8792034884652,28625.0633748485
1715007367,17.9353756653518,14.8792034884652,28648.9653342766
1715007377,17.7877192982447,14.881114619855,28706.6590879279
1715007387,17.7210526315792,14.884033848038,28706.6590879279
1715007397,17.7210526315792,14.884033848038,28760.5770289616
1715007407,17.6087719298252,14.8878986359925,28950.7677695108
1715007417,17.4637370965778,14.8931367369483,28950.7677695108
1715007427,17.4637370965778,14.8931367369483,29009.9876557064
1715007437,17.46140350877,14.8957958111202,29011.0147012543
1715007447,17.4684210526325,14.8999957975121,29011.0147012543
1715007457,17.4684210526325,14.8999957975121,29020.4942998869
1715007467,17.3000000000036,14.9088810575861,28996.643780025
1715007477,17.3423952898453,14.916915814162,28996.643780025
1715007487,17.3423952898453,14.916915814162,29033.9747310148
1715007497,17.3029284415998,14.9244527760434,29010.4951560818
1715007507,17.3631578947374,14.9348614379713,29010.4951560818
1715007517,17.3631578947374,14.9348614379713,29100.0421557099
1715007527,17.3418152344389,14.9447297800298,29182.1615212331
1715007537,17.429824561401,14.9476415037702,29182.1615212331
1715007547,17.429824561401,14.9476415037702,29231.1323876547
1715007557,17.3941571519817,14.9505006964123,29246.2245567958
1715007567,17.5315789473658,14.9519440508781,29246.2245567958
1715007577,17.5315789473658,14.9519440508781,29198.7606923958
1715007587,17.5491228070142,14.9540102740823,29242.0649233544
1715007597,17.6652011747317,14.9565742919809,29242.0649233544
1715007607,17.6652011747317,14.9565742919809,29259.1781302024
1715007617,17.7347990694732,14.9551609552856,29295.7465277778
1715007627,17.8245614035074,14.9536025326994,29295.7465277778
1715007637,17.8245614035074,14.9536025326994,29297.3259200424
1715007647,17.8646240863979,14.9542203984759,29373.7855502561
1715007657,17.8929824561429,14.95811270272,29373.7855502561
1715007667,17.8929824561429,14.95811270272,29435.2741920718
1715007677,17.9263157894741,14.9590782743384,29505.7292591935
1715007687,17.9526315789458,14.9605491450939,29505.7292591935
1715007697,17.9526315789458,14.9605491450939,29541.2542738888
1715007707,18.0310037263461,14.9582878063814,29651.9694551102
1715007717,17.9581826028678,14.9575698813698,29651.9694551102
1715007727,17.9581826028678,14.9575698813698,29638.6526780784
1715007737,18.0894736842086,14.9634558658726,29595.2777222999
1715007747,18.1140350877198,14.9631656940909,29595.2777222999
1715007757,18.1140350877198,14.9631656940909,29413.165202349
1715007767,18.1108136462637,14.9668853961545,29355.1397614495
1715007777,18.1087719298286,14.9704149856715,29355.1397614495
1715007787,18.1087719298286,14.9704149856715,29248.4198344165
1715007797,18.1286447112642,14.9754579711189,29208.8648312887
1715007807,18.1438596491231,14.9848235155212,29208.8648312887
1715007817,18.1438596491231,14.9848235155212,29097.7595825085
1715007827,18.1496971951085,14.991745113107,29069.930376144
1715007837,18.154385964913,14.9984690937035,29069.930376144
1715007847,18.154385964913,14.9984690937035,29019.2417771124
1715007857,18.0789473684213,14.9988468173158,29067.7268147369
1715007867,18.0228070175486,14.9982714767142,29067.7268147369
1715007877,18.0228070175486,14.9982714767142,29157.3966120294
1715007887,17.9663788294034,14.9981489041513,29356.2821958391
1715007897,17.937130045155,14.9935887045131,29356.2821958391
1715007907,17.937130045155,14.9935887045131,29430.2683974893
1715007917,17.931866905734,14.9934161023326,29428.6959173892
1715007927,17.87192982456,14.9933610697533,29428.6959173892
1715007937,17.87192982456,14.9933610697533,29338.4776179146
1715007947,17.8491228070151,14.9950520708259,29294.0997830803
1715007957,17.7543859649097,14.9967705881882,29294.0997830803
1715007967,17.7543859649097,14.9967705881882,29227.2077736496
1715007977,17.7245614035116,14.9972883947297,29191.1406423034
1715007987,17.5999999999965,14.9975010206042,29191.1406423034
1715007997,17.5999999999965,14.9975010206042,29111.8583676651
1715008007,17.578658170729,14.9970357451611,29098.0427406126
1715008017,17.3543859649129,14.9949319997438,29098.0427406126
1715008027,17.3543859649129,14.9949319997438,28992.734879327
1715008037,17.3263157894734,14.9975735635496,28926.9280986898
1715008047,17.3888939571542,14.9952797055857,28926.9280986898
1715008057,17.3888939571542,14.9952797055857,28834.7124027031
1715008067,17.4649122806978,14.9939314073932,28791.6241062308
1715008077,17.4397715071653,14.9938263451964,28791.6241062308
1715008087,17.4397715071653,14.9938263451964,28654.7423335744
1715008097,17.477192982456,14.9956149040232,28426.1086462265
1715008107,17.4169643295749,14.9958500432256,28426.1086462265
1715008117,17.4169643295749,14.9958500432256,28113.8439280224
1715008127,17.4157894736853,14.9925505899492,27805.8239605573
1715008137,17.3543859649131,14.9951546315419,27805.8239605573
1715008147,17.3543859649131,14.9951546315419,27597.2087788407
1715008157,17.3423952898386,14.9974685013528,27457.0965301049
1715008167,17.3195883523194,14.9992870779501,27457.0965301049
1715008177,17.3195883523194,14.9992870779501,27430.8845175967
1715008187,17.2596491228098,15.0008179842467,27445.9642801539
1715008197,17.2403508771913,15.0027766437731,27445.9642801539
1715008207,17.2403508771913,15.0027766437731,27465.5681641536
1715008217,17.3228070175442,15.0047653210701,27493.5242290749
1715008227,17.3684210526343,15.0079196884556,27493.5242290749
1715008237,17.3684210526343,15.0079196884556,27460.8378069172
1715008247,17.4982456140373,15.0107388574036,27507.7191960385
1715008257,17.5052631578955,15.0100234338729,27507.7191960385
1715008267,17.5052631578955,15.0100234338729,27630.6455957619
1715008277,17.6228070175448,15.0105862670701,27853.1618672392
1715008287,18.5251331569649,15.0141408713958,27853.1618672392
1715008297,18.5251331569649,15.0141408713958,28165.5025610324
1715008307,19.1707426614568,15.0198742655652,28535.3589916723
1715008317,19.5070175438574,15.0190212605863,28535.3589916723
1715008327,19.5070175438574,15.0190212605863,28844.1199684294
1715008337,19.856140350876,15.0213026111458,29135.287262813
1715008347,20.0403508771951,15.0287895434097,29135.287262813
1715008357,20.0403508771951,15.0287895434097,29318.8026480744
1715008367,20.6002785955142,15.0322440885004,29679.1624759989
1715008377,20.6736842105257,15.0342677865296,29679.1624759989
1715008387,20.6736842105257,15.0342677865296,29955.4857527485
1715008397,21.2669429230091,15.0373346020844,30090.8175931828
1715008407,21.4894736842102,15.0395709259882,30253.9148898523
1715008417,21.4894736842102,15.0395709259882,30476.8939146349
1715008427,22.0122807017522,15.0446114099547,30803.408614257
1715008437,22.3786750128947,15.0455844860157,30803.408614257
1715008447,22.3786750128947,15.0455844860157,31146.0067391159
1715008457,22.9453436678712,15.0597478707395,31594.5129347419
1715008467,23.31025722897,15.0715773738053,31594.5129347419
1715008477,23.31025722897,15.0715773738053,32135.0779038406
1715008487,23.8400836494175,15.082618910395,32572.7004294918
1715008497,24.3842105263153,15.0925823087267,32572.7004294918
1715008507,24.3842105263153,15.0925823087267,32959.7474702248
1715008517,24.8649122806991,15.1042792333061,33126.7026357686
1715008527,25.2614035087678,15.1204162864416,33126.7026357686
1715008537,25.2614035087678,15.1204162864416,33346.5329224852
1715008547,25.7912280701731,15.128561108176,33415.3965148551
1715008557,26.1000000000017,15.13470724669,33415.3965148551
1715008567,26.1000000000017,15.13470724669,33497.8748154445
1715008577,25.7646518057938,15.1399453476458,33486.8415113077
1715008587,25.410002877214,15.1533582881066,33486.8415113077
1715008597,25.410002877214,15.1533582881066,33567.6902536716
1715008607,25.6263157894752,15.158663929046,33664.4428416877
1715008617,25.5280701754378,15.16923268575,33664.4428416877
1715008627,25.5280701754378,15.16923268575,33691.3012414039
1715008637,25.9423651145083,15.1834711149,33680.5963013669
1715008647,25.7453534924682,15.1965463554424,33680.5963013669
1715008657,25.7453534924682,15.1965463554424,33638.1797007973
1715008667,26.2210526315794,15.2111424963579,33720.5791471705
1715008677,25.8576345881887,15.2236023726046,33720.5791471705
1715008687,25.8576345881887,15.2236023726046,33660.2359166575
1715008697,26.1807017543854,15.2343437314891,33657.6129537738
1715008707,25.9771929824602,15.2463058130413,33657.6129537738
1715008717,25.9771929824602,15.2463058130413,33525.0218899441
1715008727,26.033333333331,15.2608919480332,33549.5305269779
1715008737,25.8649122807052,15.2715707698958,33549.5305269779
1715008747,25.8649122807052,15.2715707698958,33472.6625394018
1715008757,25.9929824561415,15.2834227862895,33441.799892222
1715008767,25.9385964912267,15.2961428165474,33441.799892222
1715008777,25.9385964912267,15.2961428165474,33401.8165017692
1715008787,25.736842105267,15.3111316899604,33426.5039041021
1715008797,25.7300851575983,15.3188712717929,33426.5039041021
1715008807,25.7300851575983,15.3188712717929,33437.7826086956
1715008817,25.5298245614055,15.3175980180267,33344.6439573981
1715008827,25.3350877193,15.3237041328467,33344.6439573981
1715008837,25.3350877193,15.3237041328467,33287.2478212192
1715008847,25.3719298245622,15.3299603365192,33149.3270763237
1715008857,25.0558773890431,15.3386004514673,33149.3270763237
1715008867,25.0558773890431,15.3386004514673,33090.5685075267
1715008877,25.3929824561405,15.34996467909,32980.0809282153
1715008887,25.1128062259216,15.3583096192946,32980.0809282153
1715008897,25.1128062259216,15.3583096192946,32986.202277294
1715008907,25.2947368421077,15.3642356274915,33041.2315409397
1715008917,24.8242976291115,15.3752471463106,33041.2315409397
1715008927,24.8242976291115,15.3752471463106,32996.8132854578
1715008937,24.6105263157921,15.3851880313145,32924.7321349509
1715008947,24.119298245614,15.3898557946304,32924.7321349509
1715008957,24.119298245614,15.3898557946304,32790.1256493362
1715008967,24.1578947368429,15.3946086082961,32703.650790162
1715008977,23.7160571366401,15.4032937499,32703.650790162
1715008987,23.7160571366401,15.4032937499,32578.7555615176
1715008997,23.5964912280687,15.4107756792021,32528.9720877306
1715009007,23.3017543859653,15.4163389726718,32528.9720877306
1715009017,23.3017543859653,15.4163389726718,32515.3498414412
1715009027,23.0508771929793,15.4194908385764,32603.6668226069
1715009037,22.6178153760872,15.4259996918176,32603.6668226069
1715009047,22.6178153760872,15.4259996918176,32626.5757114158
1715009057,22.2789473684215,15.4297168924003,32718.0727128852
1715009067,22.0122807017511,15.4339569024863,32718.0727128852
1715009077,22.0122807017511,15.4339569024863,32747.0558001296
1715009087,21.5997249113142,15.4378041800746,32898.8789855738
1715009097,21.3701754385974,15.4425945159534,32898.8789855738
1715009107,21.3701754385974,15.4425945159534,32923.725739162
1715009117,21.1195750190322,15.4420316827562,32973.9796476639
1715009127,20.7280701754379,15.4368486143797,32973.9796476639
1715009137,20.7280701754379,15.4368486143797,32952.0868966436
1715009147,20.5456140350867,15.4399104269728,33046.9836701768
1715009157,20.0040701468743,15.44489587836,33046.9836701768
1715009167,20.0040701468743,15.44489587836,33036.0183658004
1715009177,19.8204899683482,15.4513522005027,32948.7690119269
1715009187,19.3233731693102,15.4481352960953,32948.7690119269
1715009197,19.3233731693102,15.4481352960953,32785.921673796
1715009207,19.2110932554907,15.4545841137954,32703.1543204361
1715009217,19.0280701754396,15.457350751645,32703.1543204361
1715009227,19.0280701754396,15.457350751645,32544.5684008138
1715009237,18.9824561403528,15.4562651089445,32366.4681424879
1715009247,18.7175438596487,15.4592718889583,32366.4681424879
1715009257,18.7175438596487,15.4592718889583,32183.7362054095
1715009267,18.8260309685292,15.4655130837456,32090.505373479
1715009277,18.735087719296,15.4724321798505,32090.505373479
1715009287,18.735087719296,15.4724321798505,31967.3065124025
1715009297,18.747368421057,15.475829190881,31813.1337518107
1715009307,18.6385964912276,15.4755565294655,31813.1337518107
1715009317,18.6385964912276,15.4755565294655,31667.7196885428
1715009327,18.6950221227282,15.4777228119046,31575.6156859214
1715009337,18.5894736842078,15.4777478267134,31575.6156859214
1715009347,18.5894736842078,15.4777478267134,31467.5009635222
1715009357,18.5298245614072,15.476559623297,31367.136275031
1715009367,18.4526315789476,15.4744508749179,31367.136275031
1715009377,18.4526315789476,15.4744508749179,31198.4963415453
1715009387,18.4298245614026,15.4643974232746,31161.4227394727
1715009397,18.3470819195852,15.4627889710709,31161.4227394727
1715009407,18.3470819195852,15.4627889710709,31125.1668818805
1715009417,18.3491228070171,15.4778503874294,31195.6100710136
1715009427,18.2614035087716,15.4854774026223,31195.6100710136
1715009437,18.2614035087716,15.4854774026223,31247.2811787406
1715009447,18.2432859177943,15.4914759537646,31392.9076719456
1715009457,18.1719298245633,15.4952556913693,31392.9076719456
1715009467,18.1719298245633,15.4952556913693,31544.6082579841
1715009477,18.1836363763972,15.494632822631,31721.8493165858
1715009487,18.0976708608461,15.4942550990186,31721.8493165858
1715009497,18.0976708608461,15.4942550990186,31909.0376478247
1715009507,18.1807017543854,15.4956359164626,32143.0099312452
1715009517,18.1491228070191,15.4778829066808,32143.0099312452
1715009527,18.1491228070191,15.4778829066808,32348.3382414808
1715009537,18.1877192982448,15.4609879048397,32492.5144300144
1715009547,18.002329808214,15.4441229207691,32492.5144300144
1715009557,18.002329808214,15.4441229207691,32558.4893938049
1715009567,17.9543859649149,15.4272504322559,32726.1907405351
1715009577,18.0368421052632,15.4074562140787,32726.1907405351
1715009587,18.0368421052632,15.4074562140787,32899.2551940415
1715009597,18.0842105263182,15.3943359468806,33136.7858275565
1715009607,18.041530116002,15.3792320053472,33136.7858275565
1715009617,18.041530116002,15.3792320053472,33326.7708679747
1715009627,18.1385964912307,15.3667946424283,33669.1084509559
1715009637,18.2596491228072,15.3540721106895,33669.1084509559
1715009647,18.2596491228072,15.3540721106895,33860.8396912506
1715009657,18.3526315789491,15.3347081472232,34037.0931944536
1715009667,18.4543859649122,15.3175454869283,34037.0931944536
1715009677,18.4543859649122,15.3175454869283,34117.0300100338
1715009687,18.5614035087744,15.2942316851576,34251.4363405114
1715009697,18.6192982456149,15.2727889910827,34251.4363405114
1715009707,18.6192982456149,15.2727889910827,34315.7433258728
1715009717,18.6894736842097,15.2530072803099,34193.9106507684
1715009727,18.8017543859656,15.2334331924499,34193.9106507684
1715009737,18.8017543859656,15.2334331924499,33988.925211822
1715009747,18.9438596491237,15.2118754302547,33852.3865774161
1715009757,19.0842105263127,15.1917510166018,33852.3865774161
1715009767,19.0842105263127,15.1917510166018,33767.4733235865
1715009777,19.2438596491216,15.1751061628484,33722.8092528723
1715009787,19.3035087719279,15.1563350503498,33722.8092528723
1715009797,19.3035087719279,15.1563350503498,33686.2866492725
1715009807,19.3912280701719,15.1383443998847,33703.5170325176
1715009817,19.4862474166787,15.1206013960265,33703.5170325176
1715009827,19.4862474166787,15.1206013960265,33702.7477477477
1715009837,19.6046989803413,15.1022380249108,33745.3486844985
1715009847,19.7491228070175,15.0830491651057,33745.3486844985
1715009857,19.7491228070175,15.0830491651057,33779.8484172983
1715009867,19.6877192982407,15.058967408706,33903.9605718853
1715009877,20.0075788941821,15.0423675816083,33903.9605718853
1715009887,20.0075788941821,15.0423675816083,33917.6620771405
1715009897,20.1912280701747,15.0237090357492,33925.0647128504
1715009907,20.2701754385974,15.0079296943791,33925.0647128504
1715009917,20.2701754385974,15.0079296943791,33856.713894882
1715009927,20.2438596491206,14.9925430855066,33913.5977966328
1715009937,20.2947368421052,14.97888499992,33913.5977966328
1715009947,20.2947368421052,14.97888499992,33932.280810679
1715009957,20.3140350877187,14.9662775363015,33971.355543804
1715009967,20.3421052631585,14.9540928229512,33971.355543804
1715009977,20.3421052631585,14.9540928229512,33982.5141462332
1715009987,20.3526315789479,14.9479591918416,34095.2571098984
1715009997,20.4423844126903,14.9448048244561,34095.2571098984
1715010007,20.4423844126903,14.9448048244561,34117.2046664401
1715010017,20.3701754386001,14.9342610825609,34055.3731917687
1715010027,20.3192982456105,14.922594175752,34055.3731917687
1715010037,20.3192982456105,14.922594175752,33879.3364864559
1715010047,20.1807017543886,14.9106245897571,33808.8251253446
1715010057,20.1228070175445,14.8997331420201,33808.8251253446
1715010067,20.1228070175445,14.8997331420201,33787.2163504672
1715010077,20.0298245614022,14.8902775443062,33756.1545372866
1715010087,19.9684210526352,14.8817499959976,33756.1545372866
1715010097,19.9684210526352,14.8817499959976,33752.4552670523
1715010107,19.8839294172927,14.8700405640139,33831.0315014742
1715010117,19.7932638832844,14.8779752613547,33831.0315014742
1715010127,19.7932638832844,14.8779752613547,33841.2642045455
1715010137,19.6877192982455,14.88732079391,33742.8514999232
1715010147,19.6280701754413,14.8977369602805,33742.8514999232
1715010157,19.6280701754413,14.8977369602805,33540.3494731226
1715010167,19.2748721043674,14.9081080999952,33415.6154262029
1715010177,19.1122807017556,14.9193272417271,33415.6154262029
1715010187,19.1122807017556,14.9193272417271,33359.1207216887
1715010197,19.0245614035085,14.925778560908,33386.3091967916
1715010207,18.9368421052649,14.9353292148952,33386.3091967916
1715010217,18.9368421052649,14.9353292148952,33531.6095032027
1715010227,18.778947368419,14.9414953652562,33631.9018404908
1715010237,18.7020396419685,14.9466784336327,33631.9018404908
1715010247,18.7020396419685,14.9466784336327,33690.1352338372
1715010257,18.6283556899766,14.9535725149288,33623.2080064917
1715010267,18.5912280701728,14.9597236564046,33623.2080064917
1715010277,18.5912280701728,14.9597236564046,33570.7036987582
1715010287,18.5032228183262,14.9731591101932,33546.2329153959
1715010297,18.5526315789436,14.9825021412676,33546.2329153959
1715010307,18.5526315789436,14.9825021412676,33524.4780498815
1715010317,18.5561403508782,14.9984415774138,33549.7667358646
1715010327,18.6105263157863,15.0134204449034,33549.7667358646
1715010337,18.6105263157863,15.0134204449034,33540.2000492291
1715010347,18.6020399928403,15.0283242679667,33647.8477370809
1715010357,18.6877192982478,15.0429754414613,33647.8477370809
1715010367,18.6877192982478,15.0429754414613,33685.5182153181
1715010377,18.7438596491201,15.0535391952035,33726.7657992565
1715010387,18.8315789473712,15.0700189512191,33726.7657992565
1715010397,18.8315789473712,15.0700189512191,33672.6380042463
1715010407,18.9470840248575,15.0846200950963,33718.8398689168
1715010417,19.0917958470455,15.0930901093447,33718.8398689168
1715010427,19.0917958470455,15.0930901093447,33709.1183119819
1715010437,19.2087719298236,15.1040365896611,33722.6168878008
1715010447,19.3754385964916,15.1149780670157,33722.6168878008
1715010457,19.3754385964916,15.1149780670157,33667.2146443329
1715010467,19.4403508771939,15.1244286617678,33729.4732720698
1715010477,19.4724949298567,15.1271577774042,33729.4732720698
1715010487,19.4724949298567,15.1271577774042,33776.9346474193
1715010497,19.5964912280681,15.1381142636441,33866.228364417
1715010507,19.9070175438592,15.1478200094456,33866.228364417
1715010517,19.9070175438592,15.1478200094456,33912.9314673711
1715010527,19.999719297261,15.1572881145638,34070.3558018952
1715010537,20.1663865487293,15.1643522965596,34070.3558018952
1715010547,20.1663865487293,15.1643522965596,34203.0175877154
1715010557,20.2809814702396,15.1707685950082,34370.5093952174
1715010567,20.5087719298216,15.1744707867057,34370.5093952174
1715010577,20.5087719298216,15.1744707867057,34528.3084631304
1715010587,20.5350877192981,15.1794262203224,34719.0268943198
1715010597,20.6421052631576,15.1796188343499,34719.0268943198
1715010607,20.6421052631576,15.1796188343499,34851.9531775575
1715010617,20.7438596491221,15.1812673102477,34998.3633387889
1715010627,20.914035087723,15.1829057802219,34998.3633387889
1715010637,20.914035087723,15.1829057802219,35134.3836049294
1715010647,20.9789473684217,15.1844792116933,35374.9563089829
1715010657,21.1175438596486,15.1827732017354,35374.9563089829
1715010667,21.1175438596486,15.1827732017354,35451.8294198739
1715010677,21.2070175438595,15.1876210716744,35455.3520695835
1715010687,21.2368421052618,15.1910355930711,35455.3520695835
1715010697,21.2368421052618,15.1910355930711,35331.7766361999
1715010707,21.222254191259,15.1949779269327,35291.7763598233
1715010717,21.266666666665,15.1990203200294,35291.7763598233
1715010727,21.266666666665,15.1990203200294,35250.259559522
1715010737,21.2666666666666,15.2030552086836,35225.2207604974
1715010747,21.2666666666666,15.2061370331236,35225.2207604974
1715010757,21.2666666666666,15.2061370331236,35201.3260735927
1715010767,21.2503245636807,15.2102244528761,35242.5842795529
1715010777,21.250877192982,15.2153850079247,35242.5842795529
1715010787,21.250877192982,15.2153850079247,35257.3434076988
1715010797,21.0614035087731,15.219882670541,35267.2255345856
1715010807,21.1754385964901,15.223980096217,35267.2255345856
1715010817,21.1754385964901,15.223980096217,35221.5021488505
1715010827,21.1157894736805,15.2323900749244,35283.7641463737
1715010837,21.1400741757033,15.2414829579111,35283.7641463737
1715010847,21.1400741757033,15.2414829579111,35240.2548890354
1715010857,20.9950140525823,15.2524519515553,35234.6852649816
1715010867,21.0403508771975,15.2632583489426,35234.6852649816
1715010877,21.0403508771975,15.2632583489426,35162.4025474909
1715010887,20.9333333333346,15.2716207995133,35131.7688711361
1715010897,20.8982456140365,15.2802759233466,35131.7688711361
1715010907,20.8982456140365,15.2802759233466,35121.3329288902
1715010917,20.7716518303556,15.280308442598,35141.8908110332
1715010927,20.8017543859642,15.2812464979268,35141.8908110332
1715010937,20.8017543859642,15.2812464979268,35227.0402991463
1715010947,20.6824561403543,15.2821295206762,35404.4386598748
1715010957,20.6669450282629,15.2821270191954,35404.4386598748
1715010967,20.6669450282629,15.2821270191954,35561.6365450715
1715010977,20.6017543859678,15.2820769895778,35761.9016887168
1715010987,20.6350877192981,15.2788725925748,35761.9016887168
1715010997,20.6350877192981,15.2788725925748,35940.2429293377
1715011007,20.5877192982482,15.2773166714695,36171.7370182446
1715011017,20.6192982456129,15.2816942630037,36171.7370182446
1715011027,20.6192982456129,15.2816942630037,36321.5964523282
1715011037,20.6368421052633,15.2828349382835,36396.3943813188
1715011047,20.7614035087748,15.2855390391112,36396.3943813188
1715011057,20.7614035087748,15.2855390391112,36368.37129738
1715011067,20.7421052631575,15.2912123977395,36420.2669597271
1715011077,20.8338888849935,15.2979313753742,36420.2669597271
1715011087,20.8338888849935,15.2979313753742,36314.9174961587
1715011097,20.684210526318,15.2991571010038,36144.6862996159
1715011107,20.7005564873248,15.2988344099707,36144.6862996159
1715011117,20.7005564873248,15.2988344099707,35878.8023743776
1715011127,20.7315789473649,15.2996924179114,35685.4911056167
1715011137,20.7383183800647,15.3010582264701,35685.4911056167
1715011147,20.7383183800647,15.3010582264701,35520.2828104286
1715011157,20.7192982456096,15.302053815859,35402.0420474095
1715011167,20.8263157894758,15.3049205129437,35402.0420474095
1715011177,20.8263157894758,15.3049205129437,35315.4582763338
1715011187,20.7631578947366,15.3079097825913,35304.2251598371
1715011197,20.7228070175466,15.3145412083954,35304.2251598371
1715011207,20.7228070175466,15.3145412083954,35299.8200679743
1715011217,20.6192982456151,15.3195541760722,35251.6807823278
1715011227,20.6578947368396,15.3252875702416,35251.6807823278
1715011237,20.6578947368396,15.3252875702416,35149.8259365489
1715011247,20.5628791679947,15.3316938627668,35083.6762084974
1715011257,20.5912280701746,15.3239467764917,35083.6762084974
1715011267,20.5912280701746,15.3239467764917,35046.1048581474
1715011277,20.4964912280676,15.3107889870803,35087.6033057851
1715011287,20.4877192982464,15.3000526311576,35087.6033057851
1715011297,20.4877192982464,15.3000526311576,35104.2955748654
1715011307,20.3701754385976,15.2888785160815,35236.327327191
1715011317,20.4052631578918,15.278664969662,35236.327327191
1715011327,20.4052631578918,15.278664969662,35240.9830108113
1715011337,20.3736842105246,15.2642139146375,35290.8976036825
1715011347,20.4263157894763,15.2533800009606,35290.8976036825
1715011357,20.4263157894763,15.2533800009606,35247.7149291297
1715011367,20.4099677892464,15.2448499511711,35296.6659207877
1715011377,20.5456140350843,15.2366050702016,35296.6659207877
1715011387,20.5456140350843,15.2366050702016,35239.8658403856
1715011397,20.536284465156,15.225886224645,35163.3490753409
1715011407,20.5526315789483,15.2165707098602,35163.3490753409
1715011417,20.5526315789483,15.2165707098602,35009.9638672944
1715011427,20.6982456140344,15.2084959295903,34953.4612625538
1715011437,20.7862428552923,15.2008914277252,34953.4612625538
1715011447,20.7862428552923,15.2008914277252,34950.4139628552
1715011457,20.7368421052611,15.189779849671,35054.0607368445
1715011467,20.8122807017533,15.1795412884427,35054.0607368445
1715011477,20.8122807017533,15.1795412884427,35178.536200434
1715011487,20.8666666666655,15.1693602612747,35351.6577060932
1715011497,20.9023094574758,15.1588215223412,35351.6577060932
1715011507,20.9023094574758,15.1588215223412,35448.366129068
1715011517,20.9233619413207,15.1534558458608,35510.3483998829
1715011527,20.9684210526317,15.1488481180859,35510.3483998829
1715011537,20.9684210526317,15.1488481180859,35476.8381362779
1715011547,21.0315789473702,15.1452059619295,35493.9248936029
1715011557,21.0964912280715,15.1412686310296,35493.9248936029
1715011567,21.0964912280715,15.1412686310296,35402.2825150732
1715011577,21.1473684210528,15.1390998471095,35294.260447373
1715011587,21.1900267366543,15.1371161727743,35294.260447373
1715011597,21.1900267366543,15.1371161727743,35111.7921385743
1715011607,21.1964912280698,15.1333239277653,35002.8691532662
1715011617,21.0877192982477,15.1278381802027,35002.8691532662
1715011627,21.0877192982477,15.1278381802027,34864.4818423384
1715011637,21.0403508771905,15.122394957815,34761.2265528474
1715011647,20.9596491228082,15.1155484046556,34761.2265528474
1715011657,20.9596491228082,15.1155484046556,34654.8580241314
1715011667,20.8596491228063,15.1066931623521,34636.69072787
1715011677,20.8564180476533,15.0962644885772,34636.69072787
1715011687,20.8564180476533,15.0962644885772,34605.6621732297
1715011697,20.7666666666694,15.086248559147,34488.8323627195
1715011707,20.5882765734971,15.0770731272914,34488.8323627195
1715011717,20.5882765734971,15.0770731272914,34328.9773355445
1715011727,20.4821771304458,15.0720776699806,34235.8511636217
1715011737,20.5739628983781,15.0717649848711,34235.8511636217
1715011747,20.5739628983781,15.0717649848711,34203.4336267683
1715011757,20.5093297590906,15.071502329379,34188.8465289476
1715011767,20.4651913502064,15.0730282327137,34188.8465289476
1715011777,20.4651913502064,15.0730282327137,34143.7805038913
1715011787,20.4225277983434,15.0726605150249,34180.6602834841
1715011797,20.3590902392312,15.0599905143845,34180.6602834841
1715011807,20.3590902392312,15.0599905143845,34164.9456945962
1715011817,20.3228070175461,15.0466901405632,34174.3220434342
1715011827,20.2035087719295,15.0289921633607,34174.3220434342
1715011837,20.2035087719295,15.0289921633607,34101.0660013609
1715011847,20.1157894736864,15.0118270015849,34159.6381475314
1715011857,19.9543859649129,15.0194865360293,34159.6381475314
1715011867,19.9543859649129,15.0194865360293,34165.4507671221
1715011877,19.9064554838958,15.0252149272369,34212.2601534149
1715011887,19.7684210526339,15.0283517842563,34212.2601534149
1715011897,19.7684210526339,15.0283517842563,34221.9834203255
1715011907,19.7473684210532,15.031826341194,34339.8710133404
1715011917,19.6175438596488,15.0344253798248,34339.8710133404
1715011927,19.6175438596488,15.0344253798248,34450.3921436437
1715011937,19.5789473684211,15.0386603869491,34537.6397740933
1715011947,19.4736842105267,15.0397260178025,34537.6397740933
1715011957,19.4736842105267,15.0397260178025,34554.4625131054
1715011967,19.4084891525956,15.0382776603749,34674.3998077637
1715011977,19.3268819166133,15.0356110817604,34674.3998077637
1715011987,19.3268819166133,15.0356110817604,34791.5755752289
1715011997,19.3152232647283,15.0327769039271,34886.1221706518
1715012007,19.2877192982428,15.0317437923251,34886.1221706518
1715012017,19.2877192982428,15.0317437923251,34904.4003293386
1715012027,19.208488450835,15.0244919992636,34994.8660211664
1715012037,19.211713766414,15.0191063109361,34994.8660211664
1715012047,19.211713766414,15.0191063109361,35077.9789587755
1715012057,19.3611205653345,15.0202344788114,35176.2449602267
1715012067,19.34533103625,15.0201394225381,35176.2449602267
1715012077,19.34533103625,15.0201394225381,35226.6937669377
1715012087,19.3684210526315,15.02048712838,35361.0560480972
1715012097,19.350877192983,15.0202369802923,35361.0560480972
1715012107,19.350877192983,15.0202369802923,35419.4095146476
1715012117,19.4052631578926,15.0148137697517,35427.8535534817
1715012127,19.3947368421016,15.0085075364616,35427.8535534817
1715012137,19.3947368421016,15.0085075364616,35331.4065510597
1715012147,19.4578947368424,15.0018360869635,35324.4649836958
1715012157,19.4531968196722,14.9951546315419,35324.4649836958
1715012167,19.4531968196722,14.9951546315419,35241.4792691497
1715012177,19.5122807017536,14.9893186766566,35142.0477006193
1715012187,19.5140350877167,14.9927707202664,35142.0477006193
1715012197,19.5140350877167,14.9927707202664,35026.950925181
1715012207,19.6087719298272,14.9911897843523,34975.6837549636
1715012217,19.599999999998,14.991317359877,34975.6837549636
1715012227,19.599999999998,14.991317359877,34893.826491442
1715012237,19.694736842105,14.9925630973536,34735.4712100263
1715012247,19.6999999999963,14.9944442109729,34735.4712100263
1715012257,19.6999999999963,14.9944442109729,34546.2365591398
1715012267,19.7821746743,14.9964929238109,34450.4598981888
1715012277,19.8143164409944,14.9993496149721,34450.4598981888
1715012287,19.8143164409944,14.9993496149721,34426.313951458
1715012297,19.8877192982489,15.0032694355058,34477.3747841105
1715012307,19.8268784078718,15.0061786577654,34477.3747841105
1715012317,19.8268784078718,15.0061786577654,34466.1204906531
1715012327,19.8578947368412,15.0052581128028,34535.5416903006
1715012337,19.711089746738,14.9999724837103,34535.5416903006
1715012347,19.711089746738,14.9999724837103,34582.9488919041
1715012357,19.8649122807017,14.9977311568448,34658.6039930133
1715012367,19.8771929824531,14.9975135280086,34658.6039930133
1715012377,19.8771929824531,14.9975135280086,34688.6480771772
1715012387,19.9350877192956,15.0002951747434,34760.5291636299
1715012397,19.9210526315817,15.0114868001857,34760.5291636299
1715012407,19.9210526315817,15.0114868001857,34873.7872582729
1715012417,20.035087719299,15.0223507316331,35013.3097109955
1715012427,20.0122807017518,15.0373546139314,35013.3097109955
1715012437,20.0122807017518,15.0373546139314,35136.2216846272
1715012447,20.083649709825,15.0475231336952,35338.679352135
1715012457,20.0614035087733,15.0530564093944,35338.679352135
1715012467,20.0614035087733,15.0530564093944,35460.3989991807
1715012477,20.1631578947385,15.0579092822951,35585.4553492485
1715012487,20.1473684210511,15.0627246329827,35585.4553492485
1715012497,20.1473684210511,15.0627246329827,35646.0527780871
1715012507,20.2245614035089,15.0671747674623,35804.9987737174
1715012517,20.1982456140375,15.0714322879144,35804.9987737174
1715012527,20.1982456140375,15.0714322879144,35900.6199977455
1715012537,20.3157894736844,15.0784689536206,36061.0548653787
1715012547,20.3137554868615,15.0850553527688,36061.0548653787
1715012557,20.3137554868615,15.0850553527688,36223.8209785271
1715012567,20.3874399559298,15.0975127275347,36358.2980404204
1715012577,20.3140350877172,15.1110257272305,36358.2980404204
1715012587,20.3140350877172,15.1110257272305,36419.1270275196
1715012597,20.3771929824542,15.1243511158606,36439.0643860888
1715012607,20.3912280701747,15.136148099675,36439.0643860888
1715012617,20.3912280701747,15.136148099675,36479.9042850179
1715012627,20.4649122807036,15.1491883194851,36581.4588934793
1715012637,20.3739636001257,15.160835214447,36581.4588934793
1715012647,20.3739636001257,15.160835214447,36742.2591059782
1715012657,20.4093304608424,15.1623260970495,37016.6596419619
1715012667,20.4859649122814,15.1687098762468,37016.6596419619
1715012677,20.4859649122814,15.1687098762468,37267.1810036241
1715012687,20.5771929824563,15.1744057482029,37622.512167813
1715012697,20.5777503315752,15.18669552375,37622.512167813
1715012707,20.5777503315752,15.18669552375,37793.5936656469
1715012717,20.7666666666665,15.1938822783088,37860.4722679846
1715012727,20.8160673120435,15.2025524110273,37860.4722679846
1715012737,20.8160673120435,15.2025524110273,37747.5298430724
1715012747,21.005263157894,15.21357393577,37764.2546549225
1715012757,21.0894736842117,15.2258136816995,37764.2546549225
1715012767,21.0894736842117,15.2258136816995,37745.3428414701
1715012777,21.18947368421,15.2350716624241,37777.5256382282
1715012787,21.2684210526315,15.2353017986648,37777.5256382282
1715012797,21.2684210526315,15.2353017986648,37792.2060795217
1715012807,21.3368421052617,15.2400371019644,37912.9735525375
1715012817,21.3385964912279,15.2430288730929,37912.9735525375
1715012827,21.3385964912279,15.2430288730929,38057.7084159944
1715012837,21.423358432569,15.2448374437667,38259.4094334868
1715012847,21.4736842105253,15.2477366601028,38259.4094334868
1715012857,21.4736842105253,15.2477366601028,38531.96104471
1715012867,21.6122807017526,15.2518415902214,38821.4358302658
1715012877,21.5927073428315,15.2550885123993,38821.4358302658
1715012887,21.5927073428315,15.2550885123993,39059.2468217798
1715012897,21.5967663271377,15.2574073851721,39286.388969716
1715012907,21.5661162534462,15.2597362638682,39286.388969716
1715012917,21.5661162534462,15.2597362638682,39537.293959031
1715012927,21.6207776167648,15.2647892552391,39776.6650418753
1715012937,21.6450641758872,15.2709879248515,39776.6650418753
1715012947,21.6450641758872,15.2709879248515,40033.3673514665
1715012957,21.7175438596522,15.2736995301219,40252.7838885991
1715012967,21.9423791495426,15.2751879112434,40252.7838885991
1715012977,21.9423791495426,15.2751879112434,40540.1459854015
1715012987,22.1696292605599,15.273857123417,40842.4264504964
1715012997,22.229824561405,15.2759783792005,40842.4264504964
1715013007,22.229824561405,15.2759783792005,41049.4020692435
1715013017,22.4125529384091,15.2755606318941,41191.3756157908
1715013027,22.4789473684193,15.2772366240814,41191.3756157908
1715013037,22.4789473684193,15.2772366240814,41278.5615854059
1715013047,22.6087719298215,15.2828699590157,41431.6363239943
1715013057,22.770175438597,15.2865646462706,41431.6363239943
1715013067,22.770175438597,15.2865646462706,41483.5691161471
1715013077,22.9929824561415,15.2918552783248,41470.9550962224
1715013087,23.1385964912264,15.29811898644,41470.9550962224
1715013097,23.1385964912264,15.29811898644,41379.3900918263
1715013107,23.257894736843,15.3048779877688,41382.775546631
1715013117,23.3280701754401,15.3136706930503,41382.775546631
1715013127,23.3280701754401,15.3136706930503,41395.0542142873
1715013137,23.5087719298226,15.319436606471,41448.7827694501
1715013147,23.6070175438608,15.3247047251973,41448.7827694501
1715013157,23.6070175438608,15.3247047251973,41507.4543212644
1715013167,23.8488556100211,15.327734018539,41661.2173310526
1715013177,23.9927157639121,15.3316038094552,41661.2173310526
1715013187,23.9927157639121,15.3316038094552,41769.8962310962
1715013197,24.2526315789483,15.3353335174423,41878.918967132
1715013207,24.4105263157913,15.337592354674,41878.918967132
1715013217,24.4105263157913,15.337592354674,41897.6844126454
1715013227,24.5298245614019,15.3392508364952,42103.282938356
1715013237,24.5406156469622,15.3438060331716,42103.282938356
1715013247,24.5406156469622,15.3438060331716,42153.6592370055
1715013257,24.4385964912327,15.3542297039848,42214.1669725167
1715013267,24.4035087719296,15.3550476882314,42214.1669725167
1715013277,24.4035087719296,15.3550476882314,42058.2562747688
1715013287,24.4052631578942,15.3672148912156,42047.970396444
1715013297,24.3035087719309,15.3740514384516,42047.970396444
1715013307,24.3035087719309,15.3740514384516,41874.8134453033
1715013317,24.2456140350882,15.3858209059764,41673.6732389473
1715013327,24.1754385964949,15.3959318916799,41673.6732389473
1715013337,24.1754385964949,15.3959318916799,41361.0265050872
1715013347,24.2303562782042,15.4028384803804,41133.8648947951
1715013357,24.2125466226428,15.408646918976,41133.8648947951
1715013367,24.2125466226428,15.408646918976,40903.6261919322
1715013377,24.3473684210566,15.4146679834462,40734.6965815741
1715013387,24.4157894736839,15.4200911939869,40734.6965815741
1715013397,24.4157894736839,15.4200911939869,40557.5816404354
1715013407,24.3947368421039,15.4254668763908,40511.7103543019
1715013417,24.2777243668454,15.4328412420153,40511.7103543019
1715013427,24.2777243668454,15.4328412420153,40412.6562324063
1715013437,24.2122807017528,15.44229934121,40351.8859544598
1715013447,24.1578947368406,15.4525904335367,40351.8859544598
1715013457,24.1578947368406,15.4525904335367,40247.0784641068
1715013467,24.1438596491249,15.4610779581512,40243.7719666659
1715013477,24.0157894736819,15.4699957374766,40243.7719666659
1715013487,24.0157894736819,15.4699957374766,40250.2006241641
1715013497,23.8669338002308,15.4785583065175,40261.7159336698
1715013507,23.7543859649135,15.4868882378368,40261.7159336698
1715013517,23.7543859649135,15.4868882378368,40279.2258994751
1715013527,23.6295565949362,15.4899725637577,40329.9270710511
1715013537,23.5435913810216,15.4922489113555,40329.9270710511
1715013547,23.5435913810216,15.4922489113555,40356.7659422234
1715013557,23.3900112981644,15.497574564142,40412.7710141028
1715013567,23.3052631578941,15.5038507796615,40412.7710141028
1715013577,23.3052631578941,15.5038507796615,40507.305591331
1715013587,23.3578947368426,15.5152050013608,40604.1580673894
1715013597,23.3912280701767,15.5228019987833,40604.1580673894
1715013607,23.3912280701767,15.5228019987833,40614.8877336578
1715013617,23.3947368421018,15.513151285561,40601.1220825853
1715013627,23.3029705471585,15.4991529985752,40601.1220825853
1715013637,23.3029705471585,15.4991529985752,40598.9924433249
1715013647,23.1927129568883,15.4894947809103,40662.7755597986
1715013657,23.0408909411149,15.4849921153323,40662.7755597986
1715013667,23.0408909411149,15.4849921153323,40546.1479113854
1715013677,22.8894736842104,15.4789210212446,40414.5690396876
1715013687,22.867879774595,15.4715441541392,40414.5690396876
1715013697,22.867879774595,15.4715441541392,40261.9403843941
1715013707,22.7661246745592,15.4638546019244,40162.3874176637
1715013717,22.7493938617782,15.4539812569041,40162.3874176637
1715013727,22.7493938617782,15.4539812569041,40042.3804639591
1715013737,22.6914993280735,15.4441279237308,39894.7438397447
1715013747,22.6900162104103,15.4365809559259,39894.7438397447
1715013757,22.6900162104103,15.4365809559259,39838.962645519
1715013767,22.6385964912285,15.4259821814514,39815.2716982801
1715013777,22.7365710055124,15.4154609528841,39815.2716982801
1715013787,22.7365710055124,15.4154609528841,39742.0273972603
1715013797,22.7684210526323,15.4059653314762,39636.8984694581
1715013807,22.8543859649082,15.3966673270576,39636.8984694581
1715013817,22.8543859649082,15.3966673270576,39569.9825959513
1715013827,22.8210526315751,15.3872617589613,39568.0899586786
1715013837,22.852090190106,15.3737712725934,39568.0899586786
1715013847,22.852090190106,15.3737712725934,39557.1397803144
1715013857,22.796491228069,15.3589675087652,39583.4283209119
1715013867,22.6696327693517,15.3492492555593,39583.4283209119
1715013877,22.6696327693517,15.3492492555593,39595.9464444589
1715013887,22.6666666666639,15.3365817563998,39698.7276892024
1715013897,22.512280701754,15.3238667291036,39698.7276892024
1715013907,22.512280701754,15.3238667291036,39700.8735551046
1715013917,22.2684210526326,15.3113618262011,39692.0763395918
1715013927,22.1280701754356,15.3031769807726,39692.0763395918
1715013937,22.1280701754356,15.3031769807726,39627.8414020475
1715013947,21.9608558656527,15.2951797464099,39553.9276456666
1715013957,21.8970393190222,15.2869673846917,39553.9276456666
1715013967,21.8970393190222,15.2869673846917,39447.8052296119
1715013977,21.8052631578978,15.278970150329,39293.7152629329
1715013987,21.8052631578984,15.271200550726,39293.7152629329
1715013997,21.8052631578984,15.271200550726,39203.1395503525
1715014007,21.7248360532049,15.2635860429374,39165.6079054173
1715014017,21.6909533015895,15.253897807502,39165.6079054173
1715014027,21.6909533015895,15.253897807502,39094.2663213361
1715014037,21.5696250500011,15.2475990786546,38974.7664367415
1715014047,21.4912280701777,15.2389964859197,38974.7664367415
1715014057,21.4912280701777,15.2389964859197,38816.6391548366
1715014067,21.2900260349044,15.2304189079935,38701.7244770835
1715014077,21.1754385964926,15.2194549173111,38701.7244770835
1715014087,21.1754385964926,15.2194549173111,38569.1439537593
1715014097,21.0192982456175,15.2084283896067,38406.609391336
1715014107,20.9578947368451,15.1983724364824,38406.609391336
1715014117,20.9578947368451,15.1983724364824,38214.7210501641
1715014127,20.8017543859661,15.1890619246594,38120.0732862633
1715014137,20.7508771929842,15.1818726686198,38120.0732862633
1715014147,20.7508771929842,15.1818726686198,38006.0612620414
1715014157,20.6333333333322,15.172477106447,37962.8216065736
1715014167,20.4228070175451,15.1598896546756,37962.8216065736
1715014177,20.4228070175451,15.1598896546756,37910.2995212114
1715014187,20.368421052632,15.1442078710597,37949.6514156336
1715014197,20.5473684210509,15.1360780582105,37949.6514156336
1715014207,20.5473684210509,15.1360780582105,37917.695473251
1715014217,20.4736842105271,15.1487505603317,37848.3887199458
1715014227,20.5192982456145,15.1621059667323,37848.3887199458
1715014237,20.5192982456145,15.1621059667323,37715.7378752626
1715014247,20.4415469582279,15.1744057482029,37640.1338401657
1715014257,20.4268741973731,15.1812948265373,37640.1338401657
1715014267,20.4268741973731,15.1812948265373,37559.9427625989
1715014277,20.3210526315764,15.1901150481085,37485.6840340583
1715014287,20.33452866336,15.1947452892112,37485.6840340583
1715014297,20.33452866336,15.1947452892112,37444.3898517063
1715014307,20.2070175438613,15.2021646814914,37490.3361253598
1715014317,20.2157894736825,15.2116127747627,37490.3361253598
1715014327,20.2157894736825,15.2116127747627,37536.5091846319
1715014337,20.1859649122777,15.2230645542161,37609.4298537973
1715014347,20.2385964912298,15.2278774034228,37609.4298537973
1715014357,20.2385964912298,15.2278774034228,37710.839542068
1715014367,20.2052631578941,15.2348590365496,37864.4766651563
1715014377,20.2070175438581,15.2423459688135,37864.4766651563
1715014387,20.2070175438581,15.2423459688135,37799.7818974918
1715014397,20.1228070175408,15.2503657165042,37599.3171942893
1715014407,20.1303850499275,15.2591559203048,37599.3171942893
1715014417,20.1303850499275,15.2591559203048,37207.5488593879
1715014427,20.030105157528,15.2699122880745,36892.4629315473
1715014437,20.061403508772,15.2808912876423,36892.4629315473
1715014447,20.061403508772,15.2808912876423,36586.0428056041
1715014457,20.0093332678363,15.2921329427021,36323.4386026817
1715014467,19.9508771929852,15.3033070577782,36323.4386026817
1715014477,19.9508771929852,15.3033070577782,36017.5621709929
1715014487,19.6423872196957,15.3061437370924,35785.3565992367
1715014497,19.6859649122806,15.2956400188912,35785.3565992367
1715014507,19.6859649122806,15.2956400188912,35553.3203643116
1715014517,19.5614035087742,15.2900216928422,35363.480963481
1715014527,19.5005649083151,15.2819694259001,35363.480963481
1715014537,19.5005649083151,15.2819694259001,35224.8260957655
1715014547,19.3789473684238,15.2740597433681,35187.2546334338
1715014557,19.3947368421045,15.2667003866289,35187.2546334338
1715014567,19.3947368421045,15.2667003866289,35127.6508787067
1715014577,19.2999999999997,15.2596362046331,35050.4240555127
1715014587,19.41080908488,15.2607418591806,35050.4240555127
1715014597,19.41080908488,15.2607418591806,35042.2306327111
1715014607,19.3666666666704,15.2617624633783,35056.0807907177
1715014617,19.4771929824581,15.2631157645326,35056.0807907177
1715014627,19.4771929824581,15.2631157645326,35026.3610955841
1715014637,19.4783823044354,15.259213454365,34890.0452794485
1715014647,19.564912280698,15.2549834502025,34890.0452794485
1715014657,19.564912280698,15.2549834502025,34767.1090176186
1715014667,19.5807017543874,15.2502381409794,34718.8913136404
1715014677,19.6531954161755,15.2520016849975,34718.8913136404
1715014687,19.6531954161755,15.2520016849975,34645.8072590738
1715014697,19.669893578577,15.253675175704,34655.2689245189
1715014707,19.7997185955011,15.2554762419352,34655.2689245189
1715014717,19.7997185955011,15.2554762419352,34647.0837704515
1715014727,19.8543859649158,15.2573523525927,34739.6758093724
1715014737,19.9450522459814,15.2574323999808,34739.6758093724
1715014747,19.9450522459814,15.2574323999808,34702.9978978156
1715014757,20.0403508771904,15.2568045282808,34693.7208186063
1715014767,20.2435798020337,15.2562166802747,34693.7208186063
1715014777,20.2435798020337,15.2562166802747,34594.023130573
1715014787,20.2122807017526,15.2543080503658,34551.2687726566
1715014797,20.2879989894774,15.2497478507276,34551.2687726566
1715014807,20.2879989894774,15.2497478507276,34339.074012977
1715014817,20.4590909409867,15.2483670332837,34077.9389091234
1715014827,20.5011964996215,15.250653386805,34077.9389091234
1715014837,20.5011964996215,15.250653386805,33751.9492955178
1715014847,20.461682590592,15.2494376670989,33519.6923007715
1715014857,20.5686997589504,15.2510161015321,33519.6923007715
1715014867,20.5686997589504,15.2510161015321,33306.6708049748
1715014877,20.491228070174,15.250713422346,33128.5133462966
1715014887,20.5561403508769,15.2559290099739,33128.5133462966
1715014897,20.5561403508769,15.2559290099739,32925.6791852036
1715014907,20.4353668934481,15.2589683092391,32750.8279847422
1715014917,20.4178230953587,15.2599213734531,32750.8279847422
1715014927,20.4178230953587,15.2599213734531,32593.9399297191
1715014937,20.3350877193011,15.2597312609064,32521.0753111534
1715014947,20.3321380200814,15.264466564206,32521.0753111534
1715014957,20.3321380200814,15.264466564206,32458.7543022094
1715014967,20.3122807017555,15.2657423194531,32458.3305634958
1715014977,20.3348081923085,15.246636008517,32458.3305634958
1715014987,20.3348081923085,15.246636008517,32407.2619993192
1715014997,20.2105263157912,15.2281075396635,32318.3701509199
1715015007,20.1298245614028,15.2148046643613,32318.3701509199
1715015017,20.1298245614028,15.2148046643613,32292.5425481688
1715015027,20.0233682570657,15.1992679666362,32329.2725833407
1715015037,19.9754385964926,15.1912857411587,32329.2725833407
1715015047,19.9754385964926,15.1912857411587,32420.9449785232
1715015057,19.8403508771927,15.183288506796,32402.5215252152
1715015067,19.8456140350888,15.17568150345,32402.5215252152
1715015077,19.8456140350888,15.17568150345,32431.6749363015
1715015087,19.7862463640486,15.16817706082,32519.4793715334
1715015097,19.637124080268,15.1748785280886,32519.4793715334
1715015107,19.637124080268,15.1748785280886,32507.8709562823
1715015117,19.7070175438587,15.1771673830908,32402.4573499514
1715015127,19.7260341264337,15.1783055568897,32402.4573499514
1715015137,19.7260341264337,15.1783055568897,32186.2353509195
1715015147,19.5792295465608,15.1833460408562,32082.22600795
1715015157,19.5330509931652,15.1884240470358,32082.22600795
1715015167,19.5330509931652,15.1884240470358,32015.4880250593
1715015177,19.4070175438608,15.1948228351184,32051.6565728536
1715015187,19.3827390079313,15.1940348686422,32051.6565728536
1715015197,19.3827390079313,15.1940348686422,32105.0739545661
1715015207,19.3014712332312,15.1932969317836,32252.7613434414
1715015217,19.2476517626271,15.1900450066439,32252.7613434414
1715015227,19.2476517626271,15.1900450066439,32319.3740955137
1715015237,19.1473684210545,15.1930192674063,32377.4863972884
1715015247,19.111713064651,15.1961361125786,32377.4863972884
1715015257,19.111713064651,15.1961361125786,32342.1254914018
1715015267,19.0614035087703,15.20010596273,32382.8235243037
1715015277,19.135087719295,15.199355518467,32382.8235243037
1715015287,19.135087719295,15.199355518467,32359.9752168525
1715015297,19.1649122806979,15.1987676704609,32338.9517744222
1715015307,19.304696875065,15.198057249892,32338.9517744222
1715015317,19.304696875065,15.198057249892,32311.4508665275
1715015327,19.3286362902723,15.1978846477115,32352.0831474708
1715015337,19.3701754385984,15.197144209372,32352.0831474708
1715015347,19.3701754385984,15.197144209372,32375.3873008946
1715015357,19.338596491229,15.1964462962074,32336.2173348304
1715015367,19.3204864595537,15.1958009141412,32336.2173348304
1715015377,19.3204864595537,15.1958009141412,32313.4251252218
1715015387,19.4014715841089,15.1985850623569,32339.4097417339
1715015397,19.361403508774,15.2012291276436,32339.4097417339
1715015407,19.361403508774,15.2012291276436,32324.1518759829
1715015417,19.3842105263161,15.2005837455774,32242.7239954278
1715015427,19.4643471182243,15.1969841145958,32242.7239954278
1715015437,19.4643471182243,15.1969841145958,32120.5916839542
1715015447,19.4263157894733,15.1951855498455,32044.4036615116
1715015457,19.3807017543824,15.1889793757904,32044.4036615116
1715015467,19.3807017543824,15.1889793757904,31934.3047554501
1715015477,19.3783816026816,15.1853447240767,31759.6811920644
1715015487,19.3578947368431,15.180957126619,31759.6811920644
1715015497,19.3578947368431,15.180957126619,31590.3802743532
1715015507,19.3505942126076,15.1758841234011,31455.5711017834
1715015517,19.2836440957481,15.170976217921,31455.5711017834
1715015527,19.2836440957481,15.170976217921,31270.6300310294
1715015537,19.2385964912274,15.1659382354354,31029.0270282275
1715015547,19.1421052631612,15.1591066911612,31029.0270282275
1715015557,19.1421052631612,15.1591066911612,30778.3934129489
1715015567,19.0599331230412,15.1535033739974,30598.5359232806
1715015577,18.9385964912288,15.1657331140035,30598.5359232806
1715015587,18.9385964912288,15.1657331140035,30424.5635213377
1715015597,18.8461835355529,15.1797489113555,30207.9120490971
1715015607,18.7450438248697,15.1895997430479,30207.9120490971
1715015617,18.7450438248697,15.1895997430479,29953.9750789751
1715015627,18.763157894736,15.1999258561068,29759.192694961
1715015637,18.6932677429226,15.2018820141524,29759.192694961
1715015647,18.6932677429226,15.2018820141524,29653.3084808947
1715015657,18.6953074013502,15.206149540528,29628.9364363247
1715015667,18.5456140350888,15.210024334406,29628.9364363247
1715015677,18.5456140350888,15.210024334406,29617.5829978219
1715015687,18.5245614035104,15.2141117541585,29671.8567185672
1715015697,18.4318651513503,15.2169934601284,29671.8567185672
1715015707,18.4318651513503,15.2169934601284,29698.6673797745
1715015717,18.358181199367,15.2195024454477,29759.5267017591
1715015727,18.4333333333298,15.2225042224997,29759.5267017591
1715015737,18.4333333333298,15.2225042224997,29805.4610485911
1715015747,18.4529177090639,15.2217137545427,29871.8782955999
1715015757,18.3631578947365,15.2221565166579,29871.8782955999
1715015767,18.3631578947365,15.2221565166579,29924.169770502
1715015777,18.3371286416559,15.2227193498551,29961.0477741585
1715015787,18.2473684210543,15.222801898724,29961.0477741585
1715015797,18.2473684210543,15.222801898724,29999.7336293008
1715015807,18.2701754385958,15.2249031426604,30070.624791921
1715015817,18.2315789473713,15.2370928589725,30070.624791921
1715015827,18.2315789473713,15.2370928589725,30124.4759611096
1715015837,18.2111002729791,15.2436317299842,30182.8593910516
1715015847,18.1459012424534,15.2526020404079,30182.8593910516
1715015857,18.1459012424534,15.2526020404079,30214.2433885658
1715015867,18.2303983831708,15.2605167259017,30302.2748519788
1715015877,18.4081993557882,15.2691143156749,30302.2748519788
1715015887,18.4081993557882,15.2691143156749,30371.9751508219
1715015897,18.475438596488,15.2721286001313,30410.1587582756
1715015907,18.3967775551662,15.277549309191,30410.1587582756
1715015917,18.3967775551662,15.277549309191,30434.5043750816
1715015927,18.433333333332,15.2838605454429,30522.4184481919
1715015937,18.3731113902572,15.2901917935418,30522.4184481919
1715015947,18.3731113902572,15.2901917935418,30556.7455757297
1715015957,18.3964912280732,15.2963804572307,30519.9411790918
1715015967,18.2526315789459,15.3027692393897,30519.9411790918
1715015977,18.2526315789459,15.3027692393897,30422.7407874583
1715015987,18.2663798820329,15.3114894017258,30424.205905139
1715015997,18.1733970996406,15.3157219073692,30424.205905139
1715016007,18.1733970996406,15.3157219073692,30366.9708275273
1715016017,18.0596491228071,15.3200019411492,30256.3343647697
1715016027,18.0757260500838,15.3256052583129,30256.3343647697
1715016037,18.0757260500838,15.3256052583129,30089.7955547637
1715016047,18.1877192982447,15.3325168499752,30015.9768248255
1715016057,18.1348004729811,15.339498483102,30015.9768248255
1715016067,18.1348004729811,15.339498483102,29921.708492748
1715016077,18.1333333333306,15.3440086531227,29833.4562850692
1715016087,18.0859649122804,15.3482911883835,29833.4562850692
1715016097,18.0859649122804,15.3482911883835,29760.3294625979
1715016107,18.0421052631538,15.3527863495189,29757.5140322289
1715016117,17.995915760814,15.3574716232009,29757.5140322289
1715016127,17.995915760814,15.3574716232009,29755.0614156129
1715016137,18.0117053453039,15.3615840577622,29734.9076704545
1715016147,17.8432831107598,15.3682179850471,29734.9076704545
1715016157,17.8432831107598,15.3682179850471,29743.149773876
1715016167,17.5456140350843,15.3735886644894,29831.6246586381
1715016177,17.3807017543872,15.3790243824344,29831.6246586381
1715016187,17.3807017543872,15.3790243824344,29993.9138160817
1715016197,17.3909382138172,15.383617101324,30271.3894746287
1715016207,17.2962010392997,15.3886851015802,30271.3894746287
1715016217,17.2962010392997,15.3886851015802,30601.3637839593
1715016227,17.2719298245612,15.3937455973937,30987.4377396747
1715016237,17.2052631578941,15.3999117477547,30987.4377396747
1715016247,17.2052631578941,15.3999117477547,31211.8765057553
1715016257,17.296491228068,15.4078189288058,31335.7592970622
1715016267,17.2263157894763,15.4163189608248,31335.7592970622
1715016277,17.2263157894763,15.4163189608248,31377.175753471
1715016287,17.2947368421033,15.4247889750733,31494.4032689256
1715016297,17.2634481984292,15.4160863231033,31494.4032689256
1715016307,17.2634481984292,15.4160863231033,31477.6053411151
1715016317,17.2555596881389,15.4081191065111,31344.0822577117
1715016327,17.0722207992226,15.3992213390327,31344.0822577117
1715016337,17.0722207992226,15.3992213390327,31083.4002677376
1715016347,17.1915186262504,15.3980131237693,30946.9165247019
1715016357,17.1634485493055,15.3948912756352,30946.9165247019
1715016367,17.1634485493055,15.3948912756352,30837.326943557
1715016377,17.1947368421069,15.3967648848118,30841.385395985
1715016387,17.1546766502613,15.3985234258681,30841.385395985
1715016397,17.1546766502613,15.3985234258681,30831.9388629027
1715016407,17.1567217072146,15.3996791100331,30922.3555804823
1715016417,17.0912280701735,15.3958743576197,30922.3555804823
1715016427,17.0912280701735,15.3958743576197,30859.8274036187
1715016437,17.1511678906377,15.3914517394298,30741.0505706721
1715016447,17.1473684210552,15.384855334358,30741.0505706721
1715016457,17.1473684210552,15.384855334358,30538.3470495535
1715016467,17.1809923473972,15.3798048444679,30349.8470409578
1715016477,17.1146167395347,15.3757199261963,30349.8470409578
1715016487,17.1146167395347,15.3757199261963,30227.4672431288
1715016497,17.1491228070217,15.3763853201095,30133.9874359031
1715016507,17.0912280701739,15.3739113555225,30133.9874359031
1715016517,17.0912280701739,15.3739113555225,30108.4830718969
1715016527,17.0912280701742,15.3702767038087,30109.4010922056
1715016537,16.9897649481951,15.3664244232586,30109.4010922056
1715016547,16.9897649481951,15.3664244232586,30083.0378843624
1715016557,17.023098164566,15.3646933984919,30136.1003645146
1715016567,16.9736842105254,15.3635477202504,30136.1003645146
1715016577,16.9736842105254,15.3635477202504,30130.899494172
1715016587,16.9894736842131,15.3558331532267,30166.1354851834
1715016597,16.8774846404004,15.3480235299297,30166.1354851834
1715016607,16.8774846404004,15.3480235299297,30080.3981965091
1715016617,16.9333333333347,15.342095020252,30003.1175540562
1715016627,16.7926905006693,15.3379275531114,30003.1175540562
1715016637,16.7926905006693,15.3379275531114,29888.9310845527
1715016647,16.9456140350874,15.3178656764805,29836.7490389896
1715016657,16.8792390202148,15.2981089805165,29836.7490389896
1715016667,16.8792390202148,15.2981089805165,29782.908788417
1715016677,16.961112144249,15.285196336231,29774.8277080756
1715016687,16.9573119811345,15.27258136817,29774.8277080756
1715016697,16.9573119811345,15.27258136817,29783.2412115852
1715016707,16.9988280784013,15.2593185165618,29889.8702916769
1715016717,16.9295330860807,15.2465459552055,29889.8702916769
1715016727,16.9295330860807,15.2465459552055,29932.1606909892
1715016737,16.9111093957247,15.2287904439428,29956.8425760286
1715016747,16.8631578947357,15.2111600067239,29956.8425760286
1715016757,16.8631578947357,15.2111600067239,29909.4253072529
1715016767,16.880118456969,15.2050238741335,29887.169953301
1715016777,16.8160813470827,15.1946402270144,29887.169953301
1715016787,16.8160813470827,15.1946402270144,29899.7088758999
1715016797,16.8578947368431,15.1843791524583,29926.5112067014
1715016807,16.8128644711262,15.1744482733778,29926.5112067014
1715016817,16.8128644711262,15.1744482733778,29980.8942202835
1715016827,16.8505854406483,15.1677267942622,30110.8364145536
1715016837,16.7964912280721,15.1627788650881,30110.8364145536
1715016847,16.7964912280721,15.1627788650881,30250.2098314543
1715016857,16.8128644711249,15.1537610265277,30514.1494578666
1715016867,16.7733921873363,15.1442879184477,30514.1494578666
1715016877,16.7733921873363,15.1442879184477,30794.0836712043
1715016887,16.8084800297579,15.1349448873733,31151.6464657299
1715016897,16.7687130922341,15.1434399164305,31151.6464657299
1715016907,16.7687130922341,15.1434399164305,31361.001675497
1715016917,16.8017543859634,15.1511719938203,31405.8281876286
1715016927,16.6804094049437,15.158723964587,31405.8281876286
1715016937,16.6804094049437,15.158723964587,31327.6160114945
1715016947,16.7336254960482,15.1587214631061,31332.8863125108
1715016957,16.7929824561402,15.1680870075084,31332.8863125108
1715016967,16.7929824561402,15.1680870075084,31333.1822919027
1715016977,16.8350877192991,15.170793609817,31337.9377518041
1715016987,16.7783633569326,15.1733401173495,31337.9377518041
1715016997,16.7783633569326,15.1733401173495,31343.4873712908
1715017007,16.8245614035097,15.1778552903319,31413.9922412273
1715017017,16.8327497035075,15.1796663624866,31413.9922412273
1715017027,16.8327497035075,15.1796663624866,31497.4826935179
1715017037,16.8769013224606,15.1814974464883,31559.3839844882
1715017047,16.8385964912283,15.1830983942494,31559.3839844882
1715017057,16.8385964912283,15.1830983942494,31575.4901960784
1715017067,16.8979540279066,15.1834360941678,31661.3051671999
1715017077,16.8894736842081,15.1821453300354,31661.3051671999
1715017087,16.8894736842081,15.1821453300354,31720.4349087986
1715017097,17.0274879121948,15.1807369963018,31788.3897657269
1715017107,17.0771929824571,15.1821253181884,31788.3897657269
1715017117,17.0771929824571,15.1821253181884,31795.0731881471
1715017127,17.3523415871603,15.1833635512223,31896.569472106
1715017137,17.5257370227194,15.1852171485519,31896.569472106
1715017147,17.5257370227194,15.1852171485519,32004.0971870388
1715017157,17.7736842105266,15.1867005267118,32243.0385337308
1715017167,17.9637335878356,15.1909130205081,32243.0385337308
1715017177,17.9637335878356,15.1909130205081,32439.613006098
1715017187,18.2503035109042,15.1962862014313,32767.9996463072
1715017197,18.4947368421062,15.2018519963819,32767.9996463072
1715017207,18.4947368421062,15.2018519963819,33012.5459610028
1715017217,18.8456140350906,15.201159086179,33227.0267812486
1715017227,19.1959241819225,15.2026974969182,33227.0267812486
1715017237,19.1959241819225,15.2026974969182,33378.3599339571
1715017247,19.4684210526331,15.2170710060356,33548.3312844329
1715017257,19.900281051649,15.2370253189888,33548.3312844329
1715017267,19.900281051649,15.2370253189888,33700.4814004376
1715017277,20.2897533692895,15.2500355210284,33863.7457765607
1715017287,20.407017543859,15.2627855690569,33863.7457765607
1715017297,20.407017543859,15.2627855690569,34048.675171737
1715017307,20.4947368421033,15.2759458599491,34232.6784096183
1715017317,20.5771929824579,15.289456358164,34232.6784096183
1715017327,20.5771929824579,15.289456358164,34387.9157601992
1715017337,20.7298245614025,15.3102786849815,34458.0128495159
1715017347,20.8842105263147,15.3302054816451,34458.0128495159
1715017357,20.8842105263147,15.3302054816451,34599.4236311239
1715017367,21.0456140350888,15.3401938947857,34738.7117004121
1715017377,21.1438596491219,15.3568187366921,34738.7117004121
1715017387,21.1438596491219,15.3568187366921,34906.8121306578
1715017397,21.2175438596518,15.3696388261851,35038.8725209973
1715017407,21.0947368421087,15.380735395354,35038.8725209973
1715017417,21.0947368421087,15.380735395354,35202.0520915549
1715017427,21.0017543859616,15.3882273305797,35368.8567704164
1715017437,20.9596491228082,15.3940007484431,35368.8567704165
1715017447,20.9596491228082,15.3940007484431,35432.3033389926
1715017457,20.8836553238965,15.3996565967052,35385.294962122
1715017467,20.8894736842098,15.4053649760658,35385.294962122
1715017477,20.8894736842098,15.4053649760658,35308.2103703058
1715017487,20.708771929827,15.4107481629125,35276.9521986032
1715017497,20.5473684210528,15.424368726286,35276.9521986032
1715017507,20.5473684210528,15.424368726286,35289.7530552817
1715017517,20.2684210526317,15.4381994140531,35281.7767292031
1715017527,20.0368421052659,15.4557397979604,35281.7767292031
1715017537,20.0368421052659,15.4557397979604,35264.3237581619
1715017547,19.6687029168281,15.4725147287194,35272.6085252754
1715017557,19.4734016610581,15.4795038662889,35272.6085252754
1715017567,19.4734016610581,15.4795038662889,35330.9303199841
1715017577,19.6233710640612,15.4858426188304,35452.8680836037
1715017587,19.7228070175439,15.4920713062133,35452.8680836037
1715017597,19.7228070175439,15.4920713062133,35621.2913300292
1715017607,19.733333333331,15.4948879736804,35776.0668028463
1715017617,19.7385964912323,15.4977846885356,35776.0668028463
1715017627,19.7385964912323,15.4977846885356,35877.7860243348
1715017637,19.7000000000018,15.5005138041721,35896.9683459652
1715017647,19.7315789473712,15.50299027024,35896.9683459652
1715017657,19.7315789473712,15.50299027024,35878.9832502015
1715017667,19.69824561404,15.5035931271313,35921.9455755068
1715017677,19.7315789473664,15.5084710148408,35921.9455755068
1715017687,19.7315789473664,15.5084710148408,35955.0366911274
1715017697,19.7631578947342,15.5144320437699,36023.2720909886
1715017707,19.8456140350888,15.5183218465331,36023.2720909886
1715017717,19.8456140350888,15.5183218465331,36024.0367302845
1715017727,19.7935453084546,15.5239776947953,36110.5419017357
1715017737,19.8929824561409,15.5289481372973,36110.5419017357
1715017747,19.8929824561409,15.5289481372973,36148.4242005981
1715017757,19.8122807017544,15.5323901749836,36203.5984645408
1715017767,19.9596491228045,15.5323426468469,36203.5984645408
1715017777,19.9596491228045,15.5323426468469,36243.7880496054
1715017787,19.9336142680167,15.5309593279221,36342.3995164702
1715017797,20.0301051575293,15.5294959616093,36342.3995164702
1715017807,20.0301051575293,15.5294959616093,36379.8567798568
1715017817,20.0125613594344,15.5322726053824,36348.6180621308
1715017827,20.146808047779,15.5320749883931,36348.6180621308
1715017837,20.146808047779,15.5320749883931,36229.1842171171
1715017847,20.1438596491196,15.5334883250884,36213.7508211079
1715017857,20.0871585063749,15.5258362950867,36213.7508211079
1715017867,20.0871585063749,15.5258362950867,36261.5248618785
1715017877,20.1090522489402,15.5250258152826,36437.1045857149
1715017887,20.3228070175461,15.5272996613996,36437.1045857149
1715017897,20.3228070175461,15.5272996613996,36635.6801987318
1715017907,20.3385964912253,15.5321750476282,36861.2671112671
1715017917,20.3757179799355,15.5342862974881,36861.2671112671
1715017927,20.3757179799355,15.5342862974881,37030.4532261665
1715017937,20.3403508771924,15.5359272689432,37127.4559639313
1715017947,20.3824561403493,15.5373406056386,37127.4559639313
1715017957,20.3824561403493,15.5373406056386,37161.3838550247
1715017967,20.3929824561384,15.5370429294142,37204.7090182141
1715017977,20.4210526315783,15.5343188167395,37204.7090182141
1715017987,20.4210526315783,15.5343188167395,37284.8430291437
1715017997,20.3561403508789,15.5389240430335,37370.9729455685
1715018007,20.3661078323351,15.5427037806381,37370.9729455685
1715018017,20.3661078323351,15.5427037806381,37480.620678783
1715018027,20.2736842105253,15.5467186574452,37595.206923333
1715018037,20.3017543859651,15.5502182291917,37595.206923333
1715018047,20.3017543859651,15.5502182291917,37685.6159788795
1715018057,20.2912280701757,15.5536527624353,37757.3641526529
1715018067,20.4277909747101,15.5568596609193,37757.3641526529
1715018077,20.4277909747101,15.5568596609193,37823.0540003612
1715018087,20.5330545019448,15.5619801922738,37914.2560584864
1715018097,20.7172656746152,15.5579227902919,37914.2560584864
1715018107,20.7172656746152,15.5579227902919,37859.0396105333
1715018117,20.763713938849,15.5535827209708,37690.1841858806
1715018127,20.9265932400229,15.5458431391384,37690.1841858806
1715018137,20.9265932400229,15.5458431391384,37412.7854879248
1715018147,20.9842105263172,15.5402248130893,37245.6182789787
1715018157,21.0754385964905,15.5365926628564,37245.6182789787
1715018167,21.0754385964905,15.5365926628564,37135.9208288233
1715018177,20.9824561403487,15.5334783191649,37078.3673653166
1715018187,21.2035087719283,15.5321700446664,37078.3673653166
1715018197,21.2035087719283,15.5321700446664,37034.760434841
1715018207,21.2576184477844,15.5311519419496,37062.7723731126
1715018217,21.3915038894575,15.534166226406,37062.7723731126
1715018227,21.3915038894575,15.534166226406,37132.1071712795
1715018237,21.4125564471677,15.5378158870051,37200.2330375549
1715018247,21.48771929825,15.5374756856059,37200.2330375549
1715018257,21.48771929825,15.5374756856059,37294.4411184284
1715018267,21.5017543859658,15.520618205978,37396.065992643
1715018277,21.5929824561416,15.5040884203448,37396.065992643
1715018287,21.5929824561416,15.5040884203448,37462.5085282919
1715018297,21.6473684210525,15.4886217640843,37535.4210729799
1715018307,21.8175438596495,15.4781755799433,37535.4210729799
1715018317,21.8175438596495,15.4781755799433,37562.2219226102
1715018327,21.8356362411493,15.4669014056321,37705.5513034082
1715018337,21.8637062196034,15.4568379480653,37705.5513034082
1715018347,21.8637062196034,15.4568379480653,37767.097723231
1715018357,21.7807017543849,15.446904567504,37863.4172115448
1715018367,21.7774674474799,15.4384570665834,37863.4172115448
1715018377,21.7774674474799,15.4384570665834,37923.1608235949
1715018387,21.7105263157895,15.4299370227174,38048.1696409093
1715018397,21.6976961241799,15.421689640267,38048.1696409093
1715018407,21.6976961241799,15.421689640267,38078.7376902417
1715018417,21.5769178137476,15.4133847237565,37977.7443743971
1715018427,21.5315789473712,15.4031111417959,37977.7443743971
1715018437,21.5315789473712,15.4031111417959,37789.172898761
1715018447,21.4596491228076,15.3910540039703,37642.0525657071
1715018457,21.5157894736851,15.3820236580055,37642.0525657071
1715018467,21.5157894736851,15.3820236580055,37475.7511237284
1715018477,21.4318546250724,15.3687382930695,37245.331846068
1715018487,21.4614035087722,15.3535693130333,37245.331846068
1715018497,21.4614035087722,15.3535693130333,36997.8202846975
1715018507,21.4856894234703,15.3396885956486,36823.6145014013
1715018517,21.494461384077,15.3274338408338,36823.6145014013
1715018527,21.494461384077,15.3274338408338,36767.4434073122
1715018537,21.4701754385951,15.3133254886893,36754.7153005099
1715018547,21.4900246314073,15.2995348246162,36754.7153005099
1715018557,21.4900246314073,15.2995348246162,36828.6482199506
1715018567,21.5122807017536,15.288058030354,36954.2342342342
1715018577,21.5614035087725,15.2760934473208,36954.2342342342
1715018587,21.5614035087725,15.2760934473208,37103.745215965
1715018597,21.4508771929813,15.257995233178,37263.4100049709
1715018607,21.4941859241099,15.2422509125402,37263.4100049709
1715018617,21.4941859241099,15.2422509125402,37384.0816860846
1715018627,21.4994491189462,15.2345613603253,37536.4959497728
1715018637,21.4964912280668,15.2271819917391,37536.4959497728
1715018647,21.4964912280668,15.2271819917391,37636.1424463614
1715018657,21.3470924459397,15.2215736716136,37651.2764554775
1715018667,21.2631578947335,15.2180065598835,37651.2764554775
1715018677,21.2631578947335,15.2180065598835,37612.1139985453
1715018687,21.0947368421084,15.2158953100236,37586.1208952285
1715018697,21.0105263157905,15.2137865616445,37586.1208952285
1715018707,21.0105263157905,15.2137865616445,37516.380794776
1715018717,20.8701754385919,15.2123382042169,37391.6609706083
1715018727,20.7438596491205,15.2121881153643,37391.6609706083
1715018737,20.7438596491205,15.2121881153643,37193.6325086737
1715018747,20.6877192982444,15.2107047372044,37152.8825286319
1715018757,20.8210526315828,15.2080056393385,37152.8825286319
1715018767,20.8210526315828,15.2080056393385,37084.3187193014
1715018777,20.9929824561422,15.2075578742616,37057.15424119
1715018787,21.1421052631595,15.205399096265,37057.15424119
1715018797,21.1421052631595,15.205399096265,36961.9787408013
1715018807,21.4298245614028,15.209719153739,36915.5863995461
1715018817,21.7122807017519,15.2099092662856,36915.5863995461
1715018827,21.7122807017519,15.2099092662856,36816.407097306
1715018837,22.3696306640733,15.2091563205418,36671.2642674756
1715018847,22.7192982456137,15.2127434441189,36671.2642674756
1715018857,22.7192982456137,15.2127434441189,36493.5164686215
1715018867,23.1373814920621,15.2350441461345,36381.7458730476
1715018877,23.5122807017516,15.2537427156877,36381.7458730476
1715018887,23.5122807017516,15.2537427156877,36290.3369584596
1715018897,23.6754385964939,15.2702800057634,36262.9389398345
1715018907,23.9105263157877,15.275257952708,36262.9389398345
1715018917,23.9105263157877,15.275257952708,36279.0055873504
1715018927,24.0929824561419,15.2820094495942,36341.077038807
1715018937,24.4175438596479,15.2968582400781,36341.077038807
1715018947,24.4175438596479,15.2968582400781,36375.7393221153
1715018957,24.7403508771956,15.3156918895986,36381.5383238624
1715018967,25.1689461828308,15.3138332893072,36381.5383238624
1715018977,25.1689461828308,15.3138332893072,36365.9645709373
1715018987,25.3601729110691,15.3120297215952,36412.4241535651
1715018997,25.6473684210559,15.3115369298625,36412.4241535651
1715019007,25.6473684210559,15.3115369298625,36380.375129488
1715019017,25.9050031754529,15.312094760098,36395.4586380306
1715019027,26.210526315792,15.313107859853,36395.4586380306
1715019037,26.210526315792,15.313107859853,36356.8294439957
1715019047,26.2155305808082,15.3119471727262,36423.071739814
1715019057,26.2478859797447,15.3128276939948,36423.071739814
1715019067,26.2478859797447,15.3128276939948,36338.571685879
1715019077,26.1947368421074,15.3117045290812,36303.1940814247
1715019087,26.0684210526323,15.3093306237293,36303.1940814247
1715019097,26.0684210526323,15.3093306237293,36128.8664285092
1715019107,25.9175438596529,15.3030043785921,36102.9493230517
1715019117,25.6315789473698,15.2987218433312,36102.9493230517
1715019127,25.6315789473698,15.2987218433312,35946.9251904304
1715019137,25.651398937548,15.2948945775899,35916.2395075546
1715019147,25.5924602979624,15.2928483662328,35916.2395075546
1715019157,25.5924602979624,15.2928483662328,35823.1501798358
1715019167,25.5228070175438,15.2902943542577,35789.5394223263
1715019177,25.4666666666663,15.2884257480428,35789.5394223263
1715019187,25.4666666666663,15.2884257480428,35731.1039751965
1715019197,25.4000000000004,15.2861368930407,35632.6780253386
1715019207,25.4877192982476,15.2813815778941,35632.6780253386
1715019217,25.4877192982476,15.2813815778941,35552.6876842822
1715019227,25.2987698331962,15.2671056265309,35500.4299226139
1715019237,25.0847362474626,15.2529672566159,35500.4299226139
1715019247,25.0847362474626,15.2529672566159,35468.5258787219
1715019257,24.8453503345646,15.2377782647327,35388.4785164482
1715019267,24.8365783739582,15.2239350695612,35388.4785164482
1715019277,24.8365783739582,15.2239350695612,35238.2442378035
1715019287,24.8035087719316,15.2132562476986,35181.4809055162
1715019297,24.7125448682608,15.2049163104558,35181.4809055162
1715019307,24.7125448682608,15.2049163104558,35110.9910065721
1715019317,24.5245614035083,15.1968415301859,35096.9418348991
1715019327,24.3894736842081,15.189922434081,35096.9418348991
1715019337,24.3894736842081,15.189922434081,35034.3821813682
1715019347,24.304731963034,15.1832109608888,35069.8770537362
1715019357,24.1771929824545,15.1763669092103,35069.8770537362
1715019367,24.1771929824545,15.1763669092103,35134.437739989
1715019377,24.1105263157895,15.1679294142132,35231.0100765109
1715019387,23.9742177247856,15.159414373309,35231.0100765109
1715019397,23.9742177247856,15.159414373309,35355.0234951891
1715019407,23.7456140350884,15.1442028680979,35567.9479995517
1715019417,23.5192982456184,15.1345671637609,35567.9479995517
1715019427,23.5192982456184,15.1345671637609,35740.7243228867
1715019437,23.5140350877223,15.1253241919216,35888.4682196784
1715019447,23.5701754386004,15.1168666850776,35888.4682196784
1715019457,23.5701754386004,15.1168666850776,35938.6299403347
1715019467,23.582456140349,15.1111057746186,36100.2536041491
1715019477,23.3912280701761,15.1047169924595,36100.2536041491
1715019487,23.3912280701761,15.1047169924595,36107.5961941765
1715019497,23.1578947368408,15.099961677313,36079.3346686406
1715019507,23.1450747022774,15.1010072963194,36079.3346686406
1715019517,23.1450747022774,15.1010072963194,35930.4907056647
1715019527,23.0929824561421,15.0992012271265,35854.0784016412
1715019537,23.0067473920941,15.088439856395,35854.0784016412
1715019547,23.0067473920941,15.088439856395,35703.2186459489
1715019557,22.9651825783041,15.0761025527112,35543.4993131095
1715019567,22.8245614035053,15.084485015129,35543.4993131095
1715019577,22.8245614035053,15.084485015129,35325.7674830987
1715019587,22.7839395927732,15.093712978083,35203.1726662599
1715019597,22.6233500115787,15.1028083625506,35203.1726662599
1715019607,22.6233500115787,15.1028083625506,35084.9249884343
1715019617,22.547368421054,15.1126016601828,34943.2490647319
1715019627,22.3614035087683,15.1233555264717,34943.2490647319
1715019637,22.3614035087683,15.1233555264717,34773.2200939646
1715019647,22.2754385964892,15.1394250396234,34689.7845241211
1715019657,22.1280701754378,15.1550818084306,34689.7845241211
1715019667,22.1280701754378,15.1550818084306,34637.6483638381
1715019677,22.1380500915787,15.1740080127435,34614.1202838999
1715019687,21.9368421052624,15.1931243296031,34614.1202838999
1715019697,21.9368421052624,15.1931243296031,34537.7347905119
1715019707,21.7433104793684,15.2076129068409,34593.0280662791
1715019717,21.3122807017537,15.2210533635912,34593.0280662791
1715019727,21.3122807017537,15.2210533635912,34577.1838416429
1715019737,21.1070175438592,15.2353443238397,34595.2252008304
1715019747,20.8877192982481,15.2477441645454,34595.2252008304
1715019757,20.8877192982481,15.2477441645454,34536.6956213437
1715019767,20.8543859649105,15.2577650969374,34593.4562545192
1715019777,20.7809797158617,15.2681412396138,34593.4562545192
1715019787,20.7809797158617,15.2681412396138,34541.3510791997
1715019797,20.7421052631601,15.285258873253,34389.5792117723
1715019807,20.6783907255507,15.3025641179578,34389.5792117723
1715019817,20.6783907255507,15.3025641179578,34151.433612704
1715019827,20.659649122809,15.3214402926532,33947.0144875209
1715019837,20.533333333336,15.3399637585451,33947.0144875209
1715019847,20.533333333336,15.3399637585451,33823.5919705765
1715019857,20.5087719298242,15.3578818660647,33782.7463218903
1715019867,20.4192982456101,15.3725330395594,33782.7463218903
1715019877,20.4192982456101,15.3725330395594,33811.614083219
1715019887,20.4257573737322,15.3842149552535,33874.0704015865
1715019897,20.3649122807024,15.3943559587276,33874.0704015865
1715019907,20.3649122807024,15.3943559587276,33927.7783958171
1715019917,20.3233661518181,15.4035814202008,33969.4312534511
1715019927,20.2689805685582,15.4101503089829,33969.4312534511
1715019937,20.2689805685582,15.4101503089829,33984.3237087158
1715019947,20.3070175438616,15.4162664297264,34068.4403952378
1715019957,20.2421052631574,15.4231830243504,34068.4403952378
1715019967,20.2421052631574,15.4231830243504,34057.3307212502
1715019977,20.2947368421056,15.4299470286409,34090.1254773595
1715019987,20.2543859649146,15.4387722531739,34090.1254773595
1715019997,20.2543859649146,15.4387722531739,34001.4645187059
1715020007,20.2894736842095,15.4514922834318,34044.4405059926
1715020017,20.0879996912295,15.4586064950451,34044.4405059926
1715020027,20.0879996912295,15.4586064950451,34008.275862069
1715020037,20.1406310855039,15.4657757392376,34016.6625273758
1715020047,20.2157894736832,15.4704860277284,34016.6625273758
1715020057,20.2157894736832,15.4704860277284,34021.1229946524
1715020067,20.2505973705175,15.4750637377327,34106.1167240132
1715020077,20.2157894736822,15.4795488929446,34106.1167240132
1715020087,20.2157894736822,15.4795488929446,34158.7825207275
1715020097,20.2543859649121,15.4858876454861,34304.026475455
1715020107,20.2771929824571,15.4918511758961,34304.026475455
1715020117,20.2771929824571,15.4918511758961,34364.3636856736
1715020127,20.3277906238285,15.4981749195524,34522.2075686792
1715020137,20.3458935231805,15.5106548076461,34522.2075686792
1715020147,20.3458935231805,15.5106548076461,34425.33608397
1715020157,20.3935410979581,15.52073827706,34272.1263395375
1715020167,20.3496817566227,15.5292408105599,34272.1263395375
1715020177,20.3496817566227,15.5292408105599,33962.5721243501
1715020187,20.8037866533801,15.5369903983158,33773.7178076161
1715020197,21.0032315902874,15.5430414805565,33773.7178076161
1715020207,21.0032315902874,15.5430414805565,33659.6189439303
1715020217,21.1681444496296,15.5477492675664,33630.7101212947
1715020227,21.1403508771898,15.5511112578647,33630.7101212947
1715020237,21.1403508771898,15.5511112578647,33770.8453773291
1715020247,21.2002764902608,15.5514389518595,33973.9853388164
1715020257,21.287719298245,15.5503633150825,33973.9853388164
1715020267,21.287719298245,15.5503633150825,34101.1315731085
1715020277,21.335087719299,15.546215859789,34089.5449283106
1715020287,21.284210526317,15.5435868033876,34089.5449283106
1715020297,21.284210526317,15.5435868033876,34014.9892933619
1715020307,21.3891978568336,15.5470663632871,33995.3771613993
1715020317,21.3330573089699,15.5462183612698,33995.3771613993
1715020327,21.3330573089699,15.5462183612698,33994.248616618
1715020337,21.3195743172835,15.548812396939,34038.7863896628
1715020347,21.664912280702,15.5344438907833,34038.7863896628
1715020357,21.664912280702,15.5344438907833,34156.862745098
1715020367,21.9087719298254,15.5218464330884,34324.195199636
1715020377,22.0999999999973,15.5094891175576,34324.195199636
1715020387,22.0999999999973,15.5094891175576,34377.3269374642
1715020397,22.1403508771934,15.4916860781583,34374.6814307057
1715020407,22.1769199190169,15.4757491434929,34374.6814307057
1715020417,22.1769199190169,15.4757491434929,34340.2865711429
1715020427,22.2541131723283,15.4623111882234,34395.9813228883
1715020437,22.3769206207762,15.4498087868018,34395.9813228883
1715020447,22.3769206207762,15.4498087868018,34330.2519888005
1715020457,22.7257735141974,15.4382819629221,34169.7290496128
1715020467,22.3120081123095,15.4287888429951,34169.7290496128
1715020477,22.3120081123095,15.4287888429951,33902.7777777778
1715020487,22.1067442341881,15.419783511839,33730.6546314959
1715020497,21.9087719298276,15.4170193754703,33730.6546314959
1715020507,21.9087719298276,15.4170193754703,33597.9794703061
1715020517,21.8689693405682,15.4144228383203,33560.0378919156
1715020527,21.7506026336908,15.4127893713078,33560.0378919156
1715020537,21.7506026336908,15.4127893713078,33571.9285809224
1715020547,21.5929824561426,15.4124941965644,33643.180935112
1715020557,21.5210526315771,15.4136423762868,33643.180935112
1715020567,21.5210526315771,15.4136423762868,33608.2852761399
1715020577,21.5877192982445,15.4140401117462,33463.0573673783
1715020587,21.4789473684205,15.4085643701071,33463.0573673783
1715020597,21.4789473684205,15.4085643701071,33207.6724955944
1715020607,21.4368421052668,15.4017228199094,33005.2435122645
1715020617,21.2734079768698,15.3966147959592,33005.2435122645
1715020627,21.2734079768698,15.3966147959592,32750.6882159666
1715020637,20.840350877189,15.3917994452716,32474.7520777727
1715020647,20.4915070473461,15.388404935722,32474.7520777727
1715020657,20.4915070473461,15.388404935722,32098.8010657194
1715020667,20.3280701754378,15.3846076877511,31789.7648064037
1715020677,20.1438596491202,15.3825889926837,31789.7648064037
1715020687,20.1438596491202,15.3825889926837,31035.0502341228
1715020697,20.0350877192949,15.3782964514993,30797.8922241989
1715020707,19.8245614035101,15.3759550653987,30797.8922241989
1715020717,19.8245614035101,15.3759550653987,30570.039299274
1715020727,19.5962091095058,15.3745192153755,30810.9526080735
1715020737,19.1599327721691,15.3667246009638,30810.9526080735
1715020747,19.1599327721691,15.3667246009638,30643.9268630694
1715020757,19.0391646374396,15.3595578582521,30570.995091477
1715020767,18.9406352960202,15.3523861125787,30570.995091477
1715020777,18.9406352960202,15.3523861125787,30527.1750221073
1715020787,18.9330488878899,15.3452819068889,30570.907353516
1715020797,18.8608341111157,15.3406041376495,30570.907353516
1715020807,18.8608341111157,15.3406041376495,30606.6899917545
1715020817,18.8651969642248,15.3363466171974,30753.5200439319
1715020827,18.8037936708975,15.3334023742055,30753.5200439319
1715020837,18.8037936708975,15.3334023742055,30898.8474576271
1715020847,18.8157894736842,15.3322667018875,31115.0344460935
1715020857,18.736842105263,15.3122548548741,31115.0344460935
1715020867,18.736842105263,15.3122548548741,31221.0637921894
1715020877,18.7070175438592,15.2909747570562,31266.7143048546
1715020887,18.6877192982419,15.269639626659,31266.7143048546
1715020897,18.6877192982419,15.269639626659,31203.7111200107
1715020907,18.7298245614026,15.2481544074092,31219.1160748812
1715020917,18.6877192982457,15.2327878103837,31219.1160748812
1715020927,18.6877192982457,15.2327878103837,31162.3871393966
1715020937,18.7403508771917,15.2134888854202,31055.8178902352
1715020947,18.62456140351,15.2126658982117,31055.8178902352
1715020957,18.62456140351,15.2126658982117,30903.5471436615
1715020967,18.6561403508798,15.2121405872277,30725.3277817151
1715020977,18.7792323535708,15.217163560828,30725.3277817151
1715020987,18.7792323535708,15.217163560828,30577.6050961169
1715020997,18.787719298245,15.2224466884396,30336.0815068034
1715021007,18.8333333333324,15.2273696028049,30336.0815068034
1715021017,18.8333333333324,15.2273696028049,30171.8904434536
1715021027,18.8663819873022,15.2298035436979,30076.9992735918
1715021037,18.8696061025011,15.2315345684645,30076.9992735918
1715021047,18.8696061025011,15.2315345684645,29979.0109644216
1715021057,19.0333333333285,15.2385612282471,29938.8428237665
1715021067,19.2248448251062,15.2436392344268,29938.8428237665
1715021077,19.2248448251062,15.2436392344268,29912.4782608696
1715021087,19.2374088602883,15.2466209996318,29945.5642396819
1715021097,19.2385964912287,15.2433615700495,29945.5642396819
1715021107,19.2385964912287,15.2433615700495,29822.083766009
1715021117,19.1926989217502,15.2400596152923,29577.24521475
1715021127,19.1175438596519,15.2360497414469,29577.24521475
1715021137,19.1175438596519,15.2360497414469,29257.2135738944
1715021147,18.9771929824584,15.2307991330868,29023.4557726149
1715021157,18.9441440556367,15.2241201791461,29023.4557726149
1715021167,18.9441440556367,15.2241201791461,28869.0822770636
1715021177,18.863157894742,15.2199877327378,28754.104812086
1715021187,18.8105263157903,15.2199752253334,28754.104812086
1715021197,18.8105263157903,15.2199752253334,28643.4563758389
1715021207,18.7298245614026,15.2175562933256,28585.1133563889
1715021217,18.657609324946,15.2136689920433,28585.1133563889
1715021227,18.657609324946,15.2136689920433,28616.5423884364
1715021237,18.5877192982464,15.2092363679298,28682.1136554098
1715021247,18.5842105263133,15.2116653058611,28682.1136554098
1715021257,18.5842105263133,15.2116653058611,28794.2811755361
1715021267,18.4032224674462,15.2114701903527,28896.8434037491
1715021277,18.4035087719307,15.2094589997278,28896.8434037491
1715021287,18.4035087719307,15.2094589997278,28958.5310138816
1715021297,18.4491228070182,15.2027650369018,28916.3730431292
1715021307,18.4268882323643,15.1955307542065,28916.3730431292
1715021317,18.4268882323643,15.1955307542065,28857.3244220445
1715021327,18.3684210526285,15.1913432752189,28851.8751686303
1715021337,18.2067305499322,15.1885816403311,28851.8751686303
1715021347,18.2067305499322,15.1885816403311,28897.9273803958
1715021357,17.9242734185036,15.1849695019451,28893.7906644601
1715021367,17.899423855609,15.1814624257561,28893.7906644601
1715021377,17.899423855609,15.1814624257561,28894.7473625763
1715021387,17.8137467148964,15.1781904887694,28977.5051124744
1715021397,17.8526315789471,15.1727547708243,28977.5051124744
1715021407,17.8526315789471,15.1727547708243,29102.4149479993
1715021417,17.8578947368416,15.1666611634088,29250.6788941815
1715021427,17.943859649122,15.1593793525767,29250.6788941815
1715021437,17.943859649122,15.1593793525767,29387.6646062886
1715021447,17.9207646342615,15.1503815258633,29545.4137296278
1715021457,17.9789473684184,15.166533587884,29545.4137296278
1715021467,17.9789473684184,15.166533587884,29548.2191301304
1715021477,17.9140350877213,15.1824355018171,29441.6156455094
1715021487,18.0000000000023,15.1974894137329,29441.6156455094
1715021497,18.0000000000023,15.1974894137329,29225.4602565221
1715021507,17.9771929824538,15.2113926444455,29121.2915260259
1715021517,18.0350877193007,15.2230195275603,29121.2915260259
1715021527,18.0350877193007,15.2230195275603,29012.9006158134
1715021537,18.0070175438596,15.2340410523029,29004.1937229437
1715021547,18.0315789473714,15.2435266677873,29004.1937229437
1715021557,18.0315789473714,15.2435266677873,28952.5882379339
1715021567,17.9719298245618,15.2517915606039,29052.9426140277
1715021577,17.8701754385979,15.2540879200487,29052.9426140277
1715021587,17.8701754385979,15.2540879200487,29017.1612441902
1715021597,17.9853893711561,15.259943886781,29011.746031746
1715021607,18.0298245614017,15.264183896867,29011.746031746
1715021617,18.0298245614017,15.264183896867,28896.9577135667
1715021627,18.0216279184008,15.2686840609641,28881.5322454629
1715021637,18.0789473684222,15.2731917295039,28881.5322454629
1715021647,18.0789473684222,15.2731917295039,28861.7791944364
1715021657,18.0701754385939,15.277997074268,28850.4589744146
1715021667,18.1000000000042,15.2829850271361,28850.4589744146
1715021677,18.1000000000042,15.2829850271361,28900.6372433325
1715021687,18.0438596491245,15.2871800105662,28972.800492936
1715021697,18.0371296942807,15.2907846445096,28972.800492936
1715021707,18.0371296942807,15.2907846445096,29066.8120584293
1715021717,17.9771929824544,15.2954799241151,29141.8966818359
1715021727,18.0052631578924,15.3005028977154,29141.8966818359
1715021737,18.0052631578924,15.3005028977154,29229.3482502927
1715021747,17.956140350875,15.3075770856347,29378.9334432131
1715021757,18.0456140350878,15.3167325056434,29378.9334432131
1715021767,18.0456140350878,15.3167325056434,29428.8345763321
1715021777,18.0000000000023,15.3243920400877,29409.372955166
1715021787,18.0561403508782,15.3321716456142,29409.372955166
1715021797,18.0561403508782,15.3321716456142,29307.7028258888
1715021807,17.9824561403464,15.3416797744265,29306.3588888401
1715021817,17.9964912280705,15.3521109496822,29306.3588888401
1715021827,17.9964912280705,15.3521109496822,29347.5023200018
1715021837,17.9561403508757,15.3634626699006,29479.7516735523
1715021847,18.0403508771901,15.3544773505916,29479.7516735523
1715021857,18.0403508771901,15.3544773505916,29629.6978132998
1715021867,18.0052631578911,15.345787206026,29885.3580396571
1715021877,17.9140350877188,15.3372246369851,29885.3580396571
1715021887,17.9140350877188,15.3372246369851,30025.9285056283
1715021897,18.0508771929836,15.3353060011527,30189.9086559374
1715021907,18.1046884539542,15.332479327762,30189.9086559374
1715021917,18.1046884539542,15.332479327762,30276.7497624757
1715021927,18.0964912280666,15.3255202079631,30461.4714466176
1715021937,18.1494100020722,15.3177230920705,30461.4714466176
1715021947,18.1494100020722,15.3177230920705,30644.834719838
1715021957,18.1286447112642,15.3099985191233,30813.9443620825
1715021967,18.1807017543862,15.3036797784288,30813.9443620825
1715021977,18.1807017543862,15.3036797784288,31007.5765991957
1715021987,18.1576075705529,15.2988043922002,31227.3856297701
1715021997,18.2333333333334,15.2937338904632,31227.3856297701
1715022007,18.2333333333334,15.2937338904632,31282.1979228622
1715022017,18.228644009516,15.2886608872452,31226.3447149447
1715022027,18.2912280701796,15.284243272017,31226.3447149447
1715022037,18.2912280701796,15.284243272017,30992.1297608407
1715022047,18.2409246250874,15.2818868770312,30832.1180443527
1715022057,18.2631578947353,15.2734618894385,30832.1180443527
1715022067,18.2631578947353,15.2734618894385,30541.920021304
1715022077,18.1982456140344,15.2681512455373,30257.764889785
1715022087,18.2210526315835,15.2639212413749,30257.764889785
1715022097,18.2210526315835,15.2639212413749,29939.3858119887
1715022107,18.1719298245636,15.2573598570354,29748.1421062171
1715022117,18.1789473684202,15.2512237244449,29748.1421062171
1715022127,18.1789473684202,15.2512237244449,29516.3416334885
1715022137,18.0894736842113,15.2462983085987,29278.0434733335
1715022147,18.0789473684203,15.2417180971135,29278.0434733335
1715022157,18.0789473684203,15.2417180971135,29019.8179617092
1715022167,17.9947368421033,15.2374830899893,28907.083279312
1715022177,17.8298245614037,15.2330679762419,28907.083279312
1715022187,17.8298245614037,15.2330679762419,28874.4448576867
1715022197,17.7561403508809,15.2279599522918,28924.3536407397
1715022207,17.8459022950818,15.227752329379,28924.3536407397
1715022217,17.8459022950818,15.227752329379,28982.1006416751
1715022227,17.7347990694705,15.2276547716248,29158.3953121478
1715022237,17.7555631969352,15.2334031746794,29158.3953121478
1715022247,17.7555631969352,15.2334031746794,29346.0199792072
1715022257,17.7087719298224,15.2327152674383,29624.2175791237
1715022267,17.7108150497693,15.2318197372845,29624.2175791237
1715022277,17.7108150497693,15.2318197372845,29877.9795311984
1715022287,17.6055522612237,15.2301412436162,30245.8005989843
1715022297,17.6046849451611,15.2287229039591,30245.8005989843
1715022307,17.6046849451611,15.2287229039591,30466.6577456622
1715022317,17.5368421052617,15.2261013520004,30550.3805726713
1715022327,17.5257370227156,15.2229669964619,30550.3805726713
1715022337,17.5257370227156,15.2229669964619,30443.741465635
1715022347,17.4912280701724,15.2177839280854,30409.6068282938
1715022357,17.5280701754373,15.212173106479,30409.6068282938
1715022367,17.5280701754373,15.212173106479,30365.2181478098
1715022377,17.5093508115693,15.2059144013256,30391.2211191737
1715022387,17.5578947368399,15.1993330051391,30391.2211191737
1715022397,17.5578947368399,15.1993330051391,30416.7116019239
1715022407,17.5403508771942,15.1909630501257,30498.69474802
1715022417,17.5912280701762,15.1814799361222,30498.69474802
1715022427,17.5912280701762,15.1814799361222,30492.3090311773
1715022437,17.5947368421093,15.1713514400525,30476.9906011704
1715022447,17.6649122807003,15.1767996654019,30476.9906011704
1715022457,17.6649122807003,15.1767996654019,30407.1348053842
1715022467,17.6456140350893,15.1828307357956,30417.8885304261
1715022477,17.6546748958752,15.190732913885,30417.8885304261
1715022487,17.6546748958752,15.190732913885,30305.1478838472
1715022497,17.5312895834723,15.1962436762564,30139.5203708657
1715022507,17.6830338032685,15.1881638930247,30139.5203708657
1715022517,17.6830338032685,15.1881638930247,29899.9160443639
1715022527,17.6339113409734,15.182112810784,29701.3734265118
1715022537,17.6403508771948,15.1772324215936,29701.3734265118
1715022547,17.6403508771948,15.1772324215936,29548.6035986312
1715022557,17.6087719298244,15.1793161551638,29475.4732931414
1715022567,17.6453250713151,15.1799165105743,29475.4732931414
1715022577,17.6453250713151,15.1799165105743,29421.0013372317
1715022587,17.568421052627,15.1785456990538,29452.793138472
1715022597,17.5561403508759,15.1773524926757,29452.793138472
1715022607,17.5561403508759,15.1773524926757,29394.2815012787
1715022617,17.5175438596489,15.1765119951011,29358.3700440529
1715022627,17.5356664163806,15.1756314738325,29358.3700440529
1715022637,17.5356664163806,15.1756314738325,29206.9701120517
1715022647,17.5146139325354,15.1831559283096,29138.7712326973
1715022657,17.5032193095447,15.1935871035653,29138.7712326973
1715022667,17.5032193095447,15.1935871035653,28973.4226841721
1715022677,17.4228070175466,15.2017294238189,28832.7785348853
1715022687,17.4315789473698,15.2083283303716,28832.7785348853
1715022697,17.4315789473698,15.2083283303716,28614.3954906753
1715022707,17.3423952898421,15.217223596369,28540.0495093272
1715022717,17.3315789473679,15.2257061180219,28540.0495093272
1715022727,17.3315789473679,15.2257061180219,28399.4463548087
1715022737,17.2368421052638,15.2328703592527,28297.6166453667
1715022747,17.217834323387,15.2398920160735,28297.6166453667
1715022757,17.217834323387,15.2398920160735,28120.879852618
1715022767,17.1628672381291,15.2466209996318,28028.971028971
1715022777,17.1403508771899,15.2533599891136,28028.971028971
1715022787,17.1403508771899,15.2533599891136,27900.0896351195
1715022797,16.9748559639051,15.255886484799,27872.4213986074
1715022807,17.0941550467,15.2565994068489,27872.4213986074
1715022817,17.0941550467,15.2565994068489,27850.6407037918
1715022827,17.0315789473675,15.257062180811,27907.1534553302
1715022837,17.0087719298273,15.2533224669004,27907.1534553302
1715022847,17.0087719298273,15.2533224669004,27871.5550736424
1715022857,16.9894736842112,15.2514163384724,27817.1760224903
1715022867,16.9654949789853,15.2500755447225,27817.1760224903
1715022877,16.9654949789853,15.2500755447225,27736.5143868388
1715022887,16.9807017543874,15.2495302218914,27728.5587583148
1715022897,16.9491228070196,15.2487647687431,27728.5587583148
1715022907,16.9491228070196,15.2487647687431,27667.107287581
1715022917,16.9526315789444,15.2509760778381,27630.2414804784
1715022927,17.2994196450503,15.2532724372829,27630.2414804784
1715022937,17.2994196450503,15.2532724372829,27552.0106939958
1715022947,17.4932719534309,15.2559990514385,27540.1867488719
1715022957,17.6125697804562,15.2565919024062,27540.1867488719
1715022967,17.6125697804562,15.2565919024062,27507.6997218024
1715022977,17.6684210526295,15.2572648007621,27485.8430003379
1715022987,17.7523429906757,15.2580052391016,27485.8430003379
1715022997,17.7523429906757,15.2580052391016,27512.736743506
1715023007,17.845614035086,15.2589808166435,27639.3628865511
1715023017,17.9722176413439,15.2598438275459,27639.3628865511
1715023027,17.9722176413439,15.2598438275459,27763.6813198836
1715023037,18.0962038463308,15.2609269687655,27837.1952535059
1715023047,18.1701754385996,15.260003922322,27837.1952535059
1715023057,18.1701754385996,15.260003922322,27888.8888888889
1715023067,18.2637314825877,15.2565793950018,27982.8811582723
1715023077,18.310526315788,15.2593810535837,27982.8811582723
1715023087,18.310526315788,15.2593810535837,28031.4796314796
1715023097,18.3350877192961,15.2614948049245,27969.6521427291
1715023107,18.5789473684181,15.28696238173,27969.6521427291
1715023117,18.5789473684181,15.28696238173,27837.8150327523
1715023127,18.613749521926,15.3102611746154,27750.0962562
1715023137,18.5982456140342,15.3320215567616,27750.0962562
1715023147,18.5982456140342,15.3320215567616,27706.0470448182
1715023157,18.6818854869134,15.3464275851304,27717.9560881774
1715023167,18.6807017543853,15.3612713726526,27717.9560881774
1715023177,18.6807017543853,15.3612713726526,27734.3461030383
1715023187,18.8596491228096,15.3764228423227,27828.9355591456
1715023197,18.9994315749615,15.3920595992828,27828.9355591456
1715023207,18.9994315749615,15.3920595992828,27838.4757896663
1715023217,18.7385964912277,15.4075712821991,27888.0957146352
1715023227,18.7310086386553,15.4224075652787,27888.0957146352
1715023237,18.7310086386553,15.4224075652787,27866.9574700109
1715023247,18.8119958315617,15.4268451923539,27909.6469960184
1715023257,18.7385964912289,15.4281384579671,27909.6469960184
1715023267,18.7385964912289,15.4281384579671,27913.625469181
1715023277,18.7245614035106,15.4275981380978,27980.4000178182
1715023287,18.6403508771936,15.4309851432048,27980.4000178182
1715023297,18.6403508771936,15.4309851432048,28083.7668981431
1715023307,18.5856792479984,15.4352076429246,28254.50291365
1715023317,18.5052631578928,15.4410085770776,28254.50291365
1715023327,18.5052631578928,15.4410085770776,28330.2996573474
1715023337,18.5403508771905,15.4484554856475,28415.4909363891
1715023347,18.4578947368426,15.4538461769367,28415.4909363891
1715023357,18.4578947368426,15.4538461769367,28472.1577474566
1715023367,18.4456140350851,15.460940376703,28544.8364735158
1715023377,18.2900470873927,15.4678694787314,28544.8364735158
1715023387,18.2900470873927,15.4678694787314,28571.1185900274
1715023397,18.0719298245637,15.4750487288475,28570.4868502369
1715023407,18.0634453914189,15.4793012463378,28570.4868502369
1715023417,18.0634453914189,15.4793012463378,28645.9980735199
1715023427,18.1859649122775,15.4839915229816,28728.568866571
1715023437,18.1438596491257,15.4869282615308,28728.568866571
1715023447,18.1438596491257,15.4869282615308,28773.5899020214
1715023457,18.1421052631572,15.4876862102365,28704.3749019959
1715023467,18.0017543859606,15.4884191441333,28704.3749019959
1715023477,18.0017543859606,15.4884191441333,28548.486334656
1715023487,17.8578947368416,15.4947053655764,28443.0284525864
1715023497,17.7122807017568,15.500191113139,28443.0284525864
1715023507,17.7122807017568,15.500191113139,28292.2886123046
1715023517,17.5438596491235,15.5027651369611,28200.4554801335
1715023527,17.3391765671829,15.5053066415318,28200.4554801335
1715023537,17.3391765671829,15.5053066415318,28023.2631389489
1715023547,17.3368421052625,15.5075954965339,27913.16810725
1715023557,17.2719298245577,15.5099218737493,27913.16810725
1715023567,17.2719298245577,15.5099218737493,27784.325651596
1715023577,17.3017543859635,15.5190097537742,27670.1143644355
1715023587,17.2403508771892,15.5281026367609,27670.1143644355
1715023597,17.2403508771892,15.5281026367609,27534.0472822792
1715023607,17.1842105263185,15.5341787338104,27499.9017960413
1715023617,17.0631578947378,15.5426137273266,27499.9017960413
1715023627,17.0631578947378,15.5426137273266,27546.3371186818
1715023637,17.0470773581646,15.5518391887997,27606.3492063492
1715023647,17.0087719298285,15.5610796591582,27606.3492063492
1715023657,17.0087719298285,15.5610796591582,27610.9820874244
1715023667,17.0280701754388,15.5720861750156,27635.8081962391
1715023677,16.9754385964922,15.5740873597169,27635.8081962391
1715023687,16.9754385964922,15.5740873597169,27660.3472360806
1715023697,16.9961999866706,15.5825498695227,27662.268196185
1715023707,16.8298245614074,15.5604868081904,27662.268196185
1715023717,16.8298245614074,15.5604868081904,27622.5703698888
1715023727,16.9333333333328,15.5483896466708,27673.4325466714
1715023737,16.8333333333348,15.5362524614572,27673.4325466714
1715023747,16.8333333333348,15.5362524614572,27656.8582675453
1715023757,16.8333333333367,15.5244829939324,27628.7243895277
1715023767,16.7707595034402,15.512218233194,27628.7243895277
1715023777,16.7707595034402,15.512218233194,27541.7315372639
1715023787,16.817543859646,15.5001385820406,27529.5047537318
1715023797,16.7701754385991,15.4877662576245,27529.5047537318
1715023807,16.7701754385991,15.4877662576245,27418.1589412901
1715023817,16.788889746598,15.4746960200439,27288.1355932203
1715023827,17.0473684210542,15.4623512119175,27288.1355932203
1715023837,17.0473684210542,15.4623512119175,27088.356044724
1715023847,17.3403508771937,15.4499613771353,27010.2886476845
1715023857,17.7192982456172,15.4375565334678,27010.2886476845
1715023867,17.7192982456172,15.4375565334678,26811.6546188301
1715023877,18.1526315789469,15.4270728271137,26604.169450755
1715023887,18.4368421052645,15.4125717424715,26604.169450755
1715023897,18.4368421052645,15.4125717424715,26354.5940241409
1715023907,18.7701754385955,15.39733021949,26216.0098798698
1715023917,19.0523475520971,15.3856007756592,26216.0098798698
1715023927,19.0523475520971,15.3856007756592,26118.9584448011
1715023937,19.2318623443406,15.3736962281671,26048.6448922863
1715023947,19.4435769950073,15.3643531970927,26048.6448922863
1715023957,19.4435769950073,15.3643531970927,25957.9215668739
1715023967,19.8052631578927,15.3533416782736,25955.3331108887
1715023977,19.9508771929795,15.3424377231321,25955.3331108887
1715023987,19.9508771929795,15.3424377231321,25881.9299990956
1715023997,20.2143150374913,15.3314362102365,25783.2187795077
1715024007,20.1824561403517,15.3210650705217,25783.2187795077
1715024017,20.1824561403517,15.3210650705217,25657.135274995
1715024027,20.475438596493,15.3135581264109,25589.8952718987
1715024037,20.5684210526312,15.3058760786386,25589.8952718987
1715024047,20.5684210526312,15.3058760786386,25484.7060396106
1715024057,20.801198604905,15.2986117781727,25296.7613420175
1715024067,21.1087719298277,15.2965205401598,25296.7613420175
1715024077,21.1087719298277,15.2965205401598,25129.659643436
1715024087,21.4631578947337,15.2879604725998,24946.3492063492
1715024097,21.6052631578924,15.2812164801563,24946.3492063492
1715024107,21.6052631578924,15.2812164801563,24777.5231908883
1715024117,21.5789473684192,15.2747651609753,24580.4456000359
1715024127,21.4684210526327,15.2684364143573,24580.4456000359
1715024137,21.4684210526327,15.2684364143573,24473.104778134
1715024147,21.1859649122772,15.2662826393225,24448.5530190643
1715024157,20.8736842105301,15.2640513183805,24448.5530190643
1715024167,20.8736842105301,15.2640513183805,24399.3659440513
1715024177,20.7122807017508,15.2553986960281,24326.0893210642
1715024187,20.4128392081456,15.2474639986872,24326.0893210642
1715024197,20.4128392081456,15.2474639986872,24217.7675929428
1715024207,20.1964912280726,15.2438768751101,24159.3373016771
1715024217,20.0037894603873,15.2382110209244,24159.3373016771
1715024227,20.0037894603873,15.2382110209244,24012.8526783749
1715024237,19.7891922427765,15.2316321262187,23821.464259543
1715024247,19.4859649122826,15.2251457863055,23821.464259543
1715024257,19.4859649122826,15.2251457863055,23472.1922662148
1715024267,19.3596491228061,15.2188495589389,23253.3210756148
1715024277,19.2155060193192,15.2133137817588,23253.3210756148
1715024287,19.2155060193192,15.2133137817588,22980.6213472778
1715024297,19.1315789473683,15.2015468157149,22832.1370273473
1715024307,18.9157894736829,15.2104520876359,22832.1370273473
1715024317,18.9157894736829,15.2104520876359,22611.4510781281
1715024327,18.8719298245607,15.2099968181163,22474.6971098527
1715024337,18.7321492480723,15.2011040535997,22474.6971098527
1715024347,18.7321492480723,15.2011040535997,22300.3620693485
1715024357,18.409058213829,15.1945101500088,22173.615201693
1715024367,18.000000000003,15.1882114211613,22173.615201693
1715024377,18.000000000003,15.1882114211613,21966.0561768073
1715024387,17.8754385964892,15.1828807654131,21882.5009548202
1715024397,17.6005782415593,15.1786507612507,21882.5009548202
1715024407,17.6005782415593,15.1786507612507,21648.9676162116
1715024417,17.4912280701769,15.1817550990186,21481.5391112988
1715024427,17.3543859649133,15.1843816539391,21481.5391112988
1715024437,17.3543859649133,15.1843816539391,21253.3467936619
1715024447,17.3385964912258,15.1873334013736,21157.6069908134
1715024457,17.3315789473705,15.1895422089877,21157.6069908134
1715024467,17.3315789473705,15.1895422089877,20967.6425967439
1715024477,17.3856750374579,15.1930042585211,20756.7260408698
1715024487,17.1877192982439,15.1973068056289,20756.7260408698
1715024497,17.1877192982439,15.1973068056289,20447.4425365676
1715024507,17.0751476320998,15.2038031514657,20254.7093087152
1715024517,16.8807017543875,15.2058618702272,20254.7093087152
1715024527,16.8807017543875,15.2058618702272,20044.6496615412
1715024537,16.7315789473663,15.2065797952388,19901.2907788878
1715024547,16.4672528613861,15.20683994925,19901.2907788878
1715024557,16.4672528613861,15.20683994925,19710.5197936147
1715024567,16.2245614035074,15.2074052839281,19608.5017638054
1715024577,16.026610432945,15.2081082000544,19608.5017638054
1715024587,16.026610432945,15.2081082000544,19484.6163945906
1715024597,15.8596491228086,15.2105796631606,19329.3449516625
1715024607,15.577192982455,15.2125608360149,19329.3449516625
1715024617,15.577192982455,15.2125608360149,19163.4041616206
1715024627,15.3257215840112,15.2116202792053,19095.0367439231
1715024637,15.0809997157903,15.2110124193523,19095.0367439231
1715024647,15.0809997157903,15.2110124193523,18931.0827278061
1715024657,15.1146307745198,15.2034729559899,18771.6262196084
1715024667,14.8935796941794,15.1990253229912,18771.6262196084
1715024677,14.8935796941794,15.1990253229912,18558.5885486019
1715024687,14.7222085769014,15.1968665449946,18509.0933584804
1715024697,14.4403508771939,15.1940623849319,18509.0933584804
1715024707,14.4403508771939,15.1940623849319,18339.5867859905
1715024717,14.2105263157895,15.1974243752301,18204.4206236712
1715024727,13.9122807017562,15.2025924347214,18204.4206236712
1715024737,13.9122807017562,15.2025924347214,18003.5652977684
1715024747,13.5456140350882,15.2035104782031,17970.7578984736
1715024757,13.2736842105269,15.2035980300338,17970.7578984736
1715024767,13.2736842105269,15.2035980300338,17897.0623514274
1715024777,13.1859649122794,15.2037080951924,17816.9502134985
1715024787,13.116094329492,15.2033403775035,17816.9502134985
1715024797,13.116094329492,15.2033403775035,16680.1570924582
1715024807,12.7912280701767,15.1949979387798,10933.8906457566
1715024817,12.2775007806983,15.1942950226534,8737.81391147245
1715024827,12.2775007806983,15.1942950226534,5659.6116929507
1715024837,11.7993810482878,15.194222479708,45.8
1715024847,11.9228070175437,15.1945901973969,43.5328187400977
1715024857,11.9228070175437,15.1945901973969,11946.8083051666
1715024867,12.2312709869134,15.1946002033204,22835.885235568
1715024877,12.5038157760844,15.1942174767462,18892.7983539095
1715024887,12.5038157760844,15.1942174767462,24614.090554818
1715024897,12.7631578947362,15.1937096761283,33978.991216155
1715024907,13.0228070175457,15.1923288586843,33978.991216155
1715024917,13.0228070175457,15.1923288586843,33371.4574454062
1715024927,13.2520228212123,15.1912131982134,32777.4988336184
1715024937,13.3221987522685,15.1981222883947,32777.4988336184
1715024947,13.3221987522685,15.1981222883947,32435.1898678511
1715024957,13.6453110361789,15.1963162192018,32048.3950617284
1715024967,13.8438596491241,15.1978996565967,32048.3950617284
1715024977,13.8438596491241,15.1978996565967,31817.2026190529
1715024987,14.082456140349,15.2048287586251,31617.8870681923
1715024997,14.3175438596518,15.2126483878456,31617.8870681923
1715025007,14.3175438596518,15.2126483878456,31420.5595085517
1715025017,14.502354369443,15.2169109112595,31206.3732253327
1715025027,14.7830541540063,15.2060870035061,31206.3732253327
1715025037,14.7830541540063,15.2060870035061,31131.1372689433
1715025047,14.9505787739615,15.1983549261163,31169.2307692308
1715025057,15.1842105263189,15.191483358148,31169.2307692308
1715025067,15.1842105263189,15.191483358148,31165.0817632421
1715025077,15.3853711254103,15.1833060171622,31248.3285795779
1715025087,15.9140350877166,15.178400613163,31248.3285795779
1715025097,15.9140350877166,15.178400613163,31461.3700205702
1715025107,16.576900269829,15.1721344035669,31757.2723463379
1715025117,17.411105886974,15.1657331140035,31757.2723463379
1715025127,17.411105886974,15.1657331140035,31841.2269231622
1715025137,17.7333333333324,15.1592167563198,31824.4087707289
1715025147,17.76315789474,15.1525853305157,31824.4087707289
1715025157,17.76315789474,15.1525853305157,31847.4652109714
1715025167,17.7733956961229,15.149313393529,31852.3110865968
1715025177,17.8353760162238,15.1529855674559,31852.3110865968
1715025187,17.8353760162238,15.1529855674559,31890.3849713122
1715025197,17.8017543859658,15.1555821046059,31774.3339253996
1715025207,17.8719298245619,15.15947440885,31774.3339253996
1715025217,17.8719298245619,15.15947440885,31689.6152990883
1715025227,17.8964912280705,15.163146582777,31544.2606689237
1715025237,17.8646240864025,15.1666136352721,31544.2606689237
1715025247,17.8646240864025,15.1666136352721,31414.0343817763
1715025257,17.9929824561387,15.1781879872885,31342.169197397
1715025267,18.0052631578968,15.1809446192146,31342.169197397
1715025277,18.0052631578968,15.1809446192146,31299.4057459452
1715025287,17.959649122803,15.1813323487505,31391.8970087088
1715025297,18.0450389125513,15.1811072154715,31391.8970087088
1715025307,18.0450389125513,15.1811072154715,31448.4154049016
1715025317,18.038021319444,15.1745683444599,31458.5503862044
1715025327,18.1228070175437,15.1651652778445,31458.5503862044
1715025337,18.1228070175437,15.1651652778445,31373.8608530638
1715025347,18.1087719298254,15.1556221283,31424.8869171886
1715025357,18.1651994203531,15.1541087323696,31424.8869171886
1715025367,18.1651994203531,15.1541087323696,31483.0525185688
1715025377,18.1438596491257,15.1521350639579,31508.1117867884
1715025387,18.1631578947341,15.1498387045131,31508.1117867884
1715025397,18.1631578947341,15.1498387045131,31459.2997223963
1715025407,17.9976701590902,15.1551768647039,31446.019293735
1715025417,17.7301132276744,15.1530155852264,31446.019293735
1715025427,17.7301132276744,15.1530155852264,31376.6705239035
1715025437,17.5736842105235,15.1502739621856,31209.4330782446
1715025447,17.4947368421048,15.14691947633,31209.4330782446
1715025457,17.4947368421048,15.14691947633,31050.9216433906
1715025467,17.3751486847369,15.1437325896931,31038.0449025946
1715025477,17.3336233907924,15.1408308718761,31038.0449025946
1715025487,17.3336233907924,15.1408308718761,31131.5269733484
1715025497,17.3198784569935,15.138804672366,31283.0835494221
1715025507,17.3087719298252,15.1375964571026,31283.0835494221
1715025517,17.3087719298252,15.1375964571026,31482.5786680287
1715025527,17.2473684210529,15.1362456574292,31665.9023619243
1715025537,17.1754385964889,15.1364883010742,31665.9023619243
1715025547,17.1754385964889,15.1364883010742,31753.9868406379
1715025557,17.1824561403468,15.1491633046764,31713.5948657688
1715025567,17.337422193529,15.16586569249,31713.5948657688
1715025577,17.337422193529,15.16586569249,31456.4016810051
1715025587,17.2385964912272,15.1759691737509,31215.6410951477
1715025597,17.2719298245654,15.1849770063878,31215.6410951477
1715025607,17.2719298245654,15.1849770063878,31051.0060627361
1715025617,17.2491228070143,15.1952305765013,31049.3105549412
1715025627,17.2666666666657,15.2198626586939,31049.3105549412
1715025637,17.2666666666657,15.2198626586939,31037.2153545869
1715025647,17.1698848066138,15.2410627091238,31102.1512590009
1715025657,17.1473684210497,15.2631933104398,31102.1512590009
1715025667,17.1473684210497,15.2631933104398,30962.6528588741
1715025677,17.0614035087739,15.2846535148808,30802.87003819
1715025687,17.0388875828523,15.3025366016682,30802.87003819
1715025697,17.0388875828523,15.3025366016682,30396.4047320071
1715025707,16.9546773520085,15.3195016449738,30190.8949468985
1715025717,16.9298245614073,15.3357737780766,30190.8949468985
1715025727,16.9298245614073,15.3357737780766,30035.2999848219
1715025737,16.8298245614029,15.3585722747867,29918.5973700689
1715025747,16.8192982456132,15.3812957270704,29918.5973700689
1715025757,16.8192982456132,15.3812957270704,29777.621269478
1715025767,16.722514815844,15.4003770231978,29795.5767814501
1715025777,16.6400583861708,15.4122690632855,29795.5767814501
1715025787,16.6400583861708,15.4122690632855,29768.3809350967
1715025797,16.5128665763773,15.4232555672958,29790.4110209816
1715025807,16.440937256576,15.4328637553432,29790.4110209816
1715025817,16.440937256576,15.4328637553432,29778.0796294647
1715025827,16.32105263158,15.4422543145542,29932.999631628
1715025837,16.3140350877221,15.4516198589565,29932.999631628
1715025847,16.3140350877221,15.4516198589565,30006.0980959902
1715025857,16.1380079860232,15.4596871347838,29948.9054310003
1715025867,16.2333333333344,15.4679920512944,29948.9054310003
1715025877,16.2333333333344,15.4679920512944,29875.3989993888
1715025887,16.1017543859609,15.4763469974225,29957.846456263
1715025897,16.0263157894766,15.4848695427693,29957.846456263
1715025907,16.0263157894766,15.4848695427693,30159.4870325893
1715025917,15.9508771929822,15.4932670140723,30265.1842522421
1715025927,15.9754385964896,15.5025900332997,30265.1842522421
1715025937,15.9754385964896,15.5025900332997,30316.5808538752
1715025947,15.9526315789468,15.4942250812481,30377.2440400526
1715025957,15.966666666667,15.4797615188191,30377.2440400526
1715025967,15.966666666667,15.4797615188191,30365.4432164461
1715025977,15.9505822827446,15.4671790700094,30354.6635388158
1715025987,16.0380072842594,15.456660342923,30354.6635388158
1715025997,16.0380072842594,15.456660342923,30230.2907310187
1715026007,16.0035087719249,15.4465043305637,30202.3665781212
1715026017,16.0175438596509,15.4374664801563,30202.3665781212
1715026027,16.0175438596509,15.4374664801563,30096.5159344437
1715026037,16.0175438596471,15.4355953724605,30148.0999596213
1715026047,16.0701754385956,15.434164525399,30148.0999596213
1715026057,16.0701754385956,15.434164525399,30218.0396315196
1715026067,16.0438596491204,15.4354527880505,30346.1521222715
1715026077,16.0748496480666,15.437288875014,30346.1521222715
1715026087,16.0748496480666,15.437288875014,30423.1026935275
1715026097,16.0678320549625,15.4400805276724,30475.8531007578
1715026107,16.0754385964914,15.4415288851,30475.8531007578
1715026117,16.0754385964914,15.4415288851,30537.0074846598
1715026127,15.9701754385931,15.44292721291,30604.1739740442
1715026137,15.996785976189,15.4503641155564,30604.1739740442
1715026147,15.996785976189,15.4503641155564,30567.1213525802
1715026157,15.8350877192967,15.4518049685414,30497.4164504469
1715026167,15.9631578947397,15.446031550678,30497.4164504469
1715026177,15.9631578947397,15.446031550678,30358.7581448831
1715026187,15.9456140350876,15.4403356787218,30387.778868769
1715026197,15.9543859649127,15.434001929142,30387.778868769
1715026207,15.9543859649127,15.434001929142,30384.0445672753
1715026217,15.8982456140381,15.4237108368154,30263.2015606431
1715026227,15.894736842105,15.4143753101836,30263.2015606431
1715026237,15.894736842105,15.4143753101836,29988.2570403392
1715026247,15.8350877192961,15.4064531202472,29721.1059352476
1715026257,15.8266111346989,15.3976354001569,29721.1059352476
1715026267,15.8266111346989,15.3976354001569,29644.4772106336
1715026277,15.69503264901,15.3894655636136,29661.1492816989
1715026287,15.7333333333379,15.3806728583321,29661.1492816989
1715026297,15.7333333333379,15.3806728583321,29832.7139970011
1715026307,15.6754385964903,15.3718901589741,29929.5623377786
1715026317,15.6649122807019,15.3657690352689,29929.5623377786
1715026327,15.6649122807019,15.3657690352689,29972.271772755
1715026337,15.6070175438589,15.3556330347566,29841.6475768966
1715026347,15.7929824561424,15.3518758104798,29841.6475768966
1715026357,15.7929824561424,15.3518758104798,29212.0595456657
1715026367,15.8669618703109,15.3481711173015,29064.1377806845
1715026377,15.9315789473699,15.3448341418119,29064.1377806845
1715026387,15.9315789473699,15.3448341418119,28942.5307791457
1715026397,15.9848001066673,15.3422801298369,29287.3164579768
1715026407,16.2251492972017,15.339883711157,29287.3164579768
1715026417,16.2251492972017,15.339883711157,29225.5305881567
1715026427,16.236548198414,15.3375448265373,29254.5324640529
1715026437,16.3578947368443,15.3352459656116,29254.5324640529
1715026447,16.3578947368443,15.3352459656116,29256.5008892991
1715026457,16.2967849235596,15.3329796239374,29194.9639631421
1715026467,16.3842105263138,15.330065398716,29194.9639631421
1715026477,16.3842105263138,15.330065398716,29084.448382809
1715026487,16.5912280701735,15.3356386981093,29101.1704767552
1715026497,16.6929824561387,15.3414396322623,29101.1704767552
1715026507,16.6929824561387,15.3414396322623,29218.1735020582
1715026517,16.7350877193013,15.3471204953332,29370.4811211283
1715026527,16.875438596491,15.3529539487376,29370.4811211283
1715026537,16.875438596491,15.3529539487376,29497.2777579436
1715026547,16.9733928890966,15.3562308886861,29638.9092932666
1715026557,17.1280701754407,15.3599505907497,29638.9092932666
1715026567,17.1280701754407,15.3599505907497,29611.5264797508
1715026577,17.1581854098731,15.3669197164722,29553.3078063788
1715026587,17.32807017544,15.3757399380433,29553.3078063788
1715026597,17.32807017544,15.3757399380433,29385.334527424
1715026607,17.3228070175442,15.3830042385092,29347.4001168487
1715026617,17.4473684210515,15.3891578814658,29347.4001168487
1715026627,17.4473684210515,15.3891578814658,29192.9871282734
1715026637,17.2839202944566,15.3894680650945,28951.3267423955
1715026647,17.2999999999976,15.3924073051246,28951.3267423955
1715026657,17.2999999999976,15.3924073051246,28588.4753119913
1715026667,17.2649122807011,15.393738092951,28277.35811659
1715026677,17.2526315789487,15.3945185549846,28277.35811659
1715026687,17.2526315789487,15.3945185549846,27990.8752496822
1715026697,17.0614035087726,15.3934654315355,27665.0839865622
1715026707,17.0140350877211,15.3955991947233,27665.0839865622
1715026717,17.0140350877211,15.3955991947233,27331.9724533973
1715026727,16.9807017543887,15.3936705529674,27133.744304476
1715026737,16.919006733358,15.3847202543906,27133.744304476
1715026747,16.919006733358,15.3847202543906,26927.7079566988
1715026757,16.8736842105289,15.3856558082385,26840.776611963
1715026767,16.6859649122795,15.3877095240382,26840.776611963
1715026777,16.6859649122795,15.3877095240382,26675.4456260423
1715026787,16.7491228070197,15.3915517986648,26631.1413454271
1715026797,16.6982456140332,15.3940482765797,26631.1413454271
1715026807,16.6982456140332,15.3940482765797,26563.0312384513
1715026817,16.6421052631606,15.3962370723468,26703.545204739
1715026827,16.5304103129065,15.3988411139395,26703.545204739
1715026837,16.5304103129065,15.3988411139395,26752.2381428413
1715026847,16.4505840371332,15.399316395306,26901.4334926103
1715026857,16.4160827505855,15.4004620735476,26901.4334926103
1715026867,16.4160827505855,15.4004620735476,26928.3931913377
1715026877,16.2754385964894,15.4024732641724,26989.9476916079
1715026887,16.287719298245,15.3845851744233,26989.9476916079
1715026897,16.287719298245,15.3845851744233,26917.9434797412
1715026907,16.2526315789479,15.3741790139763,26955.2075826072
1715026917,16.2210526315801,15.3614789955654,26955.2075826072
1715026927,16.2210526315801,15.3614789955654,26995.8607255905
1715026937,16.1736842105299,15.3493668251605,27009.8495702006
1715026947,17.5491228070205,15.3303380601316,27009.8495702006
1715026957,17.5491228070205,15.3303380601316,27006.1246227587
1715026967,17.7503000021047,15.3005804436226,26955.9785042544
1715026977,18.0187229384045,15.2710004322559,26955.9785042544
1715026987,18.0187229384045,15.2710004322559,23799.8161845157
1715026997,17.8654886632377,15.2408525847302,19206.7664875986
1715027007,17.7722183430915,15.2100293373677,19206.7664875986
1715027017,17.7722183430915,15.2100293373677,14836.9168087509
1715027027,17.6105263157878,15.1807294918592,13396.897930489
1715027037,17.3403508771898,15.1528679978547,13396.897930489
1715027047,17.3403508771898,15.1528679978547,13396.6189856957
1715027057,17.10701754386,15.1240709500024,13383.8415592581
1715027067,16.7228070175445,15.0958767590414,13383.8415592581
1715027077,16.7228070175445,15.0958767590414,13320.9764918626
1715027087,16.4771929824546,15.059575268559,13372.184561557
1715027097,16.8704671211673,15.0245895570178,13372.184561557
1715027107,16.8704671211673,15.0245895570178,13372.7587431209
1715027117,16.6766082569035,14.9898489906025,13454.8647387023
1715027127,16.4052631578964,14.9553860885644,13454.8647387023
1715027137,16.4052631578964,14.9553860885644,13524.4814575007
1715027147,16.2046751205283,14.9453726606151,13699.7781081023
1715027157,15.9915228367622,14.9348214142773,13699.7781081023
1715027167,15.9915228367622,14.9348214142773,13724.4842806954
1715027177,15.8073129567989,14.9190570817924,13705.5440937623
1715027187,15.5146279675218,14.904643548981,13705.5440937623
1715027197,15.5146279675218,14.904643548981,13650.7417993739
1715027207,15.3087719298237,14.8904776627764,13725.2828869763
1715027217,14.999701753335,14.875798972992,13725.2828869763
1715027227,14.999701753335,14.875798972992,13734.283625731
1715027237,13.4070175438549,14.8586963482381,13782.0070733864
1715027247,12.8950424735339,14.8387445367657,13782.0070733864
1715027257,12.8950424735339,14.8387445367657,13783.4082914013
1715027267,12.4210526315776,14.8145176944751,13867.0089969579
1715027277,12.3523240432429,14.7914240230216,13867.0089969579
1715027287,12.3523240432429,14.7914240230216,13863.9042843318
1715027297,12.1944287523826,14.7701064029906,13876.7600236495
1715027307,12.1543859649146,14.7480108224069,13876.7600236495
1715027317,12.1543859649146,14.7480108224069,13876.5609882321
1715027327,12.3339485336937,14.7294773505915,18377.8946649361
1715027337,12.5491228070193,14.715168879977,18377.8946649361
1715027347,12.5491228070193,14.715168879977,23292.3281891862
1715027357,12.8526315789426,14.6909570465716,27665.0184302796
1715027367,13.2216616023774,14.6711728343179,27665.0184302796
1715027377,13.2216616023774,14.6711728343179,27426.9276550721
1715027387,12.8280701754372,14.6439942445928,27084.6379427025
1715027397,13.2052631578961,14.6253457046571,27084.6379427025
1715027407,13.2052631578961,14.6253457046571,26987.3689280007
1715027417,13.5473684210509,14.6077502881706,26980.5141422445
1715027427,13.7526315789498,14.5892593415302,26980.5141422445
1715027437,13.7526315789498,14.5892593415302,27154.0513280287
1715027447,14.0365404790891,14.5716664265245,27325.7787810384
1715027457,14.2014533384297,14.5535456990538,27325.7787810384
1715027467,14.2014533384297,14.5535456990538,27404.1500678545
1715027477,14.5064175888951,14.5354024582553,27423.8181303486
1715027487,14.7757376289923,14.5390696292205,27423.8181303486
1715027497,14.7757376289923,14.5390696292205,27350.05989618
1715027507,15.1374376320177,14.5355725589549,27325.8837046883
1715027517,15.3877192982461,14.5320929990554,27325.8837046883
1715027527,15.3877192982461,14.5320929990554,27217.9853545276
1715027537,15.8084765209723,14.5267648447881,27168.9867764634
1715027547,16.047368421056,14.5230051190305,27168.9867764634
1715027557,16.047368421056,14.5230051190305,27100.7133303611
1715027567,16.3804083523066,14.5346044858556,27096.1186296842
1715027577,16.7005845572992,14.5437874221539,27096.1186296842
1715027587,16.7005845572992,14.5437874221539,26970.2872531418
1715027597,16.9807017543842,14.5556419400285,26946.4144818413
1715027607,17.1836293588065,14.5688922842323,26946.4144818413
1715027617,17.1836293588065,14.5688922842323,26894.4491999737
1715027627,17.2476587801468,14.5809944487136,26981.9681043856
1715027637,17.2508771929853,14.5948801690601,26981.9681043856
1715027647,17.2508771929853,14.5948801690601,26969.0699475179
1715027657,17.1731029691436,14.607620211165,26886.7852232515
1715027667,17.1719298245616,14.6207729976146,26886.7852232515
1715027677,17.1719298245616,14.6207729976146,26735.5595472547
1715027687,17.0789473684176,14.6367799737445,26670.8284740802
1715027697,16.9824561403552,14.6501453860685,26670.8284740802
1715027707,16.9824561403552,14.6501453860685,26589.1292166312
1715027717,17.1508771929835,14.6661873829307,26512.5686998829
1715027727,17.0865467610746,14.6830198477499,26512.5686998829
1715027737,17.0865467610746,14.6830198477499,26335.0297780184
1715027747,17.1140350877205,14.696850535517,26314.8491413002
1715027757,17.063157894741,14.7097331620319,26314.8491413002
1715027767,17.063157894741,14.7097331620319,26156.9178601704
1715027777,17.0470773581659,14.7228509277492,25975.8693789184
1715027787,16.9646209284972,14.7317486952276,25975.8693789184
1715027797,16.9646209284972,14.7317486952276,25808.8351997178
1715027807,16.9631578947404,14.7471002833677,25717.8612563126
1715027817,16.7982456140351,14.7637176208315,25717.8612563126
1715027827,16.7982456140351,14.7637176208315,25698.9624758392
1715027837,16.7666666666641,14.7751869106511,25615.1106644235
1715027847,16.6052631578969,14.7886523822103,25615.1106644235
1715027857,16.6052631578969,14.7886523822103,25566.7604890492
1715027867,16.4783612516605,14.8107079390999,21518.7070964222
1715027877,15.8160848558454,14.8336365128156,18418.1712062257
1715027887,15.8160848558454,14.8336365128156,11133.753014757
1715027897,15.0964912280681,14.8552042809343,4111.72233002097
1715027907,14.4102260007897,14.8763092750909,3571.98070990376
1715027917,14.4102260007897,14.8763092750909,0
1715027927,13.7581973396581,14.8982972919969,36.3744663953142
1715027937,13.0912280701734,14.9163554824456,39.8330144372934
1715027947,13.0912280701734,14.9163554824456,0
1715027957,12.4839034522922,14.9362797776283,0
1715027967,11.7877192982486,14.9492099322799,0
1715027977,11.7877192982486,14.9492099322799,0
1715027987,11.2280701754348,14.9628880297136,0
1715027997,10.4105263157863,14.9695769895778,0
1715028007,10.4105263157863,14.9695769895778,40.0288417418664
1715028017,10.060772356297,14.9613771352641,0
1715028027,9.50526315789288,14.9540828170277,0
1715028037,9.50526315789288,14.9540828170277,0
1715028047,8.89298245613822,14.9494125522309,41.2900899276522
1715028057,8.242105263154,14.9434815410723,36.2033871509594
1715028067,8.242105263154,14.9434815410723,34.4076327849147
1715028077,7.63300923862736,14.9371953196292,45.2994411750161
1715028087,6.95295805979645,14.93320295615,0
1715028097,6.95295805979645,14.93320295615,0
1715028107,6.41754385964688,14.9294982629717,0
1715028117,5.77894736842083,14.9253357987929,0
1715028127,5.77894736842083,14.9253357987929,0
1715028137,5.24912280701789,14.9146044458319,43.0400563843533
1715028147,4.62982456139895,14.9049862518611,43.0400563843533
1715028157,4.62982456139895,14.9049862518611,0
1715028167,4.64385964912302,14.8925088652482,0
1715028177,4.61086101452254,14.8825254550694,0
1715028187,4.61086101452254,14.8825254550694,37.7094397101807
1715028197,4.65822926937404,14.8711612274466,44.3197213083027
1715028207,4.65931459408717,14.8628212902038,34.6982840259101
1715028217,4.65931459408717,14.8628212902038,0
1715028227,4.70559752422234,14.8541386500808,0
1715028237,4.65087719298155,14.8417938419545,0
1715028247,4.65087719298155,14.8417938419545,37.2372860685394
1715028257,4.70175438596224,14.83364902022,39.3622964204375
1715028267,4.64628318397757,14.8254816851576,0
1715028277,4.64628318397757,14.8254816851576,0
1715028287,4.68245614035002,14.81470280406,39.585989325612
1715028297,4.40877192982475,14.8056874669805,33.7266886356523
1715028307,4.40877192982475,14.8056874669805,40.2522356249863
1715028317,4.33508771930257,14.7945308622705,0
1715028327,4.4315789473707,14.786040836175,0
1715028337,4.4315789473707,14.786040836175,0
1715028347,4.48488080785484,14.776832885068,0
1715028357,4.45087719298356,14.7681527464259,0
1715028367,4.45087719298356,14.7681527464259,0
1715028377,4.49966491110522,14.7545571978611,0
1715028387,4.42280701754307,14.7417070905977,0
1715028397,4.42280701754307,14.7417070905977,0
1715028407,4.46666666666716,14.7240091133951,57.0691424216142
1715028417,4.44736842104984,14.7078745617406,61.0666666666667
1715028427,4.44736842104984,14.7078745617406,45.4824298321279
1715028437,4.49473684210893,14.6987516609833,50.9667197487448
1715028447,4.4593138923266,14.6880903494869,37.7467342481559
1715028457,4.4593138923266,14.6880903494869,0
1715028467,4.49791051898419,14.6726912332101,0
1715028477,4.44419493264902,14.6560088572435,0
1715028487,4.44419493264902,14.6560088572435,0
1715028497,4.46842105263116,14.6342384691738,33.8500766800318
1715028507,4.43475240263663,14.6134586675312,0
1715028517,4.43475240263663,14.6134586675312,0
1715028527,4.4736842105276,14.5925637977683,0
1715028537,4.42280701754499,14.5743104918111,0
1715028547,4.42280701754499,14.5743104918111,33.9466711138288
1715028557,4.46073305777974,14.5570477722812,52.6830390521654
1715028567,4.43859649123051,14.5395474120679,38.7257699706175
1715028577,4.43859649123051,14.5395474120679,0
1715028587,4.50701754386199,14.5275728231113,0
1715028597,4.47786331323806,14.5156082400781,0
1715028607,4.47786331323806,14.5156082400781,44.7167370450829
1715028617,9.23890992988326,14.5177970999858,44.7167370450829
